class,X2,C0,X6,C1,X10,C2,X17,C3,X3,C4,X4,C5,X7,C6,X5_1,C7,X13,C8,X15_1,C9
6,133.907313611284,-1.4682080489818652,2.989234888091512,0.27690337339068033,1.745602,-1.9918797685787333,18.008364802732,1.6659919398504972,3.0,0.22942936597664298,0.62535,0.4304814333347376,2.923792,-0.38835807343321854,0,-0.027716504538518302,1.536555,0.19116409933292716,0,0.3920111049898177
4,82.3656083324739,0.7145261304224901,1.8108044066614335,-0.6182299847722817,1.6084,-1.6502593768762857,22.3391895552681,-1.390566559092893,1.0,0.29670973903372366,2.0,1.706740379412819,2.598632,1.3244107691448663,0,-0.8915104797852247,0.292093,0.010643981667479607,0,0.16159064715363403
5,121.134487899663,-2.2384832691661116,2.811050071077799,0.2817973154537012,1.86741,-0.6725760948809061,23.2744848698403,0.5693180671535666,2.65772,0.5637104164363634,0.0,-0.5400558203067912,2.104696,-0.12579565870678072,1,0.7025961706728601,0.870056,-0.008144470956246123,0,-0.4105278709006736
3,79.1255209789559,0.4052465424278681,2.0,1.6505448477757607,1.8,-0.5100704175974285,17.6526450985229,-1.3389856955872876,1.0,1.324807974160948,1.0,-0.16575019523891807,2.0,0.540285621072759,1,0.18390730798340124,2.0,-0.07697437088919608,1,-0.32636877078105203
5,118.193322659323,-2.002026756245085,2.191108,0.6044172360573294,1.788586,-0.4157959075060989,24.5663247395705,0.10703523494471909,2.993856,0.7292683535027533,0.145284,-0.44373459335077076,2.444917,-0.27205881723602504,1,0.40491194342406434,1.3889620176574242,-0.046416062952444895,0,-0.08672839926589548
1,80.1618425472443,-0.22504317996331347,2.0,0.06322772399386291,1.7104406296450967,-0.48376520214113555,22.8391388420254,-1.520537076113173,1.729553,0.12690644610352936,1.011983,-0.026039091079556403,1.400247,0.7802683162631533,1,0.06756037143671449,0.887923,-0.1982466359061807,0,-0.5351077877705713
0,65.2266511970547,2.648550847317419,2.388168,-0.3606276430725262,1.616533,-1.114929060921399,16.5984330531202,0.031678771158333126,1.0,-0.014455994459490409,1.165817,2.006937419336068,1.9975969866193504,-0.0010721570045047427,0,-1.9757237439678523,0.110887,0.8639974604800662,0,-0.2286140048155331
6,133.853731600866,-1.4187665841906174,3.0,0.3603212558457879,1.746411,-2.1024260849174166,17.253462839668,1.5916920824787015,3.0,0.11085089816411797,0.786846,0.446218784157251,2.864933,-0.2814703835588254,0,-0.08376550518558262,1.501647,0.17855851257661287,0,0.39843988858687085
4,78.72501666103,0.6893867399903612,2.0,-2.1070415972427954,1.56,1.0927378150494995,41.0864325055962,-0.9432276499227851,1.0,0.2132349156433221,0.0,1.7284934790799906,2.0,-1.1541077878186854,0,-0.6010536267900621,2.0,0.5481710464310987,0,-0.7183807199333451
1,83.4840337260574,-1.8045152075078212,2.092607318459313,-1.9363678291861401,1.745528,3.656775615480601,51.7065640300207,-1.0554039141282434,3.0,-0.3141002146057058,0.0,-0.04875414014315067,1.774778,-1.2914868010619793,1,-0.00071598384848128,0.943266,0.24557667984529075,0,-0.019298443008692424
1,89.2703157722085,-1.0294040722276168,1.521604,0.0739800599193914,1.789193,-0.2858875479207003,24.7492877778041,-1.6396496398290712,2.174968,0.680162482455588,0.632467,-0.3197308792938876,2.0,0.877501782850485,1,0.23060377378213684,0.0,-0.37979775860544196,0,-0.33132770367150594
5,127.556736246898,-2.5992475624022933,2.499626,0.4679078126291588,1.886109,1.1029967515432944,31.8027905577652,1.1850273844780013,3.0,-0.9506036474760353,1.022505,-1.7346898321322446,1.125338,4.019796049217816,1,-0.27665482199946,0.94522,2.133606516662193,0,-4.633249129206226
2,48.6890801904686,1.6480254764400344,3.0,-0.4861221013696805,1.64603,-0.1629485533044622,24.2261218918727,0.826933058046383,3.590039,-0.9661282657956414,0.0,-0.7056113619693998,2.7305,-1.0097683736363603,0,0.15156673507068447,0.107078,1.0991754652628154,0,0.9757503728781179
0,62.6267260634597,2.4273822417248816,3.0,-2.2460594273581,1.55,-0.24051192981478212,27.7570557175947,0.0771280701606719,1.0,0.6791083695809653,0.0,-0.15774693641946344,1.0,0.3432923306620831,0,0.7407277782209137,1.0,-0.304768206190916,1,-0.468991245427088
4,106.180918468189,-1.6398334181242449,2.490776,0.49439361064452697,1.790151,-1.11973536894135,21.1829281156385,0.006604512759257441,3.0,0.4702333048888718,0.756339,-0.20628100750736467,2.654517,0.41775516818883623,1,0.20493979832996165,0.112454,-0.17717667596547054,0,0.10831679502854015
6,105.48264179811,0.19063619422595013,3.0,-2.0654961465499495,1.592529,-1.2652244968411512,26.543904197991,0.5219462770880806,3.0,-0.9356074939911115,0.845633,-0.2696437245418953,1.074412,0.6867541746436355,0,0.3185453540601738,0.006265,-0.4083986235137181,0,-0.09963266309883059
6,112.259550907845,-0.6451837310903131,3.0,-1.6062983814435892,1.643017,-1.3762848321738965,25.3917680806352,1.3711878160951796,3.0,0.3223578880532792,0.140792,0.22652078199465336,2.632498,-0.004041371721956366,0,0.3153201744260634,0.0,-0.14558023001093912,0,0.2882263702058266
1,77.2124612327865,-0.08410620061572688,2.938031,-1.8824258291443607,1.658202,2.341939649893477,30.1097082640245,0.9820924146156143,1.532833,0.07492276755704869,0.371941,1.8512221109257463,1.931242,1.8775095237651855,0,-1.9885724670302851,0.525002,0.8759451914527261,0,2.2909617283556245
1,78.9543345342799,-0.1305907739025031,2.1205463488780305,1.101566804906194,1.677178,-0.2307886679278771,21.5592941523734,-1.3211083630417686,2.961706,-0.733768377162943,1.114716,0.37762184178057295,1.9635255400501799,-0.6541135745019034,1,-0.7530554907977913,1.661556,0.11471430867731039,0,-0.2969034129729089
1,83.8540047443439,-0.426543303326453,3.0,1.0856120169116985,1.77,2.319241022737568,34.1506261732193,1.7820190217278693,3.0,-0.2739357688633326,1.0,-0.620933183942794,3.0,-1.4613244865821275,1,0.4305504186728473,2.0,1.5228525794597687,0,0.7010743772435845
6,172.781919785623,-2.189134401421156,3.0,1.8426569570124711,1.87,-1.260828502090654,18.3488776069015,1.2271834875792802,3.0,-0.6440494510795042,1.0,-1.353179407024189,2.0,0.03204408628597012,1,0.836867008868609,2.0,1.3168753375042441,0,0.31306812113236704
5,118.322604792107,-2.4362561118003323,2.230742,-1.405622018533992,1.768235,1.9063314873193618,37.3902280744546,-0.187366840301627,2.920373,0.4052174626076688,0.0,-0.6729120763997983,1.831187,-0.30605108820784704,1,0.6677129770932181,0.756277,-0.10764928107034305,0,0.18091257120775114
1,67.7146459107166,1.7581212355318987,2.493448,0.2338826448222987,1.6197409997054362,-0.25301522426141315,22.593490158453,0.17460674660220443,3.0,-1.4499325005306616,1.444532,0.9360402260673436,1.849997,-1.0590961246154504,0,-0.950674461412074,0.954459,-0.03733835976592492,0,-0.8880417748123861
4,91.4808129351283,-0.41648157980566053,2.0,0.11431287956571448,1.702825,-0.06656441116703317,22.4675710566161,-1.3543310679970808,3.0,-0.40595638704264375,0.335158,-0.10014141181379223,1.746197,-0.4414469300183378,1,-0.21772340768811707,0.455216,-0.19268027548611089,0,-0.6138460071701315
3,58.6338366754654,2.9191118733997996,1.0,2.2420539247015085,1.6743426399394765,3.570086360457978,20.1709164614082,1.1872056274241445,3.0,0.6915669591018688,0.0,0.47732405081891305,2.0,-0.021481234742691934,0,-1.612535120177936,3.0,-3.8775450795411968,1,1.3864017030241684
4,85.859021184891,0.8634171706329605,2.061969,0.7118673703533553,1.634832,-0.9358817934993527,16.3421686033757,-0.9996604380485079,3.0,-1.553661035595268,1.256119,0.3529415120061939,1.229171,-0.6924782046545056,0,-0.9260535163904535,2.392047,0.027255628663015372,0,-0.2603482723259143
6,105.187834292903,-0.35799819495047497,3.0,-1.56810617847946,1.618348,-1.3871064829941213,26.8392635365656,1.0872148404522874,3.0,-0.05630040639342896,0.670402,0.3453981965447973,2.45126,0.2545008176369376,0,0.09674396087426415,0.043689,-0.13903607581297822,0,0.3699838378081781
3,52.4996543854534,0.9895280921213279,2.0,0.38188954127656205,1.61,-0.9930303788176207,18.6840413749698,-0.41435282042904276,3.0,-0.3015271240604945,1.0,-0.0500981546697866,2.0,-0.06781599938092849,0,-0.39042271473440787,2.0,-0.1930004682505179,0,0.5242965076018894
5,111.853381754315,-1.5921077391744016,1.264234,0.46254884314558314,1.757154,0.13047013191198165,25.7020783430053,-1.095066454518119,3.0,0.7919602989105088,0.002168,-0.8443177229297075,2.0,-0.005712228039558143,1,0.43234972202173333,1.333435,-0.35178058387674754,0,-0.2328727140526712
4,90.1078288787285,0.16296629846053762,3.0,0.910060650517495,1.7,-0.5342195262755219,18.4812077659784,0.7932521543374341,3.0,0.9174895551211677,0.0,-1.2240730515347988,2.0,-0.47491134989230027,1,0.8304566834954038,2.0,-0.2648717321637756,1,0.08399401144582745
4,98.4324496349441,-0.7877169763773316,2.0,2.32667425251123,1.717262,-0.5141947086112735,21.3535687790728,-1.320259567910946,2.984523,-0.9920704015312565,2.0,0.8280060734574786,2.263551,-0.7196132190024626,1,-1.2647752791638025,2.819661,0.4318961037455657,0,-0.058717886641511924
3,47.5803905497424,2.5635595916097467,2.0,-0.6570111235861607,1.59,-0.927032974656474,23.5358487242472,-1.523863169252695,1.0,-0.6911874813028108,2.0,0.20367172086572746,1.8593936962801632,1.638627615185728,0,-0.21439715442308663,0.0,0.946614985118266,0,0.6785727258178654
2,54.5202888011368,-0.47664950164943354,2.0,2.8901030422846103,1.76,-0.5161251704757086,19.5132486709196,-1.1972081997754542,4.0,-0.9158858608471023,2.0,0.3921047777971201,3.0,-0.7596861523338495,1,-1.3527685389449344,2.0,0.2319955892489682,0,0.6614497746228746
0,68.8349110412792,2.1058999445344684,2.0,0.15229477746645553,1.6240648693614081,0.18041661638804773,22.4280722507196,-1.420368548575738,1.0,6.049489243088135,0.0,0.3698243089575207,2.069184,0.5006903810881435,1,0.9352435725926418,0.729898,0.275935941417893,1,-0.8720101850691824
1,85.4166414865602,-1.8294223169772412,2.802696,0.3707787434803345,1.769499,1.7859715065816537,34.474965077461,-0.054125449134420085,3.0,-0.32684118460171196,0.936925,0.8967486291755368,2.978465,-1.6348592425322448,1,-0.7560414498018079,1.974656,0.6971712022011388,0,0.5635526354679175
3,48.8711936376314,2.341764494776737,2.0,-1.1148914189131138,1.55,-0.5544607332349878,20.959024737735,-0.38388184929238767,3.0,0.8799055589828141,0.0,-1.0711617803699254,2.0,0.4692144077914927,0,0.5535643329918933,0.0,-0.8999904706879006,1,0.5321439086536289
4,96.358665631787,-1.6642450547293837,2.0,0.30845414163553303,1.78,4.324901917234419,37.9395463251227,1.4379148585500359,3.0,0.927465682433829,0.0,1.1280247820849116,3.0,0.5513739548993051,1,-1.776376472971714,1.0,0.7833653893896725,0,1.775491143839735
5,125.584733107834,-2.555042663880194,2.49619,0.2456083151509215,1.848845,1.2074056435776774,30.5217876968839,1.633841682441499,3.0,-0.23918131785224797,0.217632,-1.6674960530746417,1.662117,3.486519380197226,1,-0.08719700250770712,0.992371,2.1630264721674726,0,-4.576757991278305
4,80.3120942309034,-0.28654797282431693,2.450784,-3.003650132395223,1.62901,1.5044898296845173,36.5181120817925,0.07041774847067533,2.952821,-0.2884925246007069,0.0,-0.5469549005508126,1.335192,-0.09821098466715356,0,0.5234201870357593,0.180276,-0.35788742910590954,0,0.46315088816621613
3,76.3958265432329,0.37533767310998534,3.0,-0.15382231569823365,1.74,1.757020437312391,21.9888350457842,-0.30728123426435405,3.0,-1.5324553970312187,0.0,-1.6041898689876841,1.0,-1.084837024660802,1,0.6526423938631306,1.0,1.0921898773597112,0,0.26511751810398004
5,119.211044130731,-2.2973861293537428,2.068834,0.5914705594584018,1.830317,-0.22385365156239748,26.4284196691847,0.03747341054604722,3.0,0.8795800721312633,0.038253,-0.5196102084595288,2.543841,-0.2519151979048317,1,0.4706416061783486,1.217993,-0.0548308757634155,0,-0.08585823767703665
3,52.4479296445083,2.418081650148898,3.0,0.40003322979853995,1.64,-0.8091370897175938,22.8622941831296,-0.7506810080628744,1.0,-0.47066599508074375,2.0,1.5068643355586608,2.0,-0.15210313042341897,0,-1.075187261701022,2.0,0.42223814678491245,1,-0.08657261857112535
3,57.1360166274581,0.24854887983720075,3.0,-3.0718118346492393,1.57,1.20253742669886,35.0004005635926,0.7369683405512905,3.0,-0.09016121597767571,0.0,-0.10740016250716045,2.0,-0.3564436389043524,0,0.3659822940421376,0.0,-0.21168719079652032,0,0.823282751769638
4,108.831572332346,-0.9349368550698808,2.0,0.856212603222472,1.811189,-0.5650130084227076,18.7289540765672,-1.6783057157316552,1.250548,0.17367421276095174,0.741069,1.059899883772598,2.121176,-0.24605027124929482,1,-0.5547875969217719,1.0,0.292077223918665,0,-1.0430569339997864
4,81.6513411533667,-0.020732823592685915,2.490507,-3.289233551057411,1.583943,2.1027712429594376,41.3947601020846,-0.3246857131685696,2.974204,-0.777270416780608,0.0,0.4039523830082819,1.6866302545880452,-0.971510078454764,0,-0.17992983573316082,0.0,-0.027382505202636975,0,0.21104334091422156
2,50.6323165092898,0.1544558187865112,2.0,0.7017052751427585,1.70653,-0.9389843000447965,17.9272134508044,-1.4104082460288399,3.0,-0.11109221389881256,1.329237,-0.4740282590031678,2.0,0.9445939885867743,1,-0.12609275220312516,0.0,-0.49672705222225855,0,0.22183222077930492
6,120.916005265244,-0.5652754616512998,3.0,-1.2320847887890962,1.661415,-1.7137570267848017,22.4673087343401,0.9746588661419484,3.0,-0.413581845239561,0.77582,0.040018441106105064,1.91039,0.41463279880756293,0,0.19701684817196422,0.217455,-0.22069829094083412,0,0.1022690334756803
3,52.4080889579521,0.2841979935238796,2.0,0.3591823597960581,1.62,-0.35242073432357907,23.265778812552,-1.1055771100695535,3.0,0.037704560216803865,1.0,-0.3335673590981777,2.0,0.3435686395665256,1,-0.10494887217066112,1.0,-0.31673168169984955,0,0.22905450942252953
4,101.062959664128,-1.0982437843211985,2.0,0.9915556926051273,1.781952,-0.018609926196978613,20.437721991814,-0.8925093985603482,3.0,-0.05364353503611595,0.0,-0.11720471575307548,2.0846201602182703,-1.0622134600932571,1,-0.17600561019707073,1.464204,0.047842198469565805,0,-0.5965409692983226
0,78.580585701483,-0.10092092205022947,2.927409,0.46958599749567204,1.725233,0.13959067004827463,19.2903108802165,1.5066059010272421,3.0,-0.385807835137404,0.797215,1.1501546684910022,2.209991,1.9747757264000383,0,-2.142771641418682,1.0,0.6913043069944291,0,2.369221690919901
2,55.2426767141544,-0.6972077944410235,2.0,2.049768412621797,1.782756,1.0443326939985067,16.3040983491368,-1.2900989347795249,4.0,-0.98664630360585,1.162801,-0.33078158621283876,2.28525,-1.269821853823599,1,-0.867184638472751,2.0,0.05223012906064104,0,0.7235187425031462
0,80.5549892861407,0.15581900324734663,2.0,1.147365214749813,1.753471,-0.7271758865574122,19.1608570646782,-0.9035614860821906,1.391778,-0.0632274394020461,0.97554,1.6940791331896323,2.64548,-1.044280202093788,0,-1.1788678832901003,2.685087,0.6421352914398472,0,-0.29261417729272526
2,56.3521228796234,1.6674775792307297,3.0,-0.2798249926671277,1.699568,-0.4098512085552531,23.7103865761136,0.12062584336736393,3.0,-1.6765925467605813,0.875464,-0.5852525181771548,1.9199435124296995,-0.30162029368281135,0,-0.03927107737116613,0.139808,1.1203681237899683,0,0.6155619660362913
5,119.893759447988,-2.172464066541803,2.739,0.2878317710942705,1.86516,-0.5007058715925151,24.0546835362337,0.44279557340478853,2.740492,0.3907366066848795,0.0,-0.7274120896075912,1.824561,-0.1504126604111385,1,0.7424751761077956,1.094839,-0.042949956943455936,0,-0.4723671191999742
3,49.5478248605145,1.3090584307721418,3.0,-0.43165874967839857,1.665274580174459,3.8490155105265953,51.612977990434,4.774399933691291,3.0,-0.15847888802811175,0.0,0.6929966170759931,3.0,0.51801274407049,0,-2.2534807205347684,2.0,3.7002983900741784,0,-4.360439349982003
1,86.7215973031032,-0.9469330794680489,1.306844,0.24291529348462942,1.785241,-0.2723579704611415,24.179131602624,-1.9079453331692195,2.279546,0.6475283061394875,0.739609,-0.38483933065736176,2.0,0.963747287282102,1,0.15379585578207708,0.0,-0.4443389491161692,0,-0.2662536241328882
1,86.9095821478511,-0.9589174156681542,3.0,1.387914311468102,1.77,0.44038548411742123,18.5078428905597,0.9451272468947013,3.0,-0.3073607010618763,1.0,0.8064941437211752,2.0,2.1515565362927664,1,-1.9661579975522887,1.0,0.6982655549342945,0,2.002553394192538
3,71.058069862024,0.08382776331410646,3.0,2.1824244424571178,1.72,2.6681876843091796,22.639855725816076,3.8938556768059125,3.0,1.0942446680597993,0.0,1.1170980805454973,3.0,-0.11170346974097332,1,-1.0837595976305299,3.0,-3.181589284631601,0,1.5925313980017435
1,80.0694950418644,-0.7800504624118192,3.0,-2.4988950049057714,1.6730925094515894,1.63906821379835,39.4808055722905,0.7153345211135406,3.0,-0.17252812847875948,0.0,0.9805943805267775,2.994515,-1.3972070091953532,0,-0.3635806523091924,0.0,0.3383649398650657,0,0.6689841827129122
6,104.34642875389,-0.11940016943693134,3.0,-1.8720245407408251,1.603404,-1.2599229694201848,26.8346927387454,0.9276349808290084,3.0,-0.2994529236076266,0.546137,0.051479430559522955,1.919473,0.32833078113254416,0,0.2619956060935387,0.027101,-0.25693703141316326,0,0.15632018671973508
3,77.3695762153646,-0.28088295492543625,2.3202911921486415,2.4841085449702835,1.8,1.806388302949719,21.9354975063549,1.1490032740736642,3.0,-0.2072664473164554,1.0,0.8485289563590289,2.0,1.1499643832883872,1,-2.09084237940041,2.0,0.6988834484664785,0,1.1315759571425326
4,82.2308691431829,0.7768387294632516,2.663866,-1.452238467997139,1.616085,-0.8152262343801562,25.0746193988646,-0.47436828221880256,1.416309,-0.16156706745184304,0.598244,1.7117275689335314,2.379275,-0.37619113725588027,0,-0.7132151423459192,0.256323,0.2796718066312585,0,-0.4783727134304714
6,111.900585422824,-0.7358646253908143,3.0,-1.4782952611474627,1.656465,-1.4158950322684791,24.9754624969539,1.4270231601813919,3.0,0.41598336785032786,0.127775,0.27288645799011807,2.784303,-0.043840257015402104,0,0.2931807073464878,0.0,-0.11688656888610452,0,0.3372333678299718
0,73.2176772575189,0.04736429440675155,2.372494,-2.202170371204325,1.65015,1.13701975360834,29.9387232419108,-0.26628657920728666,2.849848,-0.584849785977472,0.303025,-0.6445183811723251,1.028538,-0.020664663138667782,0,0.36873886318501276,0.675983,-0.37423241271342256,0,0.3921745086313226
4,81.4757486971342,1.3119401808136444,2.0,-1.744554223479166,1.562724,-0.5207956665338255,22.4017032402634,-1.2798313740063143,1.0,0.23065527073812542,0.0,1.5135654784344867,2.0,-0.39602370076959087,0,-0.5372690664200854,0.389717,0.06958778731888811,0,-0.8468029947272161
1,83.1010589679552,-0.6429994637864097,2.0,0.2929787201893775,1.713825,-0.43094753521583334,24.5776247891715,-1.0726569532329175,2.6648,0.07145017875504468,1.0,-0.3294062695656326,1.810738,0.5635550186809412,1,0.06393754776170389,0.80989,-0.2604072603742829,0,-0.10331347589516228
6,134.817386694594,-1.4779769233434281,3.0,0.05686446069485525,1.751038,-1.841158605183886,19.8440723569818,1.5702099055499663,3.0,0.05344520657478165,0.655558,0.29800103942748973,2.6412842015678417,-0.2843744298111152,0,0.04621721611530374,1.46046,0.15028130660761893,0,0.29183941219450465
0,69.7709354356097,0.13416713562639415,2.000466,-2.4354021191823536,1.645511,1.2520854307918963,29.4156158464219,-0.6244746547738959,3.0,-0.31051257213233413,0.0,-0.8758058387889722,1.131448,0.12552119043224938,0,0.4861341780789971,0.061366,-0.5952611147787479,0,0.413825280039902
5,121.181815459297,-2.4868590082996374,2.8604001176420826,0.7013702707629503,1.828276,-0.7540007084638048,27.7534769391206,0.8447874354887099,3.0,0.5459888461083193,0.758897,0.0942012434342004,2.966647,-0.18215692124864208,1,0.16923621676723422,1.159598,0.24143629625132573,0,0.20406097328528017
4,104.224581276603,-2.370410616907604,2.787589,-0.3082937918130757,1.78,1.6919180547503823,37.5883653263532,0.34372734449680664,1.114564,1.1684525993662018,0.572185,1.2715285355685515,3.0,-1.0006112436144463,1,-0.09583559732011694,2.710338,0.8950588931803654,0,0.27587206654684376
5,127.251123081522,-2.6767455410156185,2.206276,0.908929920232589,1.908608,-0.004410363821537379,26.8482827124625,0.12385357323749133,3.0,0.4375012136257461,0.0,-0.9685247643789103,1.813082,-0.4060202390201328,1,0.6767554914203752,1.94984,0.005699720429120743,0,-0.39999211376755534
6,111.582446187734,-0.7155894775882679,3.0,-1.4647781311137569,1.649178,-1.4491722296444798,24.6233820020656,1.4689516881259044,3.0,0.48811714933559064,0.096576,0.3241299268182063,2.884077,-0.0824761807777346,0,0.27663869064576857,0.0,-0.10677549017893304,0,0.37052794935025046
5,118.440539925657,-2.3142641205254026,2.619987,-0.4337424435124629,1.756221,0.9748894190890575,32.0209268907878,0.05418654733917985,3.0,-0.08304131378545061,1.090995,-0.10140196855517437,2.194746,-0.08426607014163195,1,0.09583469778403132,1.076926,0.09536465707028319,0,0.5494412163509664
3,59.6625621889526,1.254095888295557,3.0,-1.188261066985712,1.55,3.7319751743898357,37.264479771454,1.9304182720411758,3.0,-1.373012938106422,1.0,1.2034553791630622,1.0,0.7647890159813023,0,-2.1267413856644937,2.0,0.7286161266013963,0,1.7600487667958031
5,119.745084848915,-2.3357053388080855,2.644094,1.2520000625250824,1.829757,-0.7009826158629745,23.7432317902465,0.7110404385268827,3.0,0.5832550798537506,0.500936,-0.14217986786782713,2.740525,-0.5223620064834071,1,0.20970627829149077,2.0,0.24447802201553964,0,0.08812282292974115
4,83.4294184555475,0.887183401696991,2.501236,-0.9576135845411593,1.60074,-1.020380053884103,19.5137456115186,-0.40843235789176385,3.0,-0.9507065557412921,0.537202,0.45061970095918236,1.775592764646207,-0.4209354311680847,0,-0.49903404502380544,0.245003,-0.18635410243414058,0,-0.2387806421020252
6,135.762526849201,-1.5163917853078197,3.0,0.17365261978579982,1.751067,-1.945222528504393,20.0412432993921,1.5267106881498766,3.0,-0.008699561830498454,0.902825,0.437887335053808,2.748569,-0.1786390395587228,0,-0.08090074140594428,1.427037,0.1827423228202953,0,0.3765538985887893
3,75.6360007467836,-0.8585502348576812,3.0,0.47699480649462594,1.8,-0.16449841786472175,22.0952322882577,0.3327015945798746,3.0,-0.2959721323760021,0.0,-1.228959573795063,1.0,-0.4792452262231964,1,0.7584294177005384,2.0,-0.10147744974477946,0,-0.4756222673237887
5,116.732687927099,-1.854307611199631,2.381164,1.022391346446656,1.772731,-0.9402802384868514,27.1091899501448,-0.3255101608824653,3.0,-0.24283092204596152,1.89933,0.17033660226704003,2.3861828262037887,0.5874050479438185,1,-0.31252850234035046,1.211048,0.07820332072389188,0,0.25564430891493595
4,84.3649623808914,0.5447503198820939,3.0,-0.5230791137090928,1.65,-1.6778933539103653,18.3488498783352,0.299462772295989,3.0,-1.2773908505923408,1.350099,-0.31351535085304577,1.0,0.5478996092719556,0,-0.017823745307046848,1.02975,-0.2861787621841563,0,0.04221282565617714
6,110.784076566537,-0.615426796664203,3.0,-1.5497309495884317,1.640745,-1.4053876168973576,25.6081194112036,1.3273642880982368,3.0,0.2716283309111229,0.276907,0.2907197866206614,2.666178,0.04925284906189474,0,0.24460962605871603,0.0,-0.13046558707489136,0,0.3352823058795572
5,110.999774376438,-2.046370987622152,2.303041,-0.8113344465959091,1.770663,0.9195754752511053,28.9975556971199,-0.4622167644348492,3.0,0.1286173266632266,0.725222,-0.4666035889840196,2.065817,0.29589936610841727,1,0.32664450066601913,0.0,-0.24189677587730019,0,0.41185987349623426
2,50.4757225886718,1.7649893387827695,2.449267,0.039945729775476856,1.715597,0.21026064156221314,21.8223804153444,-0.2100920209967959,3.647154,-1.7382521982171797,0.097234,-1.6657873168718171,1.266018,-0.769902084283972,0,0.35104375061876575,0.866045,0.8422302324623202,0,0.45866181309536186
4,91.1301790971138,-1.6048373227751003,2.180047,-0.5115608788455055,1.688436,1.4695296312065103,29.8193440185833,-0.08455819703425703,2.733077,0.9767598417429012,0.0,-0.03583381444799824,2.77962,-0.789467107023918,1,0.22490455998896994,1.454129,0.08432375622284236,0,0.6068535238918417
6,110.676801038297,-0.7146361090878068,3.000710196458952,-1.604746266108364,1.648143,-1.3073737511728418,26.1939403281809,1.4421454859773553,3.0,0.4412343593347907,0.079673,0.27893765929255504,2.786417,-0.07644214067334158,0,0.31158619012937744,0.0,-0.11085873899162535,0,0.34054242693066084
4,107.136275005385,-1.85402983127856,3.0,-0.06175868970397802,1.770126,0.9179469003534911,30.2695131987298,-0.028432881585804343,3.0,-1.0648177167113928,1.604608,-0.4314699466128931,1.163264,-0.007056480121245057,1,0.06079947085814475,1.866023,0.13250495922867986,0,0.3265368202912941
1,83.9257639396825,-0.10685852630653085,2.0,-0.21468165794040395,1.72,-0.40236656625188594,23.2948977483869,-1.8300873585909037,1.0,0.14111337383663855,1.0,0.17236774698934118,1.0,0.9381184874282295,1,0.12210177671085809,1.0,-0.12896045617164179,0,-0.9265349921458138
1,79.6339615995839,-0.1490833950814909,2.01054,-2.274697185635052,1.667469,1.7917869952986305,37.7567378886528,-1.2317331527631545,2.77684,-1.005481944996854,0.790967,0.4899770103612965,1.651548,-0.4148840464101368,0,-0.553002875640719,0.0,-0.0612683746462262,0,0.2638911607887066
4,81.6007580483259,1.0768542999890727,2.843456,-0.8575179735837922,1.631662,-1.3875360497203306,19.3795805092865,-0.719390098366406,2.937989,-1.9780985014146815,1.554404,0.4058291117764871,1.001995,0.28090870655384176,0,-0.6904454234496663,0.0,-0.2212377241456571,0,-0.35608539403092393
5,119.142353803889,-2.453192579004683,2.777165,-0.9272092384905847,1.773521,1.2558175881624323,32.7375625576786,0.4589237198027575,3.0,0.23426571881802422,0.2916,-0.4149181009860965,2.106861,-0.42081860707832197,1,0.5164968295429104,0.925941,0.050253492422396004,0,0.34582414187386695
6,113.41747094477,-0.9096249751572215,3.0,-1.3903706632504202,1.661712,-1.2860348170743015,26.5135467818532,1.5681804840877005,3.0,0.5395966815353972,0.080128,0.36829681919542545,2.961899,-0.22087690947231606,0,0.26384391963839576,0.259424,-0.02079943296704269,0,0.3991534440461544
4,90.0185190159979,-0.24370760029928606,1.0,-1.1676147587864398,1.62,0.5277447471881058,29.3620735712072,-2.1120356208193174,3.0,0.2987620745609646,0.0,-1.2620021509563377,1.0,0.7788240261689463,1,0.6306231476700078,0.0,-0.8672782370720755,0,-0.4953803036497694
4,80.9347532759312,1.0426853578954414,1.0,-0.7167623007755729,1.6,-1.355197151375418,21.7047625304148,-2.5790473993839127,1.0,0.17724978799132385,2.0,1.244544175568371,2.0,1.7846003269833812,0,-0.8393624318053885,0.0,-0.3371987148888045,0,-0.05718114574907432
5,119.22763367277,-2.3888645286229173,3.0,0.7247205052348741,1.82559,-1.0900742304928845,27.8943458536299,0.7011677653204298,3.0,0.20257945554594226,1.415536,0.3309111824115031,3.0,0.2766602501359467,1,-0.0713476110028257,0.691369,0.2336362449752564,0,0.3406410203812937
4,77.0749299886958,0.0686444507650334,2.0,-2.5743621236987533,1.549812,1.7754334412788557,36.599121965266,-0.2571191337489655,2.765213,-0.011795481855190222,0.0,-0.21731707061348712,1.551266,-0.5066315375016573,0,0.23809356264512635,1.350001,-0.20766834228050218,0,0.5651420430833423
2,60.2171901631675,-0.9970067087632335,2.943749,1.2993653483163938,1.8174500841514645,1.1475151768183227,16.6709312915508,0.06160569824554479,4.0,-0.8765383512586142,0.128895,-0.7006668893928999,2.0,-1.9113700457486091,1,-0.19726821303600997,2.0,0.15496036343476907,0,0.3749244432006162
3,62.7432320925225,2.601515429786751,3.0,1.986131555180693,1.6,1.55738984594021,21.7546972358017,3.052402857239575,3.0,-1.645461059710038,0.0,1.0189464744663943,2.0,-1.9630683114228022,0,3.206696590189175,3.0,-0.14815581578695583,0,-1.0716564629393162
3,45.8541722035633,3.00080687919892,2.0,-1.5132560035508653,1.5,-0.5532916164383196,18.7950179255703,-0.7825298587725508,3.0,0.299319474218626,0.0,-1.5255612934300364,1.0,0.7132009891396385,0,0.7304237092148602,0.0,-1.1338575135737425,1,0.18354309357182536
4,82.7465423843778,0.9994963607650401,2.921576,-0.5042150810879271,1.633675,-1.2147546918351373,16.9307110004583,-0.23578148805931406,3.0,-1.7117514953062585,0.905596,0.20142978479436105,1.003636,-0.4507633446491878,0,-0.49219702804575294,1.000227,-0.10003947407171042,0,-0.44824625415583785
4,93.379223659835,-0.42471067276336216,1.492834,-0.4654896372273901,1.653751,1.6896542625464408,25.3635544044519,-2.3409233469155954,3.0,-0.9862437842786126,0.733221,-0.31695719098463726,1.005367,-0.4638808533021225,1,-0.39175585047602896,0.922739,-0.2888464771597547,0,-0.25618306752132586
6,128.590254840708,-0.7242269804276844,3.0,-0.6829708435213201,1.716521,-1.7890672143708815,18.5624006131423,0.9316822005743267,3.0,-0.7309289466786161,0.707494,-0.3664241871086566,1.313834,0.28072937542880044,0,0.3342363467802094,0.912334,-0.2269236924185457,0,-0.1741332885101094
0,57.0975077609783,3.112547790606636,2.0,-1.3822849952439256,1.5,-0.24400934847812525,18.9259769936271,-1.2783066777506815,3.0,-0.37191553064762656,0.0,-0.833255967427988,1.0,-0.09199182259304985,0,0.11210328618315274,0.0,-0.866934225869227,1,-0.27169711812099956
2,51.7522811606382,0.1195599525694618,2.0,1.0776435165759517,1.72,-1.2015808579495288,17.6065581184103,-1.6324935038578126,3.0,-0.44991640076241574,2.0,-0.27594600590528745,2.0,1.269223557616581,1,-0.41015392847619364,0.0,-0.4521293155137076,0,0.3449437340241053
2,51.4706329021312,1.2697914708299802,3.0,0.3561257070634446,1.71266,0.3575873957695515,21.9437801732567,-0.39594828635667234,3.156153,-1.4954087460887107,0.256382,-1.504504032463096,1.253803,-0.5936909172238916,1,0.5142795470886564,0.544784,0.9897961039012477,0,0.03930047921469059
5,119.229563948803,-2.1014654081720194,2.037042,0.3231016598800626,1.79858,-0.23551668537526696,26.4811626149577,-0.06540614902981724,3.0,0.8389365840101608,0.020044,-0.5390413025213231,2.43699,-0.14873288689465158,1,0.495410231458003,1.016254,-0.13101978729638197,0,-0.12417039997468352
2,41.1933078528472,3.0606311385212677,2.762325,-1.3158840460214052,1.533609,-1.1644752888507355,19.6890505803336,-0.5724001561518844,1.163666,0.5313310418080036,1.001405,0.2393716556643311,1.6246290876009688,1.0172433335810722,0,0.11789694539351522,0.25289,-0.43956290536782344,1,0.05468476047411105
4,101.8502146603,-1.325502543714793,2.0,0.4373589382066232,1.780791,-0.25030785376646647,21.9802574425614,-0.5075307680576248,3.0,0.3629709477066323,0.0,-1.0175689664580505,1.613829,-0.048129740346406255,1,0.599090761231543,1.251665,-0.3203568673906886,0,-0.36474570332464545
5,118.220025516243,-1.8592094503274543,2.425503,0.6736903849283367,1.774983,-0.5831499948051619,24.4080965793312,0.174918799308331,2.996834,0.31660761769927437,0.531769,-0.37722245010518785,2.1879815947485612,-0.16112211518723513,1,0.2952730824941213,1.580263,0.005189615921536452,0,-0.09572272768315071
2,48.3968715401569,2.45998653039293,2.880792,0.8657935668950909,1.667404,-0.30436995650055876,20.2453152836747,1.4328439997437943,3.281391,-0.06807195454380269,1.0,-0.7402769722186768,1.960131,-0.6281516984059787,0,0.22137027286108166,1.513029,-0.46875865635054753,1,-0.14305386470014345
2,51.3440731443939,-0.0608833191352806,1.889883,0.9944912994439312,1.739344,-0.6955915442305524,18.4913801833172,-1.3937676797089724,3.0,-0.02235215551029621,1.151166,-0.6009507554204213,1.959531,0.6856181349703409,1,-0.07253927340043474,0.520407,-0.4264399256420834,0,0.17639926087228242
4,105.416697276469,-1.205468736238732,2.0,1.1163940299481532,1.785062,-0.07997423362450402,19.8676777080941,-0.8178944315817652,3.0,-0.01515017260303835,0.0,-0.07345465864973191,2.15157,-1.1270997738201023,1,-0.19659572611118797,1.605983,0.08423312884893949,0,-0.5879894615501267
1,89.1306424678859,-0.7762821627852824,1.904732,0.502473454999737,1.792435,-0.8550897596313078,22.9173883523099,-1.8102575162938113,2.608416,-0.662743286246933,1.895312,-0.5114256896761108,1.204175,1.5262634735171547,1,-0.07283188560845681,0.0,-0.4565470945005508,0,-0.24947137714284723
6,120.698960369539,-0.3910619769278018,3.0,-1.4937963858474965,1.65563,-1.4669241036213418,21.8335604505994,0.9617290863890327,3.0,-0.5105876706858506,0.31794,-0.3869958729360677,1.347559,0.23516297210174475,0,0.4963301958408711,0.462951,-0.3209319189153322,0,-0.1888874708114187
1,71.5278854630871,1.9477507927981184,3.0,0.2905203173215106,1.556789,-0.5542809513573544,18.4787965826443,1.0960425597831498,3.129155,-1.3358872823181192,1.0,1.0105952428933367,2.0,-1.7073090636992876,0,-0.838542452815212,1.634134,0.10613613886410703,0,-0.8711442648874124
0,75.6328734153561,-0.38002690863318583,2.0,0.06359368850650489,1.696336,-0.3192734464645503,21.0777989024477,-0.8183388504417657,3.0,0.3128292500961161,0.142056,-0.8908540578886937,1.6763395503116711,0.18828379536835624,1,0.4595917882752245,0.699592,-0.46029537441872903,0,-0.1987675247016305
0,71.2301886507027,1.2196600037358674,2.278644,0.5590210939736632,1.62,-0.8412816603540777,20.1274779892841,-1.114963279213783,1.0,1.4741491665086328,1.285373,0.5773974084629306,2.628985,0.8191005661730177,1,-0.08936790415940776,1.0,-0.11165936486260022,1,0.032375388264916115
2,55.0088372716891,0.9565786280886274,2.971574,1.5839444669075864,1.759358,-0.4209487389829412,21.5887251845548,0.8525486303057652,3.592415,-1.4085020139083055,1.009632,-0.407043823305808,2.894678,-1.2986221040309227,0,-0.42555266996713914,2.0,1.5466325955326226,0,1.2240065945738392
3,61.4332717072911,0.10688747260760839,3.0,-1.4833076310389033,1.65,0.4667424544166358,22.4783709797954,0.8676787246544581,3.0,-0.11617223629171015,0.0,-0.28409408846917616,2.0,-0.6844432725946649,0,0.27879659403389956,1.0,-0.1286475148865126,0,0.7657882082339738
3,58.6860793254677,3.9513588844562904,2.0,1.089294871274359,1.66,1.097330827404638,15.9662465139452,-0.6572950117899804,1.0,-1.3034396837597895,1.0,2.5023939718909496,1.0,-0.16515392736978982,0,2.212973363007266,0.0,-1.882539146275045,1,-2.8122196877095798
5,104.081485995902,-0.224855268868642,2.680375,-0.8698351548573174,1.69151,-0.3871646669478269,26.5021684055901,-1.4709914241255844,1.089048,-0.5288624477531739,1.041677,1.197563780347057,1.366238,0.21395328093242638,1,-0.42254996006238343,0.181324,0.22090376917335947,0,-1.2560437927193133
2,50.9481697414486,0.254418753929841,1.303878,0.989593613640624,1.708107,-0.7396143487080712,18.3810532931244,-2.3838899269160745,3.0,-0.23697626011712794,1.672532,-0.6061075749666074,1.755497,1.3078037712462778,1,-0.30806576545550823,0.062932,-0.6520904176480522,0,0.20617128773256083
3,74.500207211038,-0.602156425095436,3.0,0.07260352727600418,1.75,-1.0579604335180623,20.9927979942581,-0.06400712077986205,3.0,-0.3159863553213134,1.0,-0.5096859725272885,1.7835585709616975,0.621724414536957,1,0.2808003285468983,0.0,-0.2799796021919972,0,-0.03152748629401072
0,62.4821311951204,2.1298190323045603,2.0,0.12576552966981505,1.58,1.2384812808515826,40.3567917914548,0.1610456602372774,3.0,-0.1494410071114307,1.0,-1.5521230783024325,2.0,-0.24005681868428805,0,0.5129199812975709,3.0,1.0287602859147709,1,1.4780667539730217
2,52.7074963417802,1.8818001328902185,2.0,0.6489051653920835,1.728834,-0.213138417960734,23.9870798401241,-1.5823264402851989,3.0,-2.382335458773875,2.0,-0.7861303262422699,1.229915,0.4441762698762007,0,-0.5261864814209609,0.619533,0.9457551789125823,0,0.6113949652622285
4,80.4585474167884,0.17472074282852096,2.909853,-3.347308982072152,1.569234,2.2079314480706866,43.5136133603801,-0.11610836655113611,1.0,-0.09869889361120601,0.0,1.8498976594238412,2.0,-1.4049521455987408,0,-0.45145777241556245,1.308852,0.6789588912520799,0,-0.2328002576876021
2,53.8482173970869,2.1819695547670785,2.0,2.958355809219336,1.74,0.7393766422264743,22.2288121044684,-1.8158412671813124,3.0,-1.6141074548232348,2.0,-1.7779938892521234,1.0,-0.21313236069502725,1,-0.16305339495694027,3.0,1.031297799408055,1,0.5357712887727494
6,133.369697039158,-1.146541446348204,3.0,-0.15872185185495086,1.732951,-1.7218861736506716,20.7652581915885,1.1980862659759992,3.0,-0.5497070725416212,0.930836,0.013068453426434071,1.8394107479785038,-0.015100112372366291,0,0.0868163267606494,1.577824,0.037983998820979976,0,0.06860563060901427
3,64.3980612103899,2.8560528388006,3.0,1.6891368465067789,1.74,0.3148741009391805,18.1114339872846,1.6267299660626107,3.0,0.05209525143002604,1.0,-0.16223437635562055,1.8205156697098792,-0.9121087049282511,1,-0.9966351942883477,0.0,0.32373900508358106,1,-0.7432978994928248
4,88.3340681511588,-0.026971342578308077,2.737149,-0.14048191173791813,1.686904,-1.4766793033345074,17.2349221421833,0.7428291388545083,3.0,-0.18994215491866,0.468483,-0.1807285013877842,1.997195,-0.1676991365031833,0,0.10753331636317542,1.352663,-0.14443329874587066,0,0.21553025383198116
1,85.2696015410786,1.134511409007565,3.0,2.2953448981889677,1.74,0.6207213626832264,17.3289944729356,1.195428173600617,3.0,0.15250124114046112,0.0,-0.44063185346934347,2.0,-2.4286727796241188,1,0.14284615489610591,3.0,0.09671036575840487,1,-1.2405037764677573
0,82.49487241498,-0.24398349989548468,2.0,1.593280661200914,1.75,2.3507274269934535,18.1389018374823,1.3368661079118813,3.0,0.3777755226352322,0.0,1.1657704113702527,2.0,4.0993470132014815,1,-1.78829576445911,0.0,-4.147562991936984,0,2.16373981225239
5,127.726219361533,-2.47728613228584,2.197261,0.41185009918077187,1.914186,-0.15266925629676903,30.1355033947205,-0.6187916331088977,3.0,-0.43186467551097807,0.976473,-1.0474563878834713,1.11184,0.6423834445830533,1,0.5234543511909553,0.906843,-0.21720663082554278,0,-0.49047429879093835
5,115.593142487085,-1.5877310708204968,2.0,1.0607848452222146,1.773664,-0.8084114377904947,21.2620961380587,-0.5947244498465319,3.0,0.08441693635754784,1.0,-0.4340874546642868,2.0,0.29616114602164256,1,0.07632031522426821,1.399183,-0.15922654217840043,0,-0.07393987662860763
1,80.8376813041501,0.49172318365293766,1.925064,0.6351222155246695,1.699474,0.3174340649622385,20.0189010068717,-0.49517847664077713,2.358298,0.4518055652713855,0.133566,0.8185243353056264,2.774043,-1.2205163108620911,1,-0.37779174664854576,0.0,-0.11638994440758288,0,-1.3990119227081201
4,103.304419628997,-2.386363783773971,2.845961,0.6624915468331134,1.782067,3.2979291733407696,37.654496773138,1.1113229052168683,1.92822,0.3573334672128119,1.0,1.965211025385138,2.642273,0.9946480701866954,1,-2.299317456656406,2.999918,1.5591473348803089,0,2.482393995600621
3,75.7770374846806,1.0097740342933748,2.376652735427143,1.912030847808781,1.87,-0.09994883084985322,18.0639398832823,-0.6499874619288327,3.0,-0.46845006294999186,1.0,-3.006105152246714,1.0,0.9234323535584041,1,1.2572202831975263,1.0,0.4593394324104337,1,0.5336090034945256
1,89.8533175911536,-1.903145637856126,2.0,-0.5858192107557575,1.823168,1.8823783751623855,35.2478672986013,-1.0988507152887113,2.9948,-0.323713929138041,0.85405,-0.9405412479915701,1.290979,0.20690230624467706,1,0.35706187396537675,0.87599,-0.21668278545392877,0,0.268128410485379
0,69.8836097491656,1.849181136965834,2.0,0.6670797929319802,1.62,-0.03829511555293015,21.1532483385567,-1.0379569600964194,1.0,6.581896079700836,0.0,0.8720606575985687,3.0079023567095993,0.169749342770201,1,0.6892325354555248,1.0,0.48746682763752797,1,-0.523211020741999
0,79.2170124331145,0.02655783731774195,2.0,1.245964310086757,1.76,0.25698433775575796,20.12742114628137,-0.16711183789926046,1.146794,0.13186692228933689,1.690102,2.4246608207775773,2.440554206007899,2.512310230133674,0,-2.866497081879587,1.809745,1.0524240052133582,0,2.0748419692254316
1,87.2639236926245,-0.8918873521050058,3.0,1.266242162688414,1.742819,-1.1181365622468722,17.0840441062231,0.4556548971447301,3.0,-0.15747147309708814,0.860321,-0.32497852945579286,2.0,-0.2940380593351875,1,0.10644894050483483,2.040816,0.08172980797791887,0,0.022003499166949634
1,66.6516990559317,1.5899402850452395,2.0,0.13568104818559087,1.57856,-0.11833897727518154,26.9545451447179,0.1359848712415887,2.283673,-0.4214023382008545,1.581703,0.8457355816798523,1.970622,-0.3783568476680171,0,-0.5987722756258812,1.863258,-0.06530186107424565,0,-0.5634261813384303
0,88.8085599092276,-0.8051214209345334,2.0,0.21120040987378477,1.778319563594642,-0.4500365030978982,23.3640182066187,-1.3146420704349866,2.799979,-0.3769854714608824,1.0,-0.9121691211748932,1.081333,0.8920554337555407,1,0.32310565145344855,0.444347,-0.46739304600351433,0,-0.39228849803875676
2,50.6469735185239,1.788240124561757,1.036414,0.3657223771676489,1.7,-0.5624383242273268,19.1557449013049,-1.8043724977230842,3.205587,0.426317852755418,1.0,-1.4312020769535012,1.745959,1.1919153992903406,0,0.15828366456595344,0.115974,-1.0586561469048112,1,0.646408037645421
2,52.8956597501074,1.7712517575870146,2.8813,0.4366194344989134,1.712515,0.0718780273008363,21.7561919392286,0.1795654124481726,3.087544,-1.8727996030951852,0.427461,-1.1114915114974782,1.24818,-1.0695227908751523,0,0.12949731997726094,1.952427,1.232102257904513,0,0.3654186124354978
3,47.671370640258,2.3459739967731736,2.0,-0.766341693620998,1.6,-0.1766812567901846,21.2197812060503,-0.5879192639002709,3.0,0.28693217003076565,0.0,-1.6339692382347681,1.0,0.3070902238517814,0,0.724905627598169,1.0,-0.8889383052343007,1,0.18183657066950398
4,90.052424661021,-0.4283575799472671,3.0,-2.1302825830033267,1.67,1.0280676213702018,31.1899739708235,0.6201105270721816,1.0,0.444210052029929,0.0,0.9023092686163173,1.8281455418872175,-0.7581030927296831,0,0.20553038085799116,2.0,0.45028144019439414,0,0.01804907926879158
0,60.9573196244691,3.431266035233907,2.778079,-0.26913775948967017,1.508267,-0.8701096115440485,19.9579749516195,1.7651227389335045,3.0,0.4985799326571361,0.879925,-0.4154892701252727,1.696691,0.21083511781082184,0,-0.7453760809365387,0.94224,0.15209575251222754,1,0.9526456383793561
2,50.271249442822,1.6065163283920776,2.0,1.0659741882826026,1.67,0.00518077087799386,15.1015307819756,-1.4180116614506613,1.0,0.5871368284312368,0.0,0.3956913688694956,3.0,-0.7377142758685072,1,-0.14316775143773136,1.0,1.422677239815917,0,-0.02043076020726833
5,117.771060408936,-1.621745325344971,1.392665,0.6363898232918792,1.757069,-0.2951882274922078,24.6353950102126,-1.1675363528570621,3.0,0.4469277850347277,0.630866,-0.6170528858081487,2.0,0.3728496254882343,1,0.19983131002488505,1.097983,-0.33433956762389216,0,-0.14381860896675994
2,51.6171718116534,1.8948214720760437,1.0,1.1346845863737824,1.7,-0.2257598946080783,18.067181884432,-1.8028142033528762,3.240578,-0.042601120627627415,1.0,-1.758723383474506,1.0,0.6144615703789882,0,0.1510392890753473,2.0,-0.8876749807506844,1,0.43273486310391
3,60.9419469627406,2.793067481941291,3.0,-0.354178984943654,1.65,1.7220909376550697,18.9599948321198,0.613860845901678,1.0,0.9309501004042795,0.0,-1.129733173493848,1.9733152780718017,-0.32201711487809853,1,1.314604512756127,0.0,0.7155952402813113,1,-0.2576014019851048
0,72.6045537710641,-0.31140759776719923,3.0,-2.9696649497858427,1.675612,1.2805215873002973,35.4571161503685,0.5295332488626493,2.400943,-0.16343738741139058,0.0,-0.16354761075985202,1.509734,-0.1850395240479241,0,0.5292113030398627,0.167125,-0.12238104044561846,0,0.36298550543895636
1,82.248299328812,-0.8142625296101474,2.795086,-1.4404005238257034,1.707613,1.7251297219570925,29.4580122413803,-0.6156387610350572,3.250467,-0.8248043192618022,0.0,-0.422134886285959,1.367876,-0.9144236985749364,1,0.14221748856430366,0.022958,-0.13388761839633775,0,-0.18603774451862015
4,111.850694232946,-1.1069400533542788,2.0,1.177282047556736,1.7720335079863785,-1.4350804250436644,18.5299431563599,-1.4113623634572285,1.706551,0.021640551677540046,2.0,0.5945699190556918,2.039514,1.1267097622554427,1,-0.4410742200412339,1.0,0.01039387098300695,0,-0.27009172132406173
4,79.5760110346328,-0.1685717720147176,2.152264,-3.50313119512688,1.567973,1.8892962178025876,41.6546666841134,-0.20576228497377996,2.977999,-0.10805975818899356,0.0,-0.38376389856006854,1.513199,-0.034758819752234674,0,0.4445919226746488,0.0,-0.39497608949225715,0,0.5753414779887177
2,49.8522394911844,3.2397797630375376,3.0,0.6305750000504142,1.722527,0.15269087018006144,20.0949798700238,1.675586251576252,3.285167,-0.5249009118011839,0.469735,-2.3288731110100094,1.569082,-0.29394150054270357,0,1.2183681438209546,0.545931,0.40593609631400723,1,0.20122369265069096
1,63.6814749309934,2.7914020577152394,2.0,-2.1779253609806806,1.505437,0.6178577762243489,27.0395209236236,-0.8505834272799988,1.0,-0.2485993287064131,0.0,1.377220413684975,1.278578,-0.8552343255343887,0,-0.3602724969362631,0.02112,-0.19474219562762235,0,-1.9650890111755863
5,101.598347639177,-0.9145765559711518,2.630401,-2.0751445681511473,1.704028,1.135895026061715,28.8461274607173,-0.9668910828761033,1.0,0.26796483881969757,0.315261,0.1270305460757927,1.0,0.4565825576316956,1,0.5707459683444018,0.245354,-0.07727930950556097,0,-0.6220502716324978
5,120.401193430944,-1.8715198908278403,2.0,1.4022282344660535,1.75,0.6883467550455769,23.859460394304,1.0100896901417504,3.0,-0.3432920024644947,1.0,-1.1569371451318067,2.0,3.5005619749969767,1,-0.7719769980404285,2.0,2.237514460794995,0,-4.2294751435659705
6,110.160698320347,-0.5091806010215694,3.0,-1.5344632196118488,1.622418,-1.482413945795375,25.4331602825775,1.2786737656242566,3.0,0.20939477139925505,0.425473,0.38307118817472907,2.691584,0.11171354921600239,0,0.15870447286844838,0.0,-0.1260352385706841,0,0.3824304015375053
1,79.5273983182984,-0.3433728474052141,2.0,-2.0736712746233605,1.65,4.064632492075582,54.0012702134523,-1.1546578778469454,3.0,0.33140786533408245,0.0,-0.6005777989486653,1.7581156439003898,-1.0960817441802841,1,0.2839025749662131,1.0,-0.0695433810825718,1,0.26009145380772714
0,78.8383908961717,0.07171536610897808,2.577427,-0.4545034765319578,1.731261,-0.6929268392351358,22.358670414344,0.24453785222510768,1.0,0.7203121723478149,0.0,0.7361498777305392,2.0,-0.47271412694991727,0,0.11433393397073321,2.287423,0.3378329616794395,0,-0.4283171745840238
4,108.876464437446,-0.9142688083944359,2.0,1.2057634803761517,1.82,-0.829145770693615,21.9302920208874,-0.46946651465447087,3.0,1.3211008008859493,1.0,-0.7870386660338197,3.0,0.838652740068943,1,0.3601900906371842,0.0,-0.4841229903644445,1,0.492370918105634
0,80.4659618433194,0.12950540357985654,1.9123641114897265,1.3184218190226897,1.759117,-0.6887202168665827,18.7113329061886,-0.9582724395402962,1.411808,-0.035917030292416205,0.953841,1.6588832793414954,2.651194,-1.1139412923916285,0,-1.196091223589239,2.878414,0.6521647829079962,0,-0.28504191849109445
1,93.450540327372,-2.3977549770357864,2.0,-0.9211011960754338,1.835024,2.189000584404291,39.1629251360461,-0.6007563778588684,1.672706,1.3740041474322386,0.027093,0.32043535501955517,2.766674,-0.43446553785703507,1,0.31431061468577454,1.0484784038255799,0.2972188277962072,0,0.23862595907413395
6,106.038985392664,-0.38177419015090047,3.0,-1.4267960408989007,1.684768,-1.2637240921761532,26.5378428994404,0.6802260622990005,3.0,-0.7569409322338968,0.912187,-0.20928022611750585,1.444379,0.5515449969392948,0,0.2511319091906848,0.224482,-0.25808346986813474,0,0.02356279575047063
0,67.2921577481805,1.1181321228441448,2.0,0.21220934105845407,1.60681,-0.6123258833524116,21.8195170311615,0.11255738817452543,3.156309,4.879370247223336,0.086868,0.6775190162909079,3.0,-0.43508825056052125,0,0.24078602646919303,1.179592,0.4672582763123889,0,0.23694749259369013
5,120.960333380809,-2.5239297407943946,2.758394,-0.11496737413726263,1.75,2.1276109209638063,32.655222295801295,1.595491849990025,3.0,-0.6860184722346656,1.358163,-0.8036571443975892,2.174248,3.472593834649907,1,-0.794832568915222,1.079524,2.412380255573951,0,-3.583943932395898
0,75.3553835216352,-0.3219315213289067,2.5621,0.4390264578971558,1.707968,-0.6123731363270821,21.05328800503843,-0.515351542431733,3.105007,-0.5702663219950879,0.923082,-0.8488041310027453,1.172427,0.30257311082076693,1,0.26398136495384095,1.2650693489030045,-0.29952609525191826,0,-0.18645036789582103
3,50.4987834667509,2.2478768522154335,1.0,-0.030651679391086168,1.63,0.049663328382624314,17.5887510922304,-1.5279227940346485,3.0,-0.5692003507528258,0.0,-2.260801371525434,1.0,0.46964512249318396,0,0.7811354419143776,1.0,0.2688184383340799,0,0.5779573523666095
6,111.275513741937,-0.5191600309734448,3.0,-1.686304118362387,1.630927,-1.358255937867874,25.8285286187106,1.2546405536686986,3.0,0.15000733802722443,0.26579,0.1921959413497121,2.444125,0.09625767532236269,0,0.29523510940565595,0.0,-0.17443521378858542,0,0.2529887932924948
6,129.891389001066,-1.2808371138026629,3.0,0.05817726797770413,1.7395627542981398,-1.8130492488916758,19.3724459188291,1.4920965044859082,3.0,-0.03807032138248381,0.66488,0.23640378212047636,2.501638,-0.2866965442041755,0,0.04653819900790159,1.546179,0.1266669030018806,0,0.26688522421484706
5,111.489757118663,-2.02742842212459,2.262292,-0.8076589146968894,1.76003,0.912977348482164,29.574729397478105,-0.5264961540840507,3.0,0.10654298040087253,0.847587,-0.38279650496314777,2.115354,0.3483916202331839,1,0.25288078747175036,0.0,-0.2314346763502637,0,0.45852031496388773
1,84.7977427062099,-0.821354069870338,2.0,0.18264122682280404,1.7329034172758289,-0.6480178482402306,23.7275737001366,-1.0044966643132487,3.0,0.12186566197772765,1.0,-0.46521902215602506,2.056053,0.7940170008337145,1,0.11640617660853064,0.0,-0.4109665952546857,0,0.050183005550495784
3,68.6451305001322,1.168382651513757,2.0929793091990536,3.0146728233744122,1.72,2.3648510494817336,23.1129094963041,1.016909496499405,3.0,0.46061449475613414,1.0,0.27843176207029946,2.0,0.9897257164646484,1,-1.9160435489172356,3.0,0.517723002928742,1,1.4577525602969092
6,107.68695214987,-0.48557295262210454,3.0,-1.446495094167584,1.628909,-1.5015014065986982,25.4169219677107,1.220660674629502,3.0,0.14652369171629953,0.540812,0.4001719184569187,2.686824,0.16535482882245978,0,0.10906554704920249,0.0,-0.11911371173692492,0,0.41133513150708373
4,80.2585049826869,0.0905360313745121,2.0,-3.4800200901707354,1.543192819819951,1.7792048366917674,39.1364786355911,-0.46745200085375,3.0,-0.21372310304253167,0.0,-0.5191864413354761,1.274774,0.06747726259965399,0,0.4534056748127853,0.0,-0.5113960897574866,0,0.4918373707105724
0,85.2607151343645,-1.3440997710526887,2.923916,1.1957654222843273,1.814182,-1.0150703387680615,16.8831103992621,0.6665751348200143,3.335876,0.2631070044478064,0.311436,-0.6856786707713669,2.372444,-0.3704652390170236,1,0.3875652325427833,1.305633,-0.05677825394717054,0,0.11584315235217414
0,65.2502235895699,0.5167238861348893,2.213135,-0.5016806706792092,1.6,-0.3557494008146195,24.7155690332784,0.3323730601935395,3.0,0.18630686099707572,0.0,-0.21274297759125896,2.046766,-0.6926144515979811,0,0.09387471633140146,2.172546,-0.10250151637667934,0,0.31972297448294756
6,151.650860853244,-1.9482283183051043,3.0,0.33407287644525785,1.801478,-1.8343945648563904,20.7576606040967,1.519884036738292,3.0,-0.31816287396856463,0.933964,0.15625590546589305,2.226081,-0.19826289664766059,0,0.05217656412943713,1.881761,0.20607304927484443,0,0.12444376787462981
2,56.9796550835144,-0.7438322137435908,2.0,2.274138501794035,1.776989,0.8341981146958538,17.7481151372215,-1.4740312352981648,3.747163,-1.0808930834864645,1.84383,0.21281043863713953,2.575535,-0.9840242187348356,1,-1.2425128002247317,2.0,0.2031403630447182,0,0.8876730757630209
5,123.778510482257,-2.262753548138578,2.0,-0.1315859815417201,1.819296,0.10363062521938964,30.5979023620303,-0.24354730024462354,3.0,0.6126333581965704,0.0,-0.7929517889801068,1.984323,0.039211359655409964,1,0.6664218174255576,0.793262,-0.21100662510859175,0,-0.31357715079880943
3,66.9991835369182,1.9277307579203897,2.0,0.585702317059802,1.6786234219750495,-0.9734474130461616,16.4345071232564,-1.2592894547978437,1.0,0.9092207758589577,1.0,1.3935062025750447,3.0,-0.1651260177990266,0,-0.8728251624698059,1.0,0.11832506197230608,1,-0.03429801555261582
5,130.092391470646,-2.5247452470611242,2.497548,0.08651934953902891,1.8871818531883646,-0.061891469413268965,29.4198969158774,0.13227653834144615,3.0,0.032661978692247254,0.173232,-1.0681512460730211,1.362583,0.032973440323378,1,0.8155547273396817,1.144076,-0.1304963618640586,0,-0.5548323186715783
5,116.43677097008,-1.7651861125948471,1.996646,1.0316283428043977,1.792533,-0.5790631872311615,22.6309344044896,-0.46232753661284676,3.0,0.21597175177426306,0.739684,-0.532419931978172,2.0,0.08704053479352965,1,0.19320563601528182,1.600536,-0.1178079481280524,0,-0.12442889200361956
6,110.923297993932,-0.5464340682732708,3.0,-1.5861896356228449,1.6340261350809624,-1.4313679057682034,24.6826093118549,1.3374018746513856,3.0,0.2899709211937984,0.17403,0.23267949458457587,2.609188,0.018203346573255272,0,0.2937782423911152,0.0,-0.15987386272252155,0,0.29220062846588407
0,55.1425247177968,3.2609815164757325,2.0,0.11024554779183018,1.6285633351662825,-0.7333394906390339,17.6901532092947,0.5332223226197208,3.0,0.43322569089655905,0.978574,-1.0287962617507003,1.274718,0.8978714745530932,0,-0.6505898919452443,0.129902,-0.2106235669036527,1,0.770198869472571
2,44.5179477865964,4.799736676113085,2.718842127944266,0.9478654944117195,1.603435,0.6513121211189201,20.0432687477579,3.1399784777425217,3.0,0.6146187296053618,0.0,-1.6357182585441232,2.0811176117952446,-1.0297759556038946,0,0.11713670623023886,1.230441,1.2692261164161258,1,0.6660846055119503
4,85.3822455909591,0.4077249864518438,2.609123,-0.3422557504788237,1.670058,-0.8250102798106435,18.1161569974546,0.12443111859195144,3.0,-0.620921366418577,0.0,0.3014283564792761,1.955053,-1.112497243119552,0,-0.3312132785483063,1.186013,0.019389010655331555,0,-0.2869432001292444
6,110.188671482525,-0.6507993924255889,3.0,-1.659744985204968,1.639524,-1.2967129118516802,26.1813234348879,1.425137739344004,3.0,0.4211834790422664,0.064769,0.26351310164278113,2.739351,-0.07359497512498483,0,0.32171423871020843,0.0,-0.12477514226431466,0,0.3250405816309826
0,62.6273652774271,-0.11106609446908104,2.869436,-2.153656996230102,1.554728,1.7518292944133613,40.0950047465051,0.9609567668545922,3.0,-0.14031867336063028,0.305954,0.2524074920320395,2.1842914829794786,-1.1269210337933409,0,0.0006930095041463665,2.16079,0.25069683421267674,0,1.0221145647748495
2,43.9175859402539,4.329511474060487,2.5231774930506714,-0.28722536571948576,1.596466,0.9919523252958855,23.8504278105353,0.37976653560248247,1.882158,-0.18782496545453423,0.0,-0.7079262241303541,1.916812,-1.090067841725553,0,0.4839693189485026,0.417119,0.7804617088126118,1,-0.5311924236256488
3,50.9621382034598,3.4130439939891546,2.0,-0.11767573902369041,1.54,0.380603961742259,21.3496747601151,1.6440595568317204,1.0,1.2532983473158958,0.0,1.287977309482412,2.0,-1.1987206543325097,0,-1.0727246606074519,2.0,0.7229722997297163,0,-0.8341393744313546
5,118.857340785405,-1.580338246094206,1.893428,1.2478959354721855,1.754439,-0.7264686627685347,20.9953100081861,-0.5904502887984704,3.0,0.13621638516153042,0.93648,-0.40703509490495265,2.0,0.08341712864360053,1,0.03508369055152253,1.917383,-0.10146912912835981,0,-0.07710626377395233
2,40.803059139442,4.009947968767813,3.0,-1.283999452163592,1.525691,-0.8095833035676446,19.2913417934467,0.008432137358443254,1.0,0.33603073411599405,0.560887,-0.7872589014825319,1.764055,0.9609974887010525,0,0.8436194814622144,0.0,0.6905233609123884,1,0.6109064262239732
0,62.1196169505058,-0.038359972490120686,2.948248,-2.9955033260865016,1.561109,1.2901145760941044,39.0766393413983,0.7857256078032462,3.0,-0.006969657959679549,0.360193,0.2918723694659521,2.429911,-0.3409302637200017,0,0.11541386336348915,0.11964,-0.05511199406860673,0,1.0554736730575023
5,127.524723305488,-2.6690156523399393,2.731368,0.8930111516180693,1.877732,0.9052471066978676,30.5830860770807,1.6111139759762045,3.0,-0.8837859725042293,1.150439,-1.4311125976391046,1.486824,3.72157688987479,1,-0.4480631258051961,1.485978,2.339283995065059,0,-4.459853042621163
0,75.9067608142194,-0.6690292747168622,2.0,0.4071322417875397,1.7420119021736604,-0.24576810346982345,20.7533002806186,-0.6606798734351926,3.0,0.4705051633650332,0.0,-0.925584911896893,1.833055,-0.03255449583088359,1,0.4898896135361249,1.0,-0.37081558129048003,0,-0.17745934954355078
2,45.1886330904184,3.9778060493271163,2.591439,0.741111314457729,1.6,1.07355038200383,22.7529351038706,1.0501667806516939,3.0,-0.5042880778129911,0.0,-1.1897228248600082,2.074048,-1.8181128695810818,0,0.41416945034486125,1.679935,0.8653178968040295,1,-0.09552119751500675
5,101.57338604353,0.25260452771133307,2.801992,-0.7581323919925547,1.644751,-0.7927217912274532,19.7910815390023,-1.3179637821149859,1.343117,-0.6797359852803574,0.81998,0.9101098340700863,1.128942,0.10301742561055545,1,-0.3145251304329289,0.233987,0.06705989997421583,0,-1.3054387853415588
0,82.8405516613679,0.16672609260241392,1.0,4.07861781421687,1.78,2.3957674450727606,19.4513700655577,-0.14907482348674048,3.0,-0.5753058175769562,0.0,2.219936609446286,2.6636293727716485,-2.4927217427326287,1,1.9575225677886734,3.0,-1.2306666685698726,0,-2.3001116272930577
1,81.640698992324,-0.34885311763681276,2.0,-1.1524459263299294,1.664927,1.0895428132013127,33.3597073112437,-1.0271740105536262,3.0,-0.8765047674304466,1.50301,1.1048277953652383,2.641642,-0.4381916395487362,0,-1.12326501888631,0.285889,0.13864048275836158,0,0.8280659078641461
2,41.3125805940357,3.16171734219146,2.68601,-1.48651055928168,1.544263,-1.1570198078117997,19.51562075178588,-0.8815074623394811,1.0,0.3981422358081316,1.0647,0.1423644233153832,1.310074,1.272113142072608,0,0.17183390362133358,0.0,-0.5281191443544544,1,-0.11240097324170338
3,83.6543092850651,-0.0649740519858628,2.0,1.2840492084160167,1.85,0.3157190898586491,21.2364939681249,-1.1342002267399636,1.0,0.6277795443712846,0.0,0.20766637063231225,3.0,-0.7016803440745998,1,0.07637683108685295,1.0,1.5828083124272918,0,-0.1957136254501093
4,81.1128852061335,-0.01257667496958226,2.0,-3.5393721165507084,1.548403,1.8774585458714568,40.6552759616758,-0.4343308459035521,3.0,-0.1818311965336475,0.0,-0.4882318098322034,1.326165,0.048951294982444896,0,0.4542973817134411,0.0,-0.4831556953190799,0,0.5109699806813426
1,79.663065590505,0.9127534260225856,2.0,-0.35970081004936055,1.668649,-0.7507726832203614,22.7865523082661,-1.701828976484278,2.256119,-1.48957644086109,1.611271,0.7239276091046987,1.142873,0.23251152310589274,0,-0.9305216051063248,0.807076,-0.06976185700611999,0,-0.4667644800779458
6,154.469994366385,-1.9109718164120548,3.0,0.3347289841303531,1.782714,-1.9111430302105368,19.3636546574228,1.6351057403788476,3.0,-0.18243561378346113,0.768375,0.1856219682807305,2.319559,-0.32750386433127404,0,0.08064748543643371,1.97073,0.2093090543592674,0,0.11904517858352238
6,137.2008315942,-1.7487979641726923,3.0,0.37940899708033926,1.787614,-1.6628353245225547,21.7820070136344,1.5823448346547024,3.0,-0.10627473512066198,0.835771,0.2808077604781017,2.531456,-0.3864692621249232,0,-0.015541236133768415,1.980738,0.27003833605691446,0,0.28797542173794116
1,72.4016075201926,1.109206610622608,2.522399,0.41192442468456036,1.696068346192865,-0.37755603343571204,20.1546398367401,0.9909845625697562,1.032887,0.6585118622868412,0.440087,1.2609970984506855,2.397653,-1.1117935448087732,0,-0.19794979294439724,2.358699,0.31993791110284175,0,-1.0978173943236689
3,71.3394061956337,0.5753534391013176,2.0,-0.20999698284449475,1.7,1.6280235126718035,25.9993718319621,0.3607735785086182,3.0,0.22876384412476394,0.0,-2.8407718628637655,1.0,4.220437228914743,1,0.3212344823433763,0.0,1.3112066918699856,1,-4.41196482635766
4,88.3597725917431,0.4666641978275963,2.983851,-0.6167855405767066,1.6556748974845579,-1.3246787854909008,21.6765005281911,-0.051177264672814464,1.068443,-0.07717087221265527,1.0,2.294812277110998,2.854161,-0.5610555746753302,0,-1.017819619992473,0.9084480556931165,0.6179125961676051,0,-0.36314257281440027
1,78.2017943155955,-0.35213624350713363,2.0,1.5570362581325672,1.691303,-0.6449815872325193,20.5020200186879,-1.1189644330178998,2.038373,0.07777810847484447,1.506576,0.37712395728178894,2.0,0.08829686962900309,1,-0.46058430550666035,2.70825,0.18860183526422175,0,-0.05490442778110107
3,69.2441020281083,1.8271988088560318,3.0,1.0859751690552222,1.7,-0.11386103475154112,22.3047082836091,-0.10308050666308131,1.0,0.4887490881119832,1.0,-0.9458949310086069,1.8858383204279885,0.3944024911920855,1,0.7970781160649536,2.0,1.2220969563346062,1,0.36495891190673424
1,96.1676001002616,-1.4496909752871359,1.116068,1.6682991083678207,1.856759,-0.583034073864937,23.4064051729199,-2.276741572127812,2.449067,0.010869102616565225,1.97117,-0.17011969669636887,2.0,1.2191202393060994,1,-0.4185271404521416,0.92635,-0.2420944582551675,0,-0.003543118916474015
0,59.4894538916875,3.478309740144592,2.823179,-0.731125793797163,1.550723,-0.6341130120484869,18.0495373372069,1.79107683450677,2.644692,0.7762408636528818,0.008899,-0.8450207264377847,1.226764,0.04412146111516095,0,-0.23817326589076399,0.747528,0.03568573039951065,1,0.47285930528098247
1,81.5987435735205,0.18262466016881704,2.0,0.47580978753932823,1.672101,-0.3556163628183585,22.4100383887163,-2.0916558599558406,2.395785,-1.0376357718780842,1.544357,0.5026706967045613,1.40077,0.15538225333643566,1,-0.7797585091208246,0.788659,-0.04859370421181339,0,-0.6288394051143616
2,41.2598017345033,3.929827287438143,3.0,-0.690550284595412,1.556211,-0.3246904471066262,19.6614537798327,1.3520628453642014,2.0846,0.7236883015040314,0.062488,0.5778328659740289,2.13755,-0.7386289359515326,0,-1.0970949426492875,0.196152,0.5015048187635153,1,0.2950664866710171
2,41.8056277631648,1.9760715456654396,2.815157,1.2466747282500201,1.640824,-1.12211246170159,17.2073043845357,0.4653171760300056,3.0,-0.017340985586813826,1.380204,-0.4802162018232112,2.1441203770320634,-0.1427916708821919,0,-0.1886622132734807,2.595128,-0.15951131145811984,1,0.92007278349594
4,109.822018953448,-1.6103065777275802,2.0,0.8614304658890912,1.792239,-0.914128008378994,17.9094080665548,-0.3233850532118676,2.141839,1.357554625702144,0.103056,0.145581537182615,2.939847,-0.05809391679244934,1,0.2212232343476431,1.0,-0.005469087703173301,0,-0.17910966770222503
0,82.6550707388812,-1.141835587001409,2.0,0.935388978218314,1.806947,-0.44612900305009245,19.5639231512276,-0.5715954674388747,3.0,0.5328272387051465,0.19668,-0.8230781838243855,2.105438813279278,-0.009359465597916278,1,0.3880728962469687,1.067817,-0.27646717459003683,0,-0.08911529944521451
2,50.5320709399986,1.0249735320131301,3.0,-0.26880471435745346,1.675446,-0.8854826929333904,21.1368399757094,-0.10231888389774803,3.0,-1.296791140566648,1.0,0.5558150597605624,1.8728539249392382,-0.6026681638732895,0,-0.7122165969667349,0.7702681245711203,0.08309452311664646,0,0.015550117841910438
0,79.6158008445175,-1.0522281048958255,3.0,-0.18492416087949107,1.752391,1.084112814895338,23.1067125575627,0.10876225996254171,1.0,0.8320870319792225,0.0,0.5323372061545661,2.0,-0.970367603527214,1,0.27875070280842695,2.57223,0.5289960772960588,0,-0.19168556232408068
3,68.4556651906823,1.1286656813681326,2.0,3.029221788745882,1.68,2.252463734631652,22.9572087592398,0.04509195533807533,3.0,-0.9329578514221875,2.0,2.408996542130811,2.0,2.9751772985985716,1,0.3176925434221413,0.7606635596060007,-1.1334133907614594,1,1.4517277826905484
2,51.9596028025926,1.899367709876091,2.486189,1.248355241139401,1.71746,-0.1828848400209392,22.845807504256,-0.8405525195559678,3.0,-2.6232500363622346,1.958089,-0.7128524339098805,1.064378,-0.29691522643451734,0,-0.5701020431549332,2.206055,1.2805716226930328,0,0.5911095701154515
4,88.1379781575538,-0.04523845775432343,2.4277,0.5291344395452968,1.65,-0.8034860196855667,19.8000413025478,-1.1697500906647724,1.001633,0.4849222155039068,1.0,2.0681730322270395,3.0,-0.5263397065656759,1,-0.9961515093809931,1.172641,0.5663182359007937,0,-0.5984262422789783
5,115.23361404798,-1.8307187744355025,2.254856530171193,0.7839413201483066,1.786997,-0.5483117602752239,25.3216137541884,-0.18742255591040033,3.0,0.15892423476126588,0.849503,-0.3728574275183283,2.111908,0.09406733084672474,1,0.1714713695530358,1.453042,-0.036541394376816236,0,-0.05134261292786093
6,110.184974303013,-0.6312705036447392,3.0,-1.5238103990108909,1.643892,-1.4192864337702593,24.6600419448061,1.417768066216503,3.0,0.4214815795420297,0.094213,0.2690354378744279,2.768141,-0.058170939395559104,0,0.29795797029955323,0.0,-0.13159337764871057,0,0.3347206035960016
2,42.462731837304,4.884679060787802,2.724285,1.1711733454049706,1.555431,1.080998542525036,17.7928508512817,2.1427413507945783,3.0,0.30367587578635397,0.0,-2.3912049545899987,1.0,-0.6743852958435158,1,0.49578433098529373,1.070331,0.9961127521003428,1,0.0005981902308784859
4,95.650154015661,-0.38726374856023343,1.9278402572383964,1.0164789420551001,1.690437,-0.6563308498039673,20.581521510032,-1.7118794102965618,2.95833,-0.8726098523069017,1.595306,0.4962082678789141,2.0,-0.011731285264019163,1,-0.8826652212265602,0.8148353411583721,-0.0324989175266748,0,-0.28970113034432404
0,86.8608944037721,-1.3926261884972373,2.0,2.008874767265371,1.8,-0.6294580720303887,19.3014047205597,-0.3584748518338946,4.0,-0.19128139645474201,1.0,-1.0289096446516217,2.1464947506470344,-0.15886513996276086,1,0.008757110230223837,2.0,-0.211893124056442,0,0.4112934959037878
0,73.3247273968561,0.6813756337749418,2.0,-2.0903164034382358,1.6094253067773263,-0.23825120625334154,28.1860007598375,-0.5559754499241711,3.0,-0.30109897084225407,0.0,-0.8702490087880048,1.0,0.49449833956843864,0,0.5435775849043919,0.0,-0.687126787753224,0,-0.15840965093070256
1,82.9972929186239,-1.158695020657566,2.746408,-1.3522551765061719,1.746055,2.0979202025875385,38.4574710398225,-1.0331937021140167,1.058123,0.06546582253835136,0.673408,1.5289119216577745,2.265727,-0.8681037961241297,1,-0.5146376705903467,0.885633,0.6748903712989975,0,-0.36012084820560525
2,49.4512675284888,1.3826006413718612,2.652779,-0.6523066882736238,1.689141,0.9832303787729622,34.0045764293241,0.26626314297976394,3.804944,-1.6454387817955438,0.096982,-1.4010973729577028,1.60114,-1.054176417379154,0,0.3341859950059289,1.0198670324393195,1.0668427366996978,0,0.691420944846452
2,58.5550363758319,-1.18347598369327,2.34222,2.109555948879714,1.856406,1.08297574759032,18.0466139456651,-0.8611296633739428,3.937099,-1.0190645703608958,1.128355,-0.3428624392416653,2.311791,-1.3666413105005966,1,-0.7548445408571327,2.013377,0.1898213441113556,0,0.6723810941012617
4,96.2010973441097,-1.2734841942159993,2.0,2.805680911239595,1.769484,-0.4581376563300123,22.7596960614182,-1.024094307538537,3.0,-0.5762570950366367,2.0,1.1215328654301908,3.0,-0.9784632142012855,1,-1.4088761174825157,3.0,0.6348530604344043,0,0.22058350159631357
5,97.8677155612553,0.006741814416926251,2.95841,-0.12293803200914064,1.61981,-0.17823552289295705,24.3377935054723,-0.5756931517225371,2.434347,-1.1509829527989561,0.754023,0.38898575652049794,1.0,-0.8205208347871401,1,-0.32273786717704,1.930033,0.23752838947165733,0,-0.934392279334589
0,80.5343073746475,0.049918577825519034,2.510583,-0.3630771755482309,1.743841,-0.8282375127080243,20.5829295231489,0.1462917539547055,1.0,0.7421160512463499,0.0,0.6849092711387147,2.0,-0.3751062396564358,0,0.1249348452480313,2.119682,0.28155896100652167,0,-0.45054996365592587
1,62.1526547723305,2.7422577594280924,2.0,-1.178486276925179,1.491441,0.030509077995866038,22.3026768464496,-0.6157547031925646,1.477581,-0.2672550879839618,0.51743,1.6540897236104386,1.995035,-0.9567382349873808,0,-0.7827250164470738,0.324676,-0.10390383626641153,0,-1.444120728292944
2,49.7925926946524,1.6166147452724902,2.0,0.9719807899787528,1.710129,-0.49861833250129006,23.7845187678138,-1.1189522337497868,3.0,-1.545178865657649,2.0,-0.016481376682644655,2.685842,0.18564906281075988,0,-0.8557562344869695,0.373186,1.165462989620572,0,1.1603569851618976
1,77.7930327068748,-0.37911140679363337,2.0,-1.3665797367192356,1.64,2.9733366897562097,27.9177506953859,-0.7278643717389371,1.0,1.0520559937631901,0.0,1.6391275150916147,2.0,2.238013260796524,1,-1.800496972303278,0.0,0.6305184789939446,0,1.785704473678043
3,58.7083228550359,1.1793317477406526,2.0,0.8349306270363055,1.66,0.3977185624027873,22.1968241366789,1.0085756852708139,3.0,0.13440449326524287,0.0,-0.21125131486223608,2.0,-1.6861918278761128,0,0.0509569893671406,3.0,-0.09050769286965021,0,-0.6206113215852592
6,110.92074775743,-0.06812651457559454,3.0,-1.3310237163218441,1.66,1.0115388106916012,25.2180201175831,1.7110371019203605,3.0,-0.22042631557531117,0.0,1.152569111462902,3.0,-2.0140800536762944,0,-0.35475739102270226,0.0,0.13322256655427173,0,-0.44711686949258495
5,126.619703497744,-2.4689192404471636,2.939727,0.5114797362605872,1.8544444057297678,0.6952354696006593,31.0227622548538,1.6013626749143728,3.0,-1.1547818036395414,1.432336,-1.3601237161963202,1.344122,4.063860610065049,1,-0.4782142822140498,0.923428,2.2682212860221824,0,-4.462571601520998
3,49.5961267292233,1.6695108636051132,2.0,-1.1203795897569422,1.56,0.779805994741275,31.5988006371123,0.6660871761558873,3.0,0.17341091974813494,0.0,-0.08363430994814751,2.0,-0.9427929590705103,0,0.1911493432834546,1.0,-0.39581028231855797,0,-0.5791627814460131
0,83.2855263352388,0.30688627563084797,2.421429253895561,2.9677100109028887,1.78,6.462236344969546,56.6887914854346,5.005513221390771,4.0,-0.5063234056149212,0.0,2.0317613931647585,3.0,-0.5573359445391984,1,0.3607674744055391,3.0,1.7237870301819163,0,1.6757908691642487
0,78.1459292433288,0.5860246658041999,2.446872,-0.7075333592177321,1.6476172631840191,-1.6678480151520287,20.7532882532665,-0.4990905587319075,2.372311,-0.59467616731124,1.650778,0.4210613693165927,1.81031,1.0809059280705207,0,-0.3601863380817873,0.094893,-0.2798664102630132,0,0.21538665505841553
0,59.9893577446063,1.1348553224172322,3.0,1.3783786953685166,1.6351843006491362,-0.6727017627146958,18.4640774107467,0.9536603780409816,3.0,-2.070138241794957,2.0,2.4037136964812293,1.9986998874025526,0.4379153256011178,0,1.9549613615846073,1.0,-1.4358569055110182,0,-0.45211834422088404
6,110.931366923547,-0.6306070765037046,3.0,-1.6366141351138224,1.642572,-1.3300818801370928,25.8662166738968,1.3618561893847427,3.0,0.3177139390945205,0.138563,0.2218138899605922,2.623489,-0.007234981943233238,0,0.31783339759045176,0.0,-0.14361909544712667,0,0.29164573459807924
1,81.9397192488938,0.41997671316066865,3.0,-1.4880394818655944,1.71,3.0185426119129786,30.7339917937757,1.9327051603174508,4.0,-2.5579898727051185,0.0,-2.655948757698413,1.0,2.567956749755607,0,-0.12249193126127199,0.0,3.105786887767543,0,-3.3312511395454414
3,66.3830024493477,2.437649143273408,2.0,4.824561204765411,1.6879182171880087,2.1245277026453744,22.214388750931,-4.414230426657483,1.0,-6.0084149685869255,2.0,16.9423787374923,2.0,9.4184638182909,1,27.652784756164408,1.0,13.59104919675687,0,9.485926734873217
2,43.105873916415,4.134404752631216,3.0,-1.9392156650632433,1.52,-0.37901147487884723,20.9941402409849,-0.051009002963261975,1.0,0.18516919273200505,0.0,-1.3409448926837348,1.0,0.8729658694819042,0,1.2725400315509252,0.0,0.5282499756108187,1,0.21502121840884747
6,130.227748187888,-1.2313856780722563,3.0,-0.5428053910200996,1.747714,-1.8327954121179268,21.3571809989774,1.1917439083869792,3.0,-0.25606292645456424,0.836151,0.10558126062336333,2.232601,0.25656423570926135,0,0.1393508013457532,0.554323,-0.06620519535266911,0,0.1729773613671235
4,79.4964800159981,0.1609469282797119,2.846452,-3.2032690847099934,1.560648,1.6740816140388604,38.9566779771008,0.2676076012948944,1.139317,0.22939004033300142,0.0,0.8177075221435972,1.459511,-0.604998673149523,0,0.2461722928984222,1.71807,0.30539710219883237,0,0.024747231909264377
4,88.4099684761505,0.5163172343954194,3.0,-0.13802050979701716,1.640426,-1.556895865454395,22.1076981394921,-0.2062288594490955,1.0,-0.3780274309037816,1.77795,2.7180076112645914,3.0,-0.3754736061992398,0,-1.437339586788341,1.280924,0.7728651355582958,0,-0.1576234641621194
6,108.474834369824,-0.2766166834654435,3.0,-1.6210520456513364,1.65757,-1.3922265494721449,23.8688263451912,0.8599986749798354,3.0,-0.43657238402626475,0.472343,-0.24195817474576894,1.610472,0.3947773040298226,0,0.3963429499725553,0.029728,-0.3256936247203861,0,-0.018440394592170364
6,133.813543831993,-1.4284350912005073,3.0,0.1145974210843003,1.743589,-1.8969880117009654,19.8610271519117,1.5280852263042068,3.0,0.0017134926754630718,0.804491,0.38092716701671336,2.684819,-0.2282799208526272,0,-0.03653244232168703,1.46525,0.16510028830198026,0,0.34440935389858107
0,87.8990410262117,-0.5361970174008973,1.450218,0.886727150597236,1.813678,1.6684530723462785,25.1706323175738,-1.9124402585340086,3.985442,-0.11619754599056789,1.0,-1.2494388427513166,2.147746,-0.15815207163314995,1,-0.16729439879581195,0.046836,-0.6030886817366043,1,0.6928417196103723
4,79.8756039596111,1.0673258985777498,2.0,-1.7922320082346501,1.615854,-0.4275534212529537,23.8177410098279,-1.3365164767426543,1.0,0.24076535021043288,0.0,1.4062343315180985,2.0,-0.25055823292740853,0,-0.4627431533547121,0.026142,0.03965398608378812,0,-0.8649870739875947
6,134.285342128352,-1.4870064549456314,3.0,0.006335761973983134,1.749118,-1.789341118756375,21.7376758805162,1.469350291879041,3.0,-0.09299855294883456,0.901071,0.3708115389562464,2.598860490470038,-0.148109829298673,0,-0.04057363561562262,1.412357,0.1675228830619634,0,0.33291896734232906
1,81.1565043389347,0.5218330537633933,2.0,-0.12549517243428746,1.700216,-0.8572236011520438,22.091707074413,-1.3567374108503465,2.815255,-1.3112040963949925,1.462664,0.5361785606195595,1.622214,0.11194915701124182,0,-0.8850215836868912,0.463891,-0.13076029712203482,0,-0.17459580078426076
3,49.5068963804197,2.945323440192056,3.0,0.07014268523360333,1.55,-0.9247982569116169,18.8387122116403,-0.5473013509973761,3.0,-2.8093841616137554,2.0,-0.4354179431620437,1.0,0.10434855658730653,0,-0.5428891431302297,1.0,1.054090306347577,0,0.5873871297012186
3,67.6708573643176,-0.060229453107041905,2.0,0.8285151649609798,1.72,-0.00955460693535716,22.7813002606372,-1.662667251980325,3.0,-0.7783689315243402,1.0,0.04708614870612333,1.7351182747936809,-0.3763168571882303,1,-0.5875994625992623,1.0,-0.06333147345336486,0,-0.37702121038351694
1,99.8002452964648,-1.4426106457023715,2.684528,-0.21933714549445904,1.880992,0.03512423290345555,27.3488275198653,-0.496254875379555,1.0,0.4653023057641285,0.084006,-0.17175585874736118,1.05668,0.13264369361286982,1,0.7108413655749741,1.516147,0.17982428164187075,0,-1.1814874870867873
0,87.9787743249548,-1.4928979446129615,2.987148,1.504107969922985,1.8049408347830371,-0.8537578412169562,19.5392108143851,0.831038361687604,3.483449,0.03346221916521021,0.598999,-0.5883746629296193,2.359246,-0.5865620952435209,1,0.22446638227496488,2.060415,0.10932545751951167,0,0.23893123527171634
2,45.8029920761856,4.548388242319204,3.0,1.1775385777635905,1.602082,0.3712890580360218,19.4341701372402,3.7531628961309282,3.0,0.9939259995926815,0.0,-1.1700427141571075,2.875583,-1.297267029690643,0,-0.033779527535720326,1.258504,1.4780046813437795,1,0.9523479173951223
1,84.8637375545397,-1.7278444848580627,2.63165,0.5842939099461237,1.752456,2.0204816049293597,34.9347499269708,-0.20553134579667412,2.98212,-0.38838292919195305,0.905181,0.8285957183950412,2.778587,-1.8458198695888175,1,-0.7927560359219155,2.667739,0.745131823259659,0,0.5103127193458895
6,152.407896685181,-1.6350731954031479,3.0,-0.6533878616731648,1.730113,-1.9165235265010028,21.7381461834414,1.48673242155957,3.0,-0.0778644404190637,0.671458,0.22962214995555535,2.374958,0.08971257147893481,0,0.19234432633220236,0.750111,-0.0016963147078975563,0,0.11668940058341133
6,102.800359239124,-0.22575510615859573,2.9786698319713896,-1.4844140309880465,1.664463,-1.306150601303454,26.4939896551475,0.6036948319125206,3.0,-0.7646331767897047,1.0,-0.13282910786918617,1.5005447397094225,0.6240810647489967,0,0.18679797786133215,0.112122,-0.27747583540670023,0,0.07836653236569059
5,113.719558877669,-1.6287125910362523,1.289315,0.5401436215087458,1.761519,0.057024747685231456,24.8840056795004,-1.0480121809211156,3.0,0.7896805659512399,0.001518,-0.843067100821178,2.007348,-0.02400226533778442,1,0.432771184390553,1.376217,-0.3429201246807918,0,-0.24104287134055633
1,77.6811934832968,-0.15657245941650436,2.76802,-1.8014485278390575,1.679299,1.3779117798968614,33.9369453445701,-0.2765913333613165,2.137068,-0.7587436261653444,0.691944,1.1408195531944674,2.0346575862955203,-1.0190723511313728,0,-0.648122175397264,0.966973,0.40159927087209707,0,0.20213319738770763
5,115.391897663501,-1.7282407596903189,1.562804,0.572084439452476,1.765258,-0.023623879880416768,24.9937469776445,-0.6746085982281754,3.0,0.7530017929619651,0.000436,-0.7524308140943371,2.075493,-0.17720441680679477,1,0.4413616534643226,1.553734,-0.2367383269701666,0,-0.22002098199588963
0,67.7721088368996,2.775178772985069,2.2994898095713197,0.03869906689242333,1.618683,-1.110570720699869,17.2274279635565,-0.43475452719553903,1.0,-0.7480398735624665,1.890214,1.9240126647064513,1.334856,0.27348874621121083,0,-2.2003153826227693,0.732276,0.8849980073415432,0,-0.31868495532394037
6,103.560024227381,0.19024449081573475,3.0,-2.219359883565227,1.600762,-1.1147686240437487,25.941275362327,0.6506330164446638,3.0,-0.7231758914523662,0.37465,-0.4725564049966125,1.031354,0.4767228927018573,0,0.5347581535170518,0.0,-0.4513239858789237,0,-0.2066020808333761
1,62.6811373198877,2.276256006239176,2.0,-1.4316629192589037,1.5895204353372143,0.3642729311399204,24.4022749666123,-0.6064173828015992,1.0,0.16625214944634234,0.0,1.5776436701140983,2.0,-0.9994161675408888,0,-0.47829459471517144,0.0,-0.05656453901439468,0,-1.7326497390182622
1,83.3674447455315,-0.29260539957726533,2.0,-2.1062394693917295,1.701397,2.187435085217936,37.6853032439043,-1.1108817454230133,1.0,0.14751848187143565,0.0,1.4237863612528754,2.0,-1.2024211262094113,0,-0.5073664347775791,1.472172,0.5099376398727362,0,-0.29893334337835115
0,77.6339484864525,0.2182978639176517,2.277077,-0.9346478928439974,1.730199,-0.8146769652649252,21.687706588611,-0.3007323785575891,1.0,0.8256525088647917,0.0,0.6169501719427729,2.0,0.10173058092207334,0,0.18308073406401273,1.061743,0.04748845494812778,0,-0.4618452693148812
1,79.4758741570825,-0.30965844253542923,2.0,2.06618756043696,1.704573,-0.18862761994219493,20.449693417552,-1.344665835313501,3.0,-0.8679794026768011,1.413375,0.4543276335911012,2.0,-0.9718145387716708,1,-0.9979124336183777,2.847761,0.3199554109541825,0,-0.1893696380675681
6,104.507368616026,-0.48246607348840054,3.0,-1.2276561148780185,1.649867,-1.489208674985497,25.5408152664995,1.092244596701475,3.0,-0.06111363060563244,0.7702,0.35929876292705365,2.535629,0.24668961437255169,0,0.03847379377402727,0.152713,-0.09881673610878398,0,0.41187467029991515
4,87.0482198559555,0.1352642280142968,2.177243,0.04317153643603251,1.644161,-0.24419128111964583,23.8068290435498,0.0008508868485533957,3.0,-0.2695317725221788,0.070897,0.6525118972926581,2.4536125211164466,-1.5525501335447527,0,-0.6120558272873601,2.230109,0.2629329564286826,0,-0.030216798530207336
4,79.2357855482161,0.6952486191774965,2.0,-2.629277870944842,1.54,3.138541518139113,38.3367013838172,0.7895758623531539,3.0,-0.4823585942241749,0.0,0.22865196081745556,1.0,1.918755720060042,0,0.3031025318941589,0.0,-4.952415618946402,0,0.7535463913254669
6,164.235547129447,-2.3860148860695403,3.0,-0.6626739153781211,1.843419,-1.9410044254277572,22.0964599769599,1.555846841102525,3.0,0.06608866316566371,0.479221,-0.018589783501417018,2.406541,0.2839179581875468,0,0.43271984343084796,0.10032,-0.06584631290480578,0,-0.015739204380795537
1,72.9232367316952,1.3036407841855615,3.0,0.219059766079784,1.5891,-0.9029430078503751,19.2179193515769,1.8547104905818175,3.856434,-0.8814127816395897,1.0,-0.12169156676468243,2.0,-0.8665356453782561,0,-0.09339396317942367,1.32417,-0.2990028954992646,0,-0.25810920092006157
0,62.634998828809,3.1682776062533584,2.908757,-0.7790671458556391,1.566524,-0.6360380017277599,19.9074636126404,2.0485966417664336,2.696051,0.9769360781305985,0.001096,-0.671489541841672,1.622827,-0.002666545505838747,0,-0.26630416962923326,0.539952,0.11109703502761334,1,0.6152657736877353
6,128.697077661953,-0.9812186034698563,3.0,-0.6337944817724421,1.747773,-1.921112101857803,19.9037939715186,0.9011011581837528,3.0,-0.6402777463793041,0.998646,-0.13811632002351829,1.705218,0.53435563137973,0,0.19354662656623098,0.390937,-0.2011769742943673,0,0.005905358641101426
5,117.026221579783,-2.2148831262768285,2.128574,0.7706515920617032,1.84842,-0.511246654891039,22.7200629921345,0.036767674113595744,3.0,0.8624023572152483,0.026575,-0.5957059081898107,2.531984,-0.16293537434052213,1,0.49614897709744676,1.003294,-0.11637706293124225,0,-0.1101517164348146
0,86.6774457029308,-0.18939183282412062,2.843709,-1.2734215261776105,1.738321,2.2777188515110636,39.7641891689186,0.97606728291007,3.058539,0.024555460615033168,0.044954,-1.3626701489682498,1.130079,-0.9943497028576944,0,0.829477117648701,2.834373,-0.057195128264975525,1,0.6841526892405339
2,37.9333766251629,3.167146151780269,2.0,-0.7930766824091514,1.589829,-1.052707421587599,18.9662199968918,-1.9545613881001547,1.075553,0.06659221535563399,1.679442,-0.06827702393816083,1.0,1.7462294558442044,0,-0.09462292069413086,0.127425,-0.672696758232872,1,-0.07651777417306768
0,66.6480341019479,1.1395109816773656,1.901611,0.17577178957747985,1.604697,-0.5906573168221568,22.892934753573932,-0.09726657049719366,3.266501,4.720894019976671,0.307982,0.6341018028239586,2.926995,-0.23215189403271722,0,0.1758166959909667,0.985872,0.4044347607107819,0,0.28994526738154763
6,104.340572701952,-0.2728837572599691,3.0,-1.4896111440610877,1.66877,-1.2977313720544872,25.5049249797456,0.7400868590993074,3.0,-0.6287632131125314,0.747909,-0.20652685780988755,1.526416,0.47243256379059695,0,0.28900252699116763,0.180158,-0.27908585320378276,0,0.02860969848140638
1,82.2626876883804,-0.9126263064549653,2.0,-1.2684904254724017,1.68108,2.309457113450338,35.277689429972,-1.4118895679070376,1.660768,0.5317474810234427,0.0,1.0414428248826397,2.482294,-1.146266750514209,1,-0.3839427042831893,0.891205,0.3627941243278995,0,-0.20651425886044877
5,120.43057011733,-2.3863900509081457,3.0,0.8157638050489362,1.828391,-0.7245440813576957,24.703248539743,1.1537175795118702,3.0,0.617833633381235,0.264969,-0.1580063565271458,2.7468344910048357,-0.5977597746404416,1,0.38908398815050427,1.685369,0.2601476073394983,0,0.03223440239861671
6,103.106845158249,0.19797830594154012,3.0,-1.872411951935621,1.610488,-1.3325755418458438,25.4143550736149,0.46578601321508545,3.0,-1.0015296551450175,0.922749,-0.31109870055981226,1.032834,0.7224894293747843,0,0.2934179228662238,0.04525,-0.41079487014461424,0,-0.09898864554310496
2,41.4986308847118,2.8471528797302867,3.0,-1.05822840838765,1.559567,-0.6457754628231361,20.2007418569819,-0.16731117165392434,1.989398,0.2395008031058533,0.284453,0.519035780546392,2.241607,-0.4538598171183304,0,-0.23965722307340803,0.206025,-0.18169660792977022,1,-0.02365289346120022
4,98.4346085495393,-1.3613588107091357,2.0,2.1360080372786507,1.768834,-0.19716971177581707,24.4711055635399,-0.8730329014424373,3.0,-0.2559519139377208,1.36595,0.8934379427185591,2.973729,-1.0726513164837912,1,-1.0664421271968718,2.491642,0.5189839577337819,0,0.06599623471281289
1,76.3744622226746,0.3271231786094334,1.961347,1.5702891496240894,1.706082,-0.09474818540479972,18.6123200253157,-0.078182845399646,3.0,-0.0027887359910804123,1.0,-0.27739690473534473,2.0,-0.4759286280808445,1,-0.033303325269231646,1.4074639619456741,-0.32360165771492766,0,-0.8483318509802991
2,50.4287001083952,0.8554135658791692,2.823179,1.395387658695538,1.753349,-0.6407485195336394,17.6095559884237,-0.22510099627171748,3.0,0.31696443997108303,1.0,-1.287251277852702,1.7780082811510252,0.3603571073811012,1,0.4479649947588939,1.252472,-0.4316680241806804,1,0.3176564123359301
0,74.0900230274446,-0.5239858022204084,2.162519,0.9182788477226075,1.702516,-0.7527917783436563,22.6788758944927,-0.8705422156082824,3.0,-0.15498920077212025,1.502839,-0.14958237812863986,2.152666,0.517996393620855,1,-0.25125967857159903,1.078074,-0.16565923909861954,0,0.268771974727545
0,65.8793335267948,2.141884498817621,2.749629,0.07532771295537907,1.600184,-1.7457497412623972,16.0077980685025,1.3142159470833725,2.298612,-0.09133504603782587,1.619473,0.8817851229996977,2.0,0.578813998428682,0,-1.4585106013348739,0.547515,0.5736035208580609,0,0.6895758732431606
0,74.2385768587711,0.07084093561768506,2.992329,0.7341333145935305,1.729996,-0.07767404799997348,18.6374181974999,1.2640195832022576,3.0,-0.8330911706244746,1.405086,1.230586961911623,2.004908,2.296824209159472,0,-2.362498851334314,1.0,0.696048044393424,0,2.4273477448111933
5,112.995004712834,-1.736042051957354,2.175276,0.38422197832622135,1.77274,-0.31429934144983745,24.6122896321145,-0.05167942957567504,3.0,0.5801888943457283,0.079334,-0.6258067017002696,2.128176,-0.19921968447046048,1,0.49138314557963814,1.306476,-0.13906368431186233,0,-0.19107342629592652
1,78.9235600641258,-0.09322063449963162,2.0,2.001719127046856,1.658393,-0.23943357675584692,21.2827441478577,-1.4292394906532442,3.0,-1.0130031359947291,1.692287,0.6389128031603302,2.0,-0.8871081682314987,1,-1.158231104198765,2.939733,0.34347303202753715,0,-0.110005535440981
6,110.388932846622,-0.6168676725082232,3.0,-1.560699825777728,1.640125,-1.3981440905388174,25.2356862176575,1.3816587117498653,3.0,0.3606141422850164,0.162494,0.2789171769354665,2.7214174732976706,-0.017414936156447333,0,0.27918839636822607,0.0,-0.13154923116147554,0,0.33348823237712805
1,62.4032062362044,2.7969678181030857,2.0,-1.2016969723236839,1.483284,0.017963653710037122,22.1631041041298,-0.6402680117657649,1.680838,-0.45472285001760465,0.575848,1.4878167214765783,1.833635,-0.902225943438398,0,-0.7602079386070772,0.281876,-0.17485037461374286,0,-1.428968150424632
1,85.7265381036183,-0.08327243695784554,2.019674,1.539778200656382,1.7207831536851026,-0.35654463504491146,16.9949066037307,0.36874602742495693,2.843319,0.7228550737197472,0.608607,0.09114964080658956,2.832004,-0.6662650346302424,1,0.0025985795930711783,1.0,-0.23052873824393932,0,-0.7286807153267764
3,65.9756580947997,0.3710043143002516,2.0,1.596030083415478,1.76,2.814263390441068,32.0959195700096,0.13819766714398182,3.0,0.5139789770684621,1.0,-0.9375325737517698,2.0,-1.296611716498929,1,0.22429115839300293,3.0,-0.13096794475611362,1,0.014051697100916593
4,76.2428946333305,1.455569868041969,2.0,-3.14923075015368,1.5,2.0236018621982845,36.6517068012268,-0.4050572585769012,3.0,-0.8702523772897721,0.0,-1.6987628878670866,1.0,0.25311659302139483,0,0.9972115791579478,0.0,0.4983976819795286,0,1.0623207636946757
0,67.1632567896779,0.4513913256806966,1.874935,-0.1497679934249018,1.611822,-0.9123517187066504,19.9148632610365,-0.010710694018166628,3.370362,0.33199890479574024,0.271024,-0.22294279681009777,2.558773,-0.23786082007768586,0,-0.08209192028802825,1.206121,-0.33463838223730774,0,0.6220010671467978
6,111.842435707144,-0.5089315607291254,3.0,-1.5710163325075086,1.631547,-1.4801263819698232,24.3079982660139,1.2826782349206076,3.0,0.19946339112904,0.252635,0.21668699113643414,2.520465737875515,0.08013184985907934,0,0.27773368874719834,0.0,-0.17599337131331255,0,0.27078580934194746
4,108.224693587291,-1.8232073968918618,2.21498,-0.409589443458158,1.789421,1.474390021033343,29.3673297941894,-0.7632631096922534,2.282392,-0.06610349501836844,0.537659,-0.5550206820226663,1.179942,-0.1775606463633877,1,0.40133644940970986,1.771754,-0.001923999438619078,0,-0.11484516225273088
4,95.04798486899,-0.2987212817507659,2.0,-0.23885801009851576,1.660324,-0.24008064822105069,21.2138273180068,-1.2424810865882314,3.0,-0.13503032885959423,0.105936,0.01087077132394903,2.0,-0.4203983962437348,1,-0.162963372127794,0.0,-0.26761228165277273,0,-0.5840116077229071
2,52.1465677806679,-0.43643636183602524,3.0,0.9220078768860395,1.787787,-0.9004922678702897,19.259018619375,-0.011993649501093447,3.0,-0.22718782150158082,1.0,-0.4971162839417511,2.0,0.20327197643062542,1,0.1296681419263215,0.854337,-0.10578878376037121,0,0.1468950700811583
2,59.760311842506,-0.33190102487059947,3.0,1.7078682746072447,1.84,0.9443851865578499,14.9131343615033,2.193056754949774,4.0,0.315601724393255,0.0,-1.2103316924836744,2.0,-1.3514642853444943,1,-0.4674201859177084,2.0,0.6323212018795036,0,1.118825364614676
4,104.768321136947,-1.46797191257106,2.0,1.797499863619238,1.798354,0.20473554390483217,21.5121864250925,-0.5170700955538549,3.0,0.1031396026304436,0.0,0.10578358632043815,2.401315,-1.7206619304256239,1,-0.35486304035736005,2.891986,0.38271547806457157,0,-0.45124316894600397
1,90.0019979994764,-0.8504920854031682,1.771693,0.521768021337974,1.792527,-0.9347422464240642,20.7371754992353,-1.7099355407775993,1.890213,0.32947920775609985,1.36595,0.0925084461864993,2.0,1.2313176865301292,1,-0.09468944953619068,0.0,-0.2764978637565821,0,-0.2942018376895205
2,45.8771564000282,1.2391666716811658,2.911877,1.7603608847855141,1.777929,-1.2220284765475289,16.9826049323595,0.5617481564900161,3.098399,-0.1167695387545548,1.55011,-0.685640010603962,2.196405,0.020189088042148962,0,-0.12902637751966523,2.328147,-0.12607519227322614,1,0.9305360385198546
5,100.559457198343,0.28638068363366015,2.927209766081621,-0.6914126025344298,1.607787,-0.5145598048309581,23.9134743568506,-1.1374653873455898,1.487674,-0.9821268094128974,1.09838,1.015277240881138,1.01378,-0.1282360102451792,1,-0.463557301093611,1.00109,0.23056033288124236,0,-1.193144091537735
3,70.4850495322382,0.5819680073115591,3.0,1.6507749867555552,1.75,-0.5323075748720769,17.4439571104216,-0.1252680223137142,4.0,-0.5869668374372662,1.0,-0.9930341778216865,2.0,-0.5732197579751154,1,-0.09786822758797163,1.0,-0.2853026574750306,1,0.21162258823122704
2,49.1501360133324,2.5519612308968784,2.530066,1.0810138050256668,1.653209,-0.13108086216748296,20.2605537898526,1.0385824009598392,3.0,0.11103313730622735,1.0,-0.5903254435936213,1.965237,-0.702933938912976,0,0.10572452469599919,2.0,-0.41602722098177536,1,-0.20925835999615838
1,87.1800269335027,-1.2570764008634454,2.754646,1.6467273750466687,1.768578,-0.9659940064459599,18.5131268454666,0.48392144658448877,3.0,0.3215477602373759,0.786609,-0.07723106844047818,2.656569181995485,-0.5165185638645852,1,-0.03471915509699621,2.242754,0.21054448291405503,0,0.25509568373048097
2,44.3308321336978,4.976823138922156,2.318355,-0.8955366665775147,1.555778,0.9187106919957733,21.723737058714,-0.41308864922523375,1.082304,-0.2684605611189608,0.0,-0.6183674044957141,1.220365,-0.5897317079036034,0,0.5621241698588618,0.033328,0.6243160578691888,1,-1.0442858459219384
3,83.6083204097007,0.5650789694611333,3.0,4.734776990567796,1.93,2.917617205248408,18.4188650744929,3.980674709626674,4.0,-0.5882377736349601,0.0,0.8675250239278948,2.0,0.29545514996695044,1,3.4099848789424154,2.0,-6.1396343790110155,1,-1.3402286193681963
5,121.266356888006,-2.3565225001632584,2.341999,-0.42515932259912503,1.772955216100956,0.8342127182018391,29.3696477065216,-0.2367989257915928,3.0,0.1494414915530859,0.921991,-0.21877780503205257,2.299878,0.1050421796231978,1,0.16285345369577772,0.565242,-0.06417090434575434,0,0.5141240017062269
3,72.5878813906438,-1.2844975044836162,2.0,2.1040906640318418,1.83,1.5119884761641458,25.8592205761119,-1.6401455996659993,3.0,-1.2463854136860142,2.0,0.439625321084053,2.0,-1.0813539052724181,1,-1.2139281501450716,3.0,0.5164871503132987,0,0.4512683262482641
1,85.1285672155545,-0.33229600268160986,2.454068297214982,1.310025231770202,1.742654,-0.2652416422230901,17.9517656927039,1.1251374691909992,3.0,0.8850841595793288,0.121992,-0.03972318662009631,2.976229,-1.0641481103370385,1,0.26558011092070544,1.0,-0.1478982021162146,0,-0.7279466686095898
3,55.0883337200118,-0.23338441313219693,3.0,1.2502513533499586,1.7,-0.39107551658820994,17.9571928560345,0.6779003455464847,3.0,0.23216211880418003,0.0,-0.5663025718905844,2.0,-1.1496254135401363,1,0.3096123563934935,3.0,0.16790975849788833,0,0.029053488567736905
4,78.0783882726374,-0.15937577436228886,2.0,-2.9394978183686913,1.567915,1.5007593442812621,36.7596202791284,-0.19384340506277292,3.0,0.25856611109127503,0.0,-0.15648040492348808,2.102976,-0.12151193370174451,0,0.2662023235317906,0.0,-0.37118983599808136,0,0.7905391923131413
0,88.8745969224592,-1.7618775576148498,2.555401,1.7822183499344102,1.831357,-0.7549279438428088,18.9787184533458,0.6134759317999493,3.292386,0.7263111580474451,0.315918,-0.3700168814413834,3.0,-0.7130386508408463,1,0.1599422008318519,2.0,0.14613860904436538,0,0.3468356808129215
2,48.6076780275827,1.9608352169745753,1.601236,0.5111926521140344,1.701378,-0.6554365398625039,17.3530465509486,-1.273373732703986,3.433908,-0.23096916827537292,1.030848,-1.7957872102661065,1.055019,0.9243280866985369,0,0.3110303782224204,0.819269,-0.9980254669977026,1,0.4874143489175207
5,118.094252187306,-2.445187810008168,2.13683,-1.470408780867753,1.762921,1.9555507156732457,38.0617156168154,-0.269555959541238,2.993084,0.44655652384466826,0.0,-0.6903092809957003,1.8943254200918047,-0.2564333595468578,1,0.6584772654294329,0.615298,-0.14742087979232593,0,0.22829979681771942
3,60.0049629981022,2.712333419272539,2.0,0.36644008294012387,1.61,0.4806693592343934,25.4533938761592,0.19370094404623456,3.0,-0.28722110362160885,1.0,-1.0400080315185365,1.0,-0.35801116699609487,0,0.2760455299935286,2.0,-0.6661216693881497,1,-0.5738696764390065
0,72.9657052652561,2.584133824915224,2.0,3.973011537317028,1.71,3.8970449266571885,18.993487781441,2.836115805474327,3.0,0.9466735944278264,1.0,-0.07642939951537217,3.0,0.4105143603372369,1,-2.6703245736872008,3.0,2.5230051274238408,1,3.3372151418659914
5,118.340991706186,-2.4549748361626245,2.252382,-1.319444690778882,1.770278,1.907306366753627,37.2878285105378,-0.14285569262143488,2.842848,0.44872053126269995,0.0,-0.5970169874795815,1.879381,-0.37728711418944005,1,0.6403731890998352,0.919388,-0.05294983665678446,0,0.178431591857969
4,84.4508868640857,0.36532583712439937,2.14128,-0.06676650663771447,1.611058,-0.3226416713858421,22.6966398573782,-0.0454285460932271,2.989112,-0.1913287101114323,0.013483,0.7062882578051902,2.519841,-1.5391441996015514,0,-0.6299147100176163,2.11137,0.21811263361797026,0,-0.006019220827147088
6,153.487182883108,-1.952456456339188,3.0,-0.42294837568534005,1.809871,-2.101431403309744,20.7813572042591,1.3251170379394386,3.0,-0.20009279733563104,0.91336,0.12472892802265668,2.351207,0.43250234334628984,0,0.1913472238019012,0.246831,-0.05808299933898711,0,0.10509552577472171
6,110.160621631395,-0.531682311869539,3.0,-1.6115117545844775,1.622397,-1.4125284598897854,25.7847937150211,1.3298547400095797,3.0,0.28329600841801555,0.29499,0.34931863016320275,2.704507,0.044545351392534,0,0.21465499739658842,0.0,-0.1280556060477208,0,0.3625125304414839
2,60.4229384172492,-1.3036160951222584,3.0,1.4617573926928955,1.883364,1.2147111902082295,19.0288511318133,-0.07604079627963768,3.626815,-0.9317466405476561,0.456462,-0.4735490842191581,2.0,-1.7219756377338522,1,-0.3012338683340355,2.011519,0.2989576894889028,0,0.3085609659822693
6,108.620094546328,-0.3624397204881779,3.0,-1.5404318687821867,1.627839,-1.4824236768634742,24.2132089861962,1.1391316431387237,3.0,-0.0006157113501913248,0.413106,0.1649000205110597,2.320068,0.1825001716810908,0,0.2398489125629135,0.045246,-0.20064153600287485,0,0.2438855692758244
4,81.6822238697049,0.9975254362789538,3.0,-0.7381071081748132,1.65,-1.4216147680615647,17.2567031788052,-0.3777122936124347,3.0,-1.8657594566770976,1.195929,0.24109818645773046,1.0,-0.010920628838476493,0,-0.5263123710860964,0.215187,-0.19685871335240152,0,-0.41720861655014047
6,110.316708674595,-0.23490605712510643,3.0,-1.7661776193829297,1.643111,-1.3562386755547309,24.3953395348739,0.8526133959738403,3.0,-0.46696866460776815,0.445495,-0.25787937942112255,1.530992,0.40498863806184054,0,0.4233259664605939,0.01586,-0.34384884212056793,0,-0.054293799164176086
3,71.4619190242663,-1.3446401979423124,2.0,1.3353425162899153,1.8,1.3189376212246537,18.7593480416606,-0.42891538180864275,3.0,0.4384383775296001,0.0,-0.8839174617183985,2.0,-1.1835356982337681,1,0.24557789284187923,3.0,0.0478466048369235,0,0.4535762286420848
5,118.693796507449,-2.4104374319922197,2.073224,-1.72492733236962,1.750085,1.8976090147237548,38.4395654314341,-0.3643424039282673,3.0,0.5463218225645656,0.0,-0.6339941465100468,2.024035,-0.07878155729360173,1,0.6595685889033656,0.131371,-0.22448428821313698,0,0.2670407821487176
0,69.7276247415451,1.8852993127973066,2.0,0.7271554112232741,1.62,-0.10789961096338206,20.1567958063373,-1.0472001611089654,1.0,6.57626055639009,0.0,0.860120874365372,3.0,0.17660135755764503,1,0.6859290194658967,1.0,0.4754827649027933,1,-0.5290134519882508
6,107.07069134526,-0.4672735018737363,3.0,-1.6071087604169776,1.627532,-1.3667246280514773,26.2478435352378,1.2275310855552466,3.0,0.15250469353489007,0.396972,0.2986883233191188,2.569713,0.11994186929331836,0,0.2007580798170888,0.0,-0.1425534342414125,0,0.3452496443380657
5,119.917051728934,-2.544988244362804,2.9673,-0.022578785129633964,1.8032020006392575,0.521477925130628,27.2818028795434,0.5992415372119527,3.0,0.08694280412868254,0.947866,-0.03043137215993039,2.530035,-0.2723495864916881,1,0.14062612659832724,1.045107,0.18822266726797882,0,0.6029520127939598
1,88.881295517415,0.47079470034177995,3.0,-0.36348456049348826,1.76,0.18480858737902917,24.3328664534836,-0.4342718739892673,3.0,-0.28747603382612025,0.0,-1.2491916913237595,1.0,-0.2596287970123685,1,0.6694970202768079,0.0,-0.4690034352844555,1,-0.7543905575751905
4,105.57413472269,-1.5615186789328797,2.312825,0.30898069615437657,1.774644,-0.6199433027609065,24.4062103212972,-0.19621720895768033,3.0,0.3538771779313748,0.579541,-0.4442156047534585,2.226094446705225,0.2560690217067118,1,0.3161054506136671,0.614466,-0.1904356272525936,0,-0.049373278630955884
6,133.438575248097,-1.435833454686968,3.0,0.05469058527877459,1.76416,-1.7932259383111497,20.8563958143734,1.3599638673346837,3.0,-0.2604017151847949,0.918468,0.19958335875580732,2.32502,-0.08003905915332736,0,0.01639837912816789,1.441791,0.11830485042207112,0,0.23105371631879873
4,113.339489750262,-1.5403731040814226,2.0,1.358809913995097,1.83,3.889449342362758,31.4696480295921,0.40156580912491535,1.0,-0.05148434447428719,2.0,3.0233838242335405,2.0,4.618910266789418,1,-2.7555541587330064,1.0,-3.306685043829374,0,2.379346610586207
2,50.9180445688095,1.70297747077306,2.984425,1.1027801167710591,1.704223,-0.4562782176882255,20.6373508785407,0.26379824177026023,3.0,-1.836999933751269,1.250871,-0.35376594114773097,2.044694,-0.9031488260682552,0,-0.4265789352847733,2.008256,1.463064562998529,0,0.8048109898345427
4,106.223837123136,-1.8716579504856456,2.078082,0.5261451066519275,1.818641,-0.7856301287100079,21.8050846081858,-0.20261717231250356,3.0,0.974267667865923,0.261793,-0.36614682175788793,2.895614,0.24332232916347105,1,0.34385932293391513,0.06275,-0.24060097877515102,0,0.09282277858142511
6,132.463218815915,-1.0045917118835122,3.0,-0.1594775741895365,1.723587,-1.7590654567529538,19.3795162201705,1.1628397659714362,3.0,-0.6062179081964043,0.858059,-0.08470042564439433,1.683448,-0.03476745306690181,0,0.13314334146576556,1.645532,-0.002805872522210906,0,0.0005031220846905316
2,58.2038517529366,-0.870063788025748,2.0,2.100771203173188,1.768493,1.0428046733694507,21.1387809657739,-1.4038938688203946,3.897078,-1.1239924309167055,1.894105,0.2137794126219936,2.622638,-1.0105843549232354,1,-1.2527850321769975,2.0,0.22444728420030324,0,0.9717414845525716
5,113.706586388645,-1.98247856512766,1.7041766849090711,-0.8234888443156255,1.759324,1.1735212660882164,27.9840076421783,-1.0136077891811566,3.0,0.4512584686583798,0.340196,-0.7116344126250399,2.003563,0.27913262194564825,1,0.4284002542150636,0.0,-0.4174777328388829,0,0.30578388888734714
0,67.9807754252165,0.37901048355242645,2.0,-0.49588265526160735,1.6,-0.8849784805548959,21.3139188328479,0.2511822446840298,3.0,0.8143032947776864,0.0,0.17042380637277502,3.0,-0.37294181925647657,0,-0.05418458764601426,1.0,-0.2098202210195643,0,0.614377702176785
0,69.5785148819845,2.015351266866882,2.185938,1.1452684990628936,1.62,-0.5721289979353771,19.6636131975559,-1.289098777664369,1.0,5.8554164682842105,1.110222,1.158788344011813,2.81353,0.7088293689713036,1,0.26181705531627214,1.0,0.5433862209767787,1,-0.37971481465399903
6,137.36999303382,-1.720676686076909,3.0,0.21669500208802922,1.774207,-1.8061680042354773,20.7176075827017,1.66473740299727,3.0,0.13887103773940884,0.688058,0.37678039445628186,2.816052,-0.3550299597806971,0,0.007282643233048016,1.571865,0.22544090616970688,0,0.3513217948038432
5,103.821016606204,-0.06636428346219118,2.7408473484753157,-0.8827706291330982,1.673491,-0.5466739229564127,25.1088686622707,-1.4749519679170107,1.134321,-0.6582681451013772,1.135503,1.1867721241598166,1.279443,0.2912841496596739,1,-0.4471431484058387,0.11243,0.18181790172151022,0,-1.2556720216931072
6,111.563989422019,-0.5953261652602317,3.0,-1.468994387075941,1.643355,-1.5019932463512908,24.1680125833486,1.3295670026034652,3.0,0.27655385789376186,0.250502,0.2616528561004388,2.652616,0.04878203030800919,0,0.2556371256589461,0.0,-0.14806112729433357,0,0.3158873735737345
5,112.476339998542,-1.6729760902866382,1.443674,0.49411213040754737,1.767186,0.06352116397180278,25.5831366899521,-0.8660227712135861,3.0,0.7655771991053673,0.001337,-0.8075326369094368,2.0386316917418066,-0.0775119889949236,1,0.4487819225448019,1.386151,-0.2939302487701777,0,-0.22471004456926827
6,111.966840099321,-0.5506233673344477,3.0,-1.5909654250969043,1.623303,-1.4525854489017516,25.556233861212,1.315130468619643,3.0,0.2444393102936623,0.33929,0.3495415702024828,2.673754,0.07690225082066927,0,0.20518392417962042,0.0,-0.13182837585659501,0,0.3515062801346226
4,80.969229981635,0.6673641727438135,2.640801,-1.5043279366348707,1.62686,-1.2005595405992864,21.566602789871,-0.022601402970734187,1.015488,0.5933942982304583,0.289218,0.9564706404059599,2.022355,0.28389841631771146,0,0.06238015412166072,0.7017090419058227,0.039782757415025995,0,-0.3835557719792983
4,80.8780816104901,0.01682545744437702,2.071622,-3.005050471081406,1.6101351081881294,2.162513826431779,39.4072140629203,-0.8868355222219367,2.977909,-0.7914023196926441,0.0,0.15032304455434847,1.468297,-0.8057708333569835,0,-0.17380214499607463,0.0,-0.16864206231435336,0,0.12141684920700839
3,50.2514149147041,2.4054332292474565,2.0,-1.1109914907823852,1.6,1.0091092056612978,20.7371336783506,-1.7607418734958655,3.0,-0.9613604656192251,1.0,-0.6995731069162093,1.0,0.07323307243469947,0,-0.30654397814968193,0.0,-0.7194595614333092,1,0.44225234600189367
2,62.1228042665367,-1.7685303893919238,3.0,0.40454346450005946,1.869098,1.275764562133733,24.8277180757952,0.6006554885200867,3.263201,0.24711987702321786,0.000355,-0.9087413089591063,2.233274,-0.966439423636186,1,0.5243042421339322,1.557737,0.08929698848905078,0,0.6052530685353564
2,50.2188826309877,1.8353975044918114,3.0,-0.08217306221411205,1.686936,-0.3716328570629114,21.6893129029475,0.25570767382238113,3.179995,-1.6279410521158022,0.625079,-0.7661061280941075,1.910378,-0.5839943479396001,0,0.02319747099479736,0.480614,1.1049657185266306,0,0.6510886638201071
4,94.5599711794861,-1.0885549870027138,2.148870335747767,2.0946429933919495,1.751046,-0.12434988177160126,23.698550727166,-0.8081381907180477,3.0,-0.5237740199998115,1.287117,0.6982607390114178,2.530301,-1.204911898819227,1,-0.9724195420237322,2.89118,0.5149767201397752,0,-0.08332539399478055
5,112.321536288167,-0.9547062046975703,2.0,-1.2904710791186877,1.75,4.724881814465961,41.4253070391826,0.24909673215332737,1.0,0.44223445179105914,0.0,1.3314074323127567,1.0,1.3339437591241274,1,-1.4253882699743048,1.0,0.7546884422951227,0,0.36927762801435227
0,76.6808228151663,-0.7621039680228413,2.479974034480292,0.9946039603950367,1.710415,-0.9898484440072538,24.7502405873488,-0.5433379879914747,3.0,-0.2712298089455322,2.0,0.26578730348534135,2.526193,0.6441066680908692,1,-0.4811700873790502,0.925118,0.002416400297136675,0,0.49304677549540205
4,85.6278464580162,0.8772171082088861,2.0,0.12660465134414728,1.65,-0.109134730082789,19.345488725605,-0.8831933244642377,3.0,0.6309536253623893,0.0,-1.885208754158921,1.0,0.400420963569835,1,0.9877558035022863,1.0,-0.8581204709980564,1,-0.27245344265718086
5,118.150640703767,-2.127268167742449,2.974006,0.5210960641135355,1.806227,-1.0400954167140248,27.1456430265017,0.5275120212539215,3.0,-0.003490996669745269,1.339691,0.10174094227716864,2.565828,0.352757905228055,1,0.03862528843804728,0.690269,0.12477890140725598,0,0.17327651091406854
5,109.45754673457,-1.836163177438902,2.176317,-1.39176428973225,1.749405,2.601984469375086,39.4587207726536,-0.9584991149114327,2.986637,-0.4991977210797883,0.0,-0.213023453949072,1.4690436554260646,-1.135346187011515,1,0.07107732046953542,0.94141,0.09999421538640589,0,-0.28691583272036164
6,104.513828597702,0.17415500685747398,3.0,-1.8951177471047662,1.608808,-1.3358877177936423,25.9190625284664,0.44393106012344885,3.0,-1.0463037849635903,1.0,-0.28274253091618196,1.019684,0.7694755494694245,0,0.2681983915366584,0.026033,-0.40630312723547507,0,-0.09244241743003125
6,104.308794769594,-0.05998267957499716,3.0,-1.7597326882175899,1.6193788169585988,-1.3750324894821202,24.6348527201673,0.833881932084658,3.0,-0.4258830639184855,0.54396,-0.11061726318466017,1.698767,0.40526761187095084,0,0.31639062383347627,0.0,-0.3201766464361519,0,0.06022808113050639
6,133.515620837467,-1.3910234478420709,3.0,-0.5366012388099382,1.748584,-1.3930577034063465,24.4270689050746,1.3556412739996264,3.0,-0.2772105921590235,0.59927,-0.022419315874183637,2.00513,-0.13370664986833558,0,0.2449567714264361,1.34139,0.05104946283370805,0,0.06354913300882269
0,88.0947813283356,-1.0580940956194125,2.0,-0.3932858160117828,1.7504556714158364,0.909482844513629,23.6531694121522,-1.3905866783090661,2.870005,-0.4445707055602669,1.0,-0.8778588415398197,1.15031,0.5648365855813877,1,0.24813893576671112,0.417724,-0.44748431863853466,0,0.1830069791336222
3,55.2839286358528,3.489100074015082,2.0,0.45658310764449933,1.55,1.7828973638717942,21.7165332621518,1.8361658574450896,4.0,0.40843412860681927,0.0,-2.368476030193252,2.0,-0.8751916814110896,0,-0.043329952567443056,2.0,1.1918399516129583,1,2.4204364691280373
5,113.153175893561,-0.29516382606158903,2.0,1.153906880844993,1.8,-0.29776721314155613,20.2648983763715,-1.2061057196695193,3.0,-1.0597413486013885,1.0,-0.9882564268977845,2.0,0.16943196425768772,1,0.1042265927692641,0.0,0.9550215615408753,0,0.11917072977289335
1,86.9591969504168,-1.0681671658788978,2.0,-0.4276636130709782,1.757961,0.39098191933862175,31.9121001393767,-0.9335526968274942,1.79558,0.7810543141692265,0.218574,-0.07883700106908388,1.855054,0.1700611142548935,1,0.3882963929907351,1.083572,-0.018636315768722607,0,-0.5096079805380755
6,105.058909789233,-0.40330818926389506,3.0,-1.4381631475538612,1.627483,-1.4188632236799492,25.098762033056,1.2248973665365182,3.0,0.1348831436113984,0.419446,0.29979275589905213,2.569364,0.06888831912863304,0,0.16707795252671964,0.159255,-0.12626811224832435,0,0.3587089339431413
6,142.367428591249,-1.9549080201814921,3.0,0.779505190084498,1.821566,-1.9547286091471057,18.2541198132864,1.679906038359556,3.0,0.01193623962312822,0.813784,0.2965737200992175,2.714949,-0.4198854533574438,0,-0.03287784276944615,1.999773,0.287363351364488,0,0.3071795821687437
5,116.483757966356,-1.668652402328736,1.451337,0.6620402155042283,1.756509,-0.14379980416449567,26.284102323342,-1.0563033969765012,3.0,0.42544235017506593,0.631217,-0.5828256777671413,2.0,0.23151971967426396,1,0.18586669265744474,1.384607,-0.2547890948023595,0,-0.12394826660637714
1,81.7406779166651,-0.7749218800204749,2.712747,-0.2918845815848648,1.725587,-0.17212166065550738,26.1123891558916,-0.005329068481351896,2.853676,0.0694940880103881,0.173665,-0.7347583009621979,1.526313,-0.04675074731497074,1,0.5868827673792357,1.0,-0.19082237928481444,0,-0.3062374551746833
2,51.8435198397528,1.1005166293813404,2.0,0.7540703188565392,1.710564,-0.4948994972899601,18.5137908997527,-1.2615074569187361,2.057935,1.3505064578913706,0.714627,-0.64996548612184,2.371015,0.8036546429987832,1,0.3397098339076841,0.288032,-0.5423084603302775,1,0.17443793284017817
4,81.8120375954669,0.9809652203413577,3.0,0.3746183713380915,1.63,-0.08822531264970306,22.382716592483,2.5204722513679885,1.0,-0.2912457588826228,2.0,1.460229094550507,3.0,3.3829643701387595,0,-1.6555797688784775,1.0,2.666991686637108,0,-4.800590289209533
3,49.3233338966435,4.1157562380364805,2.0,1.42166263615935,1.56,1.8579532763638043,21.8585263587254,1.1589683511175422,3.0,-0.9682591577282232,0.0,1.4187323227863242,1.0,-1.2767607799458451,0,1.5300525989932388,2.0,-1.0722237465849396,1,-0.912511226689078
4,78.6212658913947,0.3084610988340355,2.0,-3.191082595969859,1.542122,2.0596097571496252,40.3184750072857,-0.740007626828274,1.105617,0.4219694176537837,0.0,0.6789497715092937,1.372811,-0.34953343437688306,0,0.15983457083348235,1.629432,0.10551567756948808,0,-4.636779934690276e-05
0,69.5044289824584,-0.16569804169613742,2.366949,-1.4482652443545525,1.642506,1.1333070001076728,28.1848822181218,0.3085091301342552,3.0,0.013104017797220093,0.0,-0.3277289794848691,1.926577,-0.7709265533959304,0,0.2023021494700518,1.581242,-0.11060082363843429,0,0.7512633310310913
5,103.45712898783,0.3920259258471863,2.983042,-0.6274625887741044,1.611434,-1.2974885343345015,19.7289155613244,-1.4003615534134068,1.109956,-0.9170829380230452,1.690901,1.5706419416386703,1.430444,0.5302814138917185,1,-0.7572751308989742,0.0,0.19879009405179013,0,-1.0982946797965047
2,55.1773921542033,-0.5259955430155643,2.627031,2.390995297164666,1.759933,-0.5314282157647944,19.5659271276557,-0.3430388142445677,3.832911,-0.7441675847112627,1.425903,0.4054785209538658,2.993448,-1.1573268645394994,1,-1.0321195634242255,2.0,0.3549174871689725,0,0.48593329208710184
4,82.0980889123114,1.192406241003733,1.8884882846639657,-0.8633426792958533,1.605469,-0.8397046268110552,18.2452718875273,-1.4465430159047745,3.0,-1.2953829651032573,0.720411,0.0007371237421008964,1.048584,0.01730399594647354,0,-0.48909037601433347,0.192559,-0.4637163630126669,0,-0.46965498139471923
3,49.9387308904939,2.614536534940415,2.0,-0.86057239588343,1.57,-0.8136490068873339,19.9381632200351,-1.083351563352369,3.0,-0.2000294346117986,1.0,-1.3015973803173706,1.0,1.1982189078140364,0,0.35455705276367955,0.0,-1.0287371473004963,1,0.345891121123018
1,84.8371856775345,-0.9534829618245019,2.0,0.1399374219797204,1.706912,-0.6154639438892985,25.0205475767017,-0.6832921142572859,2.994198,0.6219914859428943,0.799756,-0.11199485402885884,2.747302,0.5215847728857271,1,0.03399200062978309,0.0,-0.2887121063601219,0,0.277860562879631
5,128.094708250388,-2.595603608296648,2.432355,0.18466096479246902,1.909188,0.043456179251645785,29.5458853548915,0.07821467280375176,3.0,0.07547386172921912,0.090341,-1.1612238622177105,1.336526,-0.01474484470980668,1,0.8556397313203684,1.2164065826109551,-0.13279068139671799,0,-0.5772571122187513
0,62.5897640026319,3.3172116443716586,2.568063,-1.1877137978099481,1.507853,-0.49202626103667996,22.2552948648375,1.7472459511416787,3.0,1.0943259873495137,0.0,-0.7040315358562049,1.817983,0.18744513179203715,0,-0.3131193741385225,0.0,-0.06718921181604379,1,0.7960624190669667
0,77.1239831798303,-0.3315682331938604,2.0,0.6156161176448447,1.677573,-0.9680685548608026,22.6486678752785,-1.3461104666641865,3.0,-0.38606957132859443,1.905826,-0.10782250252074478,2.0,1.0911819048835127,1,-0.3572555821826567,0.334579,-0.34451572897944477,0,0.266320338978968
3,68.5829180725072,2.469548349332881,3.0,3.3444267918306316,1.76,0.20739159076114821,16.6009580136156,0.45604650899473315,3.0,-1.3187186417696617,2.0,-0.9767236833930417,2.045439141686075,-0.9776824875837706,1,-0.1429240506442041,2.0,1.1476788512245488,1,-0.14930662927953411
6,112.730996744513,-0.5262285258513092,3.0,-1.635574459891872,1.629727,-1.4370860349876435,24.7854412874801,1.2940147835435185,3.0,0.20365693957580772,0.218645,0.2018914224665523,2.495851,0.06843722540790602,0,0.3009510801774362,0.0,-0.17787875399872732,0,0.2536180613764226
0,68.8523388809555,1.2000603935831096,1.977298,0.007229370072270669,1.611,-0.4896031384056466,23.8517453114665,-0.2146762950830304,3.554974,4.12628654633285,0.459759,0.16853216444209526,2.217957,-0.04639489301487858,0,0.31329389810445674,0.97812,0.2632685542650646,0,0.1389817071714902
3,64.2883544906044,1.809177039408732,2.0,1.5650525564737385,1.7,0.9979221171262287,18.1309029585626,-0.21373785233831272,3.0,-0.6797455299656058,0.0,-1.0707924572017444,2.0,-1.5134911673767197,1,0.3087942712284187,1.0,0.8988290134983707,0,-0.7712224673061538
6,109.185574064967,-0.6697360948125329,3.0,-1.6447595076493517,1.643332,-1.2566864625800938,27.4500872131003,1.3506992497013222,3.0,0.31029329201290035,0.25115,0.3095036545590795,2.709654,0.01502607545782368,0,0.2536969503993153,0.0,-0.1047813245660314,0,0.35832792949213355
3,50.3140759031166,3.0036221322086285,2.0,0.8699958341712823,1.56,0.24316163005817915,20.585864374361,0.3109114735719297,3.0,0.3275243635152726,0.0,-2.026594027989566,2.0,-0.6338334523735215,0,0.8188874673903092,3.0,0.7438533630150689,1,1.265725996237101
3,60.9035919962499,-0.41812326420559814,3.0,0.7074776213800134,1.8,-0.16022990850071447,19.7417461575798,-0.1567882983299836,3.0,-0.3956089127212232,0.0,-0.15436192396252515,2.0,-1.1418787703366542,1,-0.05779942542378973,1.0,0.13165307070356813,0,-0.49552449339073246
4,82.4379563661255,1.8387173047489025,2.4837667328425423,-0.21302102773498877,1.6,-0.5523837196184725,18.4590316685103,1.4038038343487724,3.0,-0.09955661308976586,0.0,0.6531218698316322,2.0,-1.2278919946403095,0,-1.3734820812096913,1.0,0.6820890623526027,0,0.13370230730243685
0,70.6569623816211,0.7995384866752462,2.253998,-0.6330202629264627,1.624831,-0.5690875516018206,20.6854361983287,-0.3747523916197449,2.752318,-0.24582619860960497,0.024088,0.6221482121968134,2.328331,-0.9572488713709726,0,-0.5002402697247096,0.815509,-0.01285801808089415,0,-0.1461135924395878
6,134.305695515996,-1.5287306110474337,2.9988590228700605,-0.2496836139514364,1.73945,-1.7387142851322903,22.1194025710353,1.6250993204487763,3.0,0.21807304026646324,0.586035,0.40532070116501323,2.852339,-0.25119529754105524,0,0.059555124204976044,1.139107,0.1470192649998079,0,0.36014417451816017
2,52.2197386604137,0.08313943707135713,2.824559,0.6144974598722444,1.698914,-1.1162549513887712,17.3924258190397,-0.31235522461260956,3.0,-0.22930337604170173,1.099764,-0.3642883602508939,2.0,0.42299159357205884,1,0.022059204992837735,0.533309,-0.2489382475596318,0,0.18149340455888824
2,52.5175863586824,1.2879130857838674,3.0,1.7327147372816598,1.79,0.048139504587666235,20.0247840954199,0.8988174469154602,3.0,0.3464517450052097,1.0,-1.0276890762754871,2.0,-0.36795733340017295,1,0.5136827664632608,1.0,-0.43061214520615293,1,-0.5693580631347581
4,89.2163056913376,-1.2031868580263139,2.949242,-1.361005038907134,1.672959,1.3119137771070872,30.5869224696252,0.2561370642409072,1.782109,0.7514763307528481,0.0,0.3574657557540018,2.210997,-0.6392325234389111,1,0.39031809616398067,1.2955933814028582,0.260865238735673,0,0.10522268282788387
0,76.1398276347666,-0.28059471695525146,2.0,0.4805528214817352,1.670227,-0.9755509316858444,23.3222297868282,-1.409539154672844,3.0,-0.4217176256716251,1.983678,-0.07655687468264101,2.0,1.2064518626210732,1,-0.376431684561992,0.129163,-0.37293390809038574,0,0.28422383531803397
4,100.983871641836,-0.16088790690987828,2.0,0.373766515953106,1.705304,-1.020537223554529,20.1630854668395,-2.3289415002402962,1.293342,-0.49500101495723736,1.917679,1.4930624120517262,2.0,0.7152418459802289,1,-1.0315990093816834,0.0,0.12420226925996339,0,-0.7988835259582855
4,79.6996789839787,-0.08490191231164654,2.020502,-2.522391701247734,1.586301,1.9110977248295051,38.6245680320684,-0.4192561167254655,1.237454,0.6884108707592522,0.0,0.8265725971970581,1.93142,-0.6323791224205885,0,0.037621168329601974,1.967973,0.25601142981969605,0,0.23294150486453838
2,44.2037436548037,2.8033440894424997,3.0,0.7726326107082464,1.633316,-0.8937464182754372,16.5908010652268,2.625790686130142,3.0,1.4580179061136362,0.220087,-0.2315224240978256,2.924594,-0.6133726540017966,0,-0.70606913094654,1.352558,0.4663188284420161,1,1.3005895501139104
5,120.230830524162,-2.478875516099473,2.247795,0.6098140804159553,1.863883,-0.5139816285475529,24.57529882875,0.2699310590946647,3.0,1.017582873151976,0.0,-0.45525618542705737,2.816015,-0.15798906484532532,1,0.510015860341785,0.712726,-0.06306185347823934,0,-0.031954240735532984
0,80.1158373396884,1.0360359400929386,3.0,1.0451324968341094,1.75,1.754560729548004,26.1376245000079,3.2781270717959443,1.0,0.4818285497391784,0.0,-1.1295415592851425,2.0,2.9331551394051507,1,-0.8559744142836652,2.0,4.543631526062179,0,-3.8659649231784696
5,109.839012099989,-1.5797475021367593,1.412566,0.6527587865858991,1.763987,0.05802425679714922,24.6039610425734,-0.9052685564512747,3.0,0.7455324642168886,0.001867,-0.8302334612134818,2.002495,-0.14431131616270743,1,0.4221724442766,1.592795,-0.28385624480027427,0,-0.2229517766648575
4,108.65873877081,-1.8766273592593827,2.407817,-0.834553340700133,1.7690428316609699,1.3396713043513773,29.4931204855203,-0.34801755303304416,2.070033,0.49660654540134214,0.178708,-0.18745149307862333,1.796257,-0.2966170207247922,1,0.46382278483636036,1.234483,0.06408571478012429,0,-0.03672809074330506
5,130.722361384722,-2.61739017472054,2.041376,0.09868319492217366,1.918859,0.25053292768228647,30.1183576002039,-0.4118022539623726,3.0,0.10970894318932924,0.0,-1.3864807350185626,1.120213,0.15639931910312166,1,0.9258919195916833,1.05545,-0.2790037814630252,0,-0.6895975439873668
2,58.7742659009546,-1.1495518402337845,3.0,0.1955376088347967,1.789809358489269,1.0976264748144986,22.6820452732527,0.38337320089593113,3.0,0.14605493868350686,0.114716,-0.7073792889038331,2.027984,-0.8686337310056044,1,0.4216189523687856,1.661556,0.06084762015273612,0,0.5063802886584117
4,87.9830436459901,0.6118090310067845,2.607747,0.009580574141016424,1.641149,-1.5112834679883165,19.2740994921773,-0.5582924062560874,1.000414,-0.11363952403506865,1.460564,2.519580611928905,3.0,-0.4135197540028474,0,-1.35917735184837,1.269169,0.6384376844755846,0,-0.2267342677637877
5,101.325082861633,0.32137402707683926,2.997524,-0.29996128600761757,1.610647,-0.8761293016418591,22.4688205447577,-1.2520764942062739,1.154318,-1.0554529001004413,1.665621,1.5110447908761413,1.238057,0.07665341070705607,1,-0.791970799992869,1.1293,0.3849478999350354,0,-1.1068226926436988
4,103.052310603609,-2.1594647397579285,2.902469,-0.24515701679945145,1.783901,1.24933345548756,32.0374505432576,0.375852467583582,1.734762,0.7068658325070892,0.584755,0.6599393905029429,2.600238,-0.7459351380369723,1,0.07288021921866374,2.113992,0.5838477902312633,0,0.28798777757859895
5,119.274872012753,-2.4809578868274875,2.9673,-0.5027027897681506,1.754956,0.8292457872255435,34.0154577921574,0.4777168134775037,3.0,-0.10568195847098184,1.339232,0.22976998979082866,2.530035,-0.09065174705110704,1,-0.025536466803080485,0.955317,0.24688762127994757,0,0.720810605139015
2,43.2265755163146,5.208367277763496,3.0,0.40868123342432405,1.58092,0.5953646056849744,19.2804528080693,3.092069919005724,2.975362,0.06997547640550723,0.0,-1.9871835198511008,1.246822,-0.7892022174946777,0,0.3413531749865215,0.979701,1.112200723761017,1,0.3498486760000621
3,53.766274994071,2.2772545984643373,2.0,-0.8119195894818368,1.57,-0.04186909057963557,24.8712357153082,-0.6017782949613216,1.0,1.4946555801951176,0.0,0.15331978863235193,2.0,-0.06221376823370707,0,0.2819811612509027,2.0,-0.17739249041793664,1,-0.04139079676656351
5,98.691586020452,0.07546819159671811,3.0,-0.45008977863162825,1.613491,-0.23094676672690678,25.5333210271459,-0.7187684667369494,2.120936,-1.1202429870332826,0.890213,0.6205438600013139,1.0,-0.567112976757415,1,-0.35977857761142545,1.543386,0.24554853971486745,0,-1.014404834821695
2,48.8929870250868,2.111052683814025,3.0,2.4501629291354234,1.75,2.5051752770859443,22.079029176736,1.4561001314585882,4.0,-2.871981743956431,0.0,-0.0543895827703366,1.0,-1.8480161526771197,1,3.2896660462008533,1.0,-0.5368763732926337,0,-1.8744286854785264
0,87.9103213404418,-1.635794145020244,2.793561,1.7300947759253529,1.824449,-0.7731656560644914,18.5226421873079,0.8010458697036015,3.788602,0.13062081524356772,0.393358,-0.8663601645427836,2.429059,-0.7065802802230613,1,0.3006014828706678,2.094542,0.024170729271360224,0,0.31144851590980216
3,60.4753691378046,0.6447407583857598,2.0,1.9141906298308964,1.8,0.22747716796930595,22.9070039218134,-0.16033575671766245,3.0,4.748886017758652,1.0,0.5679055668937406,3.0,-0.190362718105606,1,0.2619773019667754,0.0,0.35033434533430297,0,-0.9265136245220423
5,101.058130702809,0.2113609423242646,2.871016,-0.9826112189521974,1.617655,-0.5583008419034812,23.8817300182393,-1.1721533995168076,1.834472,-0.9982900308574535,0.974939,0.7177141136620465,1.016585,0.08877206058511185,1,-0.3166371395992134,0.236168,0.024732583306862347,0,-1.1376993121193117
1,67.8112218491919,2.2184117439187747,2.501683,-0.1847640280631025,1.550122,-0.2289668182896466,20.1196177463357,0.24554122027466865,3.394788,-1.6539066841603502,1.0,0.4090094891132075,1.337378,-1.1937112163367287,0,-0.670750618595136,0.932888,-0.2795670502662279,0,-1.0291792470958152
1,80.1622245905278,0.8189741686654636,2.097373,1.0500679893728495,1.7,0.34275207188372886,19.2141788634137,-0.7561532074441658,2.547086,-0.7055567473982491,0.761898,0.3482176555155916,1.538626,-1.0951315762949918,1,-0.4337890062702177,1.0,-0.13447146329452933,0,-1.6428057861176877
3,80.6512002391253,0.15293236627120044,2.0,0.7495177874131452,1.9,2.40916395229552,26.9269335349819,0.6743648284425678,3.0,-0.10234213795125209,0.0,-2.442725696875109,1.0,-0.22057609527821062,1,0.3346366604579418,1.0,1.4823037340659362,0,0.9993791806725407
4,77.2603037383663,1.395568959123942,2.0,-1.5712982218748586,1.553127,-0.40317831436059176,22.7654378945053,-1.238540271900849,1.0,0.21814475121286803,0.0,1.543484541982278,2.0,-0.5836019899155902,0,-0.5901720399317676,0.827502,0.14453369152261242,0,-0.8114135135928345
4,86.4416139219284,1.1506353580012731,3.0,2.356423911308008,1.65,-0.21806697431629343,15.5521849489507,0.5080927572238656,3.0,-3.346260949061393,2.0,2.666199195855546,1.0,-0.9028539365899136,0,1.4064918551045416,3.0,-1.016013225538463,0,-1.291751682449425
1,77.8819130748786,0.014068596241863017,2.689929,-2.1871646438636083,1.673333,1.464212246705968,34.8885269553795,-0.6141307171140818,1.835543,-0.8221242786834438,0.707246,1.1406632155661427,1.718569,-0.7573690482999501,0,-0.5845786365174005,0.674348,0.3290479337728166,0,-0.009944688064209884
6,111.463204401019,-0.7920869637718106,3.0,-1.6191918547913298,1.65782,-1.254577952774828,26.7580673159191,1.457092422356442,3.0,0.4520607962563545,0.051858,0.2539013398882934,2.777557,-0.0880303228175933,0,0.3367565446400985,0.0,-0.10409418229636366,0,0.3272175170833535
3,73.1482047926657,-0.21010051860617063,3.0,2.0195237701333166,1.83,1.2105855304322717,19.1000067647152,2.2779581490561656,3.0,-1.2877336593738578,1.0,-1.641111153325692,1.0,2.742941115542969,1,-0.4462085231744603,2.0,2.133684808468929,0,-5.407255895539825
2,43.8084489150808,1.6057708311553858,2.910733,1.5370637607783775,1.710948,-1.2522070097923756,16.053326196944,0.6086000166065123,3.12544,-0.05342435572785317,1.403037,-0.6334404257330296,2.204263,-0.0943735677790266,0,-0.12764953185038458,2.407906,-0.16201866865423734,1,0.9432191676693983
5,120.838882528136,-2.300676133395352,3.0,0.47593161147462176,1.842906,-0.9067359212399003,22.3185357566493,1.0337623103156615,2.701689,0.8570097121330804,0.0,-0.15942436460172163,2.738485,-0.3801994109251933,1,0.5503469312091688,0.992253,0.14659121669329567,0,-0.15334401129479874
0,54.9330934293942,3.0592996855478467,1.773265,-0.5985264220143067,1.518067,-1.3464240377349748,17.2752850097423,-1.8564785821236964,2.118153,-0.2764586169348105,1.915191,-0.4143908497277603,1.075239,1.7808091759719982,0,-0.19757319326339978,0.085388,-0.8969209811874923,1,0.2733509009009993
0,86.0241142545475,-1.5787005302445636,2.995599,1.78659526475506,1.822573,-0.707877722960069,19.1415807845446,0.9844770643945147,3.095663,0.39782181729564603,0.330457,-0.3573293104233847,2.568157,-0.9795010463478864,1,0.21637344169529268,2.7243,0.3146195064276196,0,0.16327385773411024
4,97.7762299430744,-0.6092959711972908,2.0,3.2183108904436026,1.78,0.26503471566477826,23.9428712456512,-0.15147774275068632,3.0,-0.6342041337562736,2.0,1.2832925576600993,3.0,-1.7109002142444407,1,-1.3625882159646658,3.0,0.5778497363968269,0,-0.7327703231188265
0,68.7303109060371,0.46779077160232563,1.758394,0.19276762083080842,1.613668,-1.1519380027766914,21.0625654835393,-0.49926270829717906,3.981997,-0.5977627851641731,1.358163,-0.43137437827342734,2.174248,0.42442677664548617,0,-0.4093010778277916,0.920476,-0.49743273817446754,0,0.8753602518551414
3,64.072536936296,0.6377793098593126,3.0,1.2758793276061218,1.74,-0.15060918906192594,17.6562382502431,1.9784856104851007,4.0,-0.17317845416843952,0.0,-1.5067706766347713,1.0,-0.8238440971349931,1,-0.24174307727118327,2.0,0.4035430879005819,0,0.25968472885385174
2,51.3060874509041,2.0175652310318073,2.015258,-0.2602193859778799,1.6595367770012073,-0.8377048863455683,19.512633111621,-0.835962113030048,3.300666,-0.11713762473303906,1.0,-1.4605507025316533,1.315608,1.0598257811181164,0,0.3614831629876122,0.069802,-0.9681060126631429,1,0.5208442418059978
5,120.978010462828,-2.441408744243058,2.408561,0.7375959047498808,1.837549551674509,-0.4713780098251328,25.0544719953951,0.5658014358130645,3.0,0.9817713297205137,0.0,-0.32551211882087294,2.851904,-0.45807150319655093,1,0.4512487531883139,1.320065,0.08099232378218932,0,0.006987922919834748
2,61.7284746565069,-1.861133642312603,3.0,1.1496290591223177,1.868931,0.8076375452430244,19.5918123989552,0.9121016712495637,3.699594,0.4014554310604849,0.071028,-0.8544588085890292,2.825629,-1.1728234034213787,1,0.347628194129109,1.699592,0.10766950930885767,0,0.9624025143324156
4,78.2684398404812,1.1847296326279662,2.028225,-2.3638841716555734,1.533364,0.026017111922629163,30.0615787412472,-1.0931986501198303,1.923607,-0.17975142829604576,0.0,0.9785819101603144,1.798917,-0.37916049769772453,0,-0.38146036579084985,0.0,-0.11114953981992032,0,-0.595783336483934
4,79.3029736286562,1.9260060057298736,2.0,-2.7325004098314736,1.53,1.5822441182962315,30.3047877488506,-1.4032530068791842,1.0,0.7961649008234751,0.0,0.886825777925479,2.0,-0.368548476519989,0,-0.17617616127433408,0.0,-0.1862498536828473,1,-0.06964520791983107
4,108.555669317717,-0.8216790087873488,2.0,1.0796340361818348,1.788480617772647,-0.8016237048367455,19.2822931231334,-1.8873611004819097,1.25535,-0.1354786961354372,1.441605,1.3767460561878118,2.2052120911096846,0.06078328594314105,1,-0.8947232362552888,1.0,0.34726104992349993,0,-0.8602689829613355
1,91.1163487671119,-0.9713530525804227,1.963965,0.42652104688498066,1.80827,-0.8849999756360367,23.492227645279,-1.641407820942267,1.836226,0.06310622035519144,1.667745,0.1763133519220411,1.85537,1.3613104101174844,1,-0.14743789158128784,0.0,-0.2001185472055323,0,-0.3061341615917241
0,77.6902222816167,-0.6035696020680157,2.0,0.7800753528094143,1.751029,0.9447438157077552,17.4192479164605,-0.08058884363221723,2.805436,0.6063897042294859,0.017225,0.4326035557871805,2.122884,2.3029909552219463,1,-1.6476410163006519,0.045651,0.28356628376407933,0,1.808970580264668
6,132.324411679678,-1.2792824364758935,3.0,-0.17823544420517362,1.748106,-1.5967932924349628,22.4772925403076,1.2333976788674013,3.0,-0.49302385999691845,0.926565,0.041195305215782775,1.931163,-0.04147620073784962,0,0.08617276862837794,1.562213,0.07543476679058048,0,0.10630507173321675
6,109.75430732507,-0.6276171595478511,3.0,-1.6699696098384698,1.6361359585763182,-1.2876361512922094,26.7240213353052,1.3779660128162514,3.0,0.3508114488974397,0.167272,0.28962378447433584,2.707201,-0.02072220261113604,0,0.2835186684249809,0.0,-0.1204980038851301,0,0.33834917964734806
4,84.0559970688117,1.0923922478184043,3.0,0.6555149734168055,1.6,-0.17297858148530837,22.9054533517049,1.4473333506798804,3.0,-0.6559698452882338,0.0,0.0757357748712643,3.0,-2.1195684077200183,0,-0.1850466431798069,3.0,1.7517863871930113,0,0.8504818895010214
2,46.2204319045683,1.9099889670353767,2.690754,-0.07963110064374149,1.630379,0.3297386794945944,25.2834933832557,0.3557744897503097,3.03779,-1.033681491718428,0.0,-0.6172702951693354,2.212296,-1.354825212134311,0,0.047298800695656416,1.616882,1.2945010436462334,0,0.6803575732147596
5,114.388879647215,-1.7768040978862945,2.159033,0.31186802542243913,1.770124,-0.23879620110862418,25.5347878991676,-0.046732718295039756,3.0,0.5925857163387859,0.052942,-0.6269390993873125,2.116399,-0.2184360270377144,1,0.506597737542122,1.331526,-0.132338807470514,0,-0.20128130888500423
1,78.873176270737,1.9485094116890256,3.0,0.6948066217612003,1.7,0.2509818060450763,16.9145192467691,0.2550827034889569,1.0,0.871854352180798,0.0,0.6676678512277063,2.065191352436157,-1.3430970550350392,1,0.13691205153187075,1.0,0.04126428314610009,1,-1.8644966500383804
1,66.7908261526169,2.340358079494505,2.512719,-0.7027288679090783,1.568188,-0.3126619720824281,20.1567328886435,-0.07265788855826011,3.0,-1.6299162070142261,1.0,0.4488932189469965,1.131169,-0.7451631382557354,0,-0.5607893315051782,0.095389,-0.39671543414337557,0,-1.2569383204070401
2,43.7065226442991,4.694501727739678,2.596579,-0.5243470335309585,1.59559,0.8141964046743517,21.1558901899114,0.05036820808411064,1.10548,-0.20214553142730854,0.0,-0.5040844523130793,1.490613,-0.8463977229161612,0,0.531774280640061,0.345684,0.7959331475540935,1,-0.9422340851560488
1,82.8348832715566,0.7583489978368485,3.0,1.5463263150025526,1.7,1.9506470412948365,24.5066968824149,2.0675426310726097,3.0,1.1698080087744587,0.0,0.2580094552547244,3.0,-2.4885351715109256,1,-1.140656634596231,3.0,1.1892453170191946,1,1.0133224469619664
4,78.7341966957245,-0.233448549112717,2.0,-2.7408482957163014,1.567756,2.0522137014127875,41.1158181537966,-0.4345665779825923,3.0,0.07055378137857775,0.0,0.9806668544784533,2.952506,-1.1695110118669818,0,-0.545680548756681,0.0,0.09268489015265895,0,0.7077049927210154
4,82.4185550015636,0.8433005547318575,1.557287,-0.5638759784539449,1.605662,-1.6089278640562281,21.2135440297904,-1.7642876693693064,1.0,0.2338204713475639,2.0,1.5401188544905993,2.371015,1.4479536419959103,0,-0.8775543816691453,0.288032,-0.09954705219280673,0,0.07570011678140855
6,137.071117007443,-1.531437130700454,3.0,0.32316623186702054,1.771043,-1.9235789005420163,17.9296127221756,1.5665539987142474,3.0,-0.030449037386127167,0.655571,0.19358448931191138,2.502502178474704,-0.33492317221603335,0,0.06472706834735807,1.70464,0.15727618728866488,0,0.2253921160537286
0,75.6145297353413,0.24838365902709392,2.291846,-3.0254116915280265,1.6447810235074745,1.1879646046874266,32.7548915266121,-0.8573790675954254,1.555557,-0.18493990936171456,0.388271,0.08378409419770352,1.0,0.5021594385450283,0,0.31902745283971384,0.0,-0.2799559023628986,0,-0.02353237981164723
0,70.5006285398966,1.8032247568869841,2.0,0.6090992339049577,1.636592,-0.028203536450331093,21.2317463422933,-1.1011901223100506,1.0,6.51391199102509,0.0,0.771424590734508,2.881677,0.2641933884254995,1,0.7450037103076744,0.8498942659360533,0.4447476239683011,1,-0.582586387493631
2,53.8709089126469,1.4359859681228508,2.241606,1.248641338830565,1.740108,0.2531451687330895,23.3322603354331,-0.3829171893186028,3.0,-1.5305893030615012,0.814518,-0.7466100549686869,1.846626,-1.0743126894334796,0,-0.2784980442444155,2.460238,1.366449741786807,0,0.6492931876383418
4,99.9415586327867,-0.2868784320833908,2.0,0.3575688788114742,1.7,0.7236487611669582,16.6531255480192,-0.21621645333200207,3.0,-0.05109381399706866,1.0,-0.2903088468533236,2.0,-0.17398984832944178,1,0.08384054832106975,0.0,-0.5409018121215663,0,-0.47773534344800966
3,72.114795595387,0.07560055146144087,2.0,2.4129641306767637,1.82,-0.32737542848767603,16.2775413151682,-0.6678166654013482,3.0,-0.5341720168209397,1.0,-1.799019217531649,1.864604658901921,0.1724893475291133,1,0.5103681710789387,2.0,0.9653931061684685,0,0.6872761242256051
5,118.776134392654,-2.3266773923513715,2.964319,-0.22343676604490315,1.766975,0.3859289289017242,30.7198986491867,0.16167411731881834,3.0,-0.4601352807491109,1.875023,0.2627215709227452,2.377257,0.3594255505491976,1,-0.2032805546016824,0.614959,0.16015573615164383,0,0.7464071980346795
1,93.3421039048239,-1.6234790346714685,2.045027,0.4934933116119726,1.841852,0.29313468779341817,31.8242686694733,-0.8745088330209766,2.946063,-0.2794488342876316,0.934493,-0.8805725241982227,1.307563,0.3360965754346608,1,0.3184697690697639,1.442485,-0.1472883180474555,0,-0.2553171241424369
4,76.5904786480828,0.24721708594039526,2.0,-3.3369947444385004,1.516007,1.6399879293273933,37.6580920106069,-0.39571456348272305,2.880794,0.013941939122777943,0.0,-0.23975619164832232,1.61837,-0.048160575627773886,0,0.3229330473665815,0.120165,-0.4352333400432138,0,0.6046717399267891
2,42.0681875870704,4.057633239550133,2.866383,-1.8003131561573291,1.524926,-0.23056217900485018,21.8800999118911,-0.11296963048715468,1.226342,0.14540424947747466,0.0,-1.4893559469144453,1.0,0.8070145365047818,0,1.263581738577011,0.14495,0.5007644605408943,1,0.2966954368443765
3,59.077956206601,2.8749411178949247,3.0,2.823912410570735,1.6837986486753291,3.416208853037105,25.9258536944835,3.806179377744777,4.0,-1.6053455415222782,0.0,2.2114621410351183,2.0,-0.6525199377551515,0,2.42096420849819,2.0,-5.923289469949187,1,-1.2633524341033617
1,86.1990276474816,-1.1804756410639388,2.907062,0.6674466532229094,1.750097,-0.8777840286845485,19.1523466117118,0.7735495242388827,3.0,0.728449779985247,0.037634,-0.2686173370008035,2.740848,-0.5199818694536297,1,0.3747148742271607,1.219827,0.02831111289212004,0,0.11671949400138461
5,120.238604464869,-1.9853021780055293,2.611847,0.2989935251561506,1.794827,-0.6344166204327402,23.7131406277964,0.47755325536780335,2.749334,0.6962100309364282,0.063005,-0.32546949208592546,2.364849,-0.2479270927613114,1,0.521540526553684,1.141708,0.011716246594225262,0,-0.23309959420111548
0,73.881934663447,0.38635290589992954,3.0,-2.329306506921105,1.673482,1.8338636361834773,34.4013799672675,1.5396220673995082,2.809716,-0.3101262416581441,0.0,-0.1824224618170607,1.591425,-0.9927347702241966,0,0.5623832666083064,0.178023,-0.2547175101562917,0,-0.43468258958147804
6,109.798388799095,-0.4270211523028366,3.0,-1.7921183622261014,1.623514,-1.272042237340399,27.4709294367562,1.0968912133966326,3.0,-0.0891370211067785,0.481031,0.16695856927824484,2.217348,0.24217494971739092,0,0.2524526804103227,0.001015,-0.19068390800334178,0,0.22614217516676022
1,77.4312618693277,0.5332411975470199,3.0,-0.7408530266384924,1.7,4.011921758264748,37.4276224481033,1.2773801671031408,3.0,0.2897855312914644,0.0,-1.1364742845089328,2.0,1.9968368859705616,1,-0.5665755114296277,0.0,1.4737711766015946,1,3.2927248502474686
3,60.0082738007985,0.9934387815986105,2.0,1.9192523610187158,1.65,-0.05233629916953904,20.2671048644487,-0.7680769281956074,3.0,0.5603935237970509,1.0,-1.0689987571157369,1.8665961156759945,-0.1899115610704875,1,0.12514364090790062,3.0,-0.28436447639240975,1,0.41714058090874523
5,114.303054494077,-1.7695434970733308,2.225731,0.3767599845042655,1.767077,-0.3561266989171925,26.1372356708412,-0.08145157924056197,3.0,0.42702426682397704,0.390178,-0.4774054396060165,2.154326,-0.0601242880674558,1,0.36474324650528456,1.266866,-0.09661051435410496,0,-0.11915370686934432
0,89.1708735028719,-1.8198223664727518,2.153639,1.8052080976047709,1.838266,-0.41847503602771147,20.4113747615078,0.22131818252744564,3.715148,0.575728505270478,0.226097,-0.8627550475473158,2.703337,-0.6558396763769955,1,0.2578698192102485,2.0,-0.04897668686493235,0,0.35517316355100237
4,82.6056391039008,0.6163432764515598,1.853314,-0.8147466313817805,1.634342,-1.4033528421250394,23.3374296664118,-1.3205469996667893,1.320768,0.05698377740440209,1.727828,1.1624552875819387,2.135552,1.2690656253351367,0,-0.6118285710485964,0.24004386249279971,-0.12350329846166683,0,0.02766812922531778
2,49.1712974864377,3.4607514256211847,2.750715,0.9841633613958034,1.66084,0.07138205970049709,20.8766864377758,1.3617157856516204,3.0,-0.39985499600357144,1.0,-1.673048716575483,2.0,-0.26926079900159167,0,0.749472964082506,1.067817,0.58837721724508,1,0.42217513601339046
0,76.9188068770192,-0.8439427017118611,2.714447,1.2801279650753983,1.708071,-1.2821245153233582,22.0854463684034,-0.057608879256215,3.0,-0.01532280505399467,1.89388,0.5120184496280893,3.0,0.3656067939780511,1,-0.5437857749539773,1.096818,0.137120513895953,0,0.6416327281138345
6,112.025036278579,-0.5619628861671604,3.0,-1.6184781977909077,1.635905,-1.4050571560522762,25.3339852833731,1.2845493406346926,3.0,0.19265283016786955,0.258472,0.21416658980465259,2.511399,0.08060499074130126,0,0.2856215717940106,0.0,-0.16478193745727857,0,0.26996598717566167
4,82.2642992805828,-0.34381903306047784,2.186322,-3.005405239503453,1.584322,2.3213695560694783,44.3279416460319,-0.3442322066125882,2.900915,-0.22282207239898427,0.0,0.834698743229854,2.471033,-1.1969468273715318,0,-0.4089212814778879,0.256113,0.14489620213889748,0,0.49658258353766455
4,106.50981316706,-1.1788103302138504,2.0,-0.05601900945553021,1.792646,-0.48175766830039124,20.682581996899,-0.9077171157968537,3.0,-0.04067868380335479,0.175587,-1.3313240752577227,1.025275,0.5883637935034333,1,0.7556551944845024,0.283814182648746,-0.5986830282629173,0,-0.60569758443131
6,109.431164756191,-0.5446461978774524,3.0,-1.5685224388273749,1.627567,-1.4101655849739245,26.2287577525516,1.281820942239747,3.0,0.2149344435531234,0.410651,0.37063398003605896,2.687378,0.10119462450165077,0,0.17227100632538891,0.0,-0.11793066703114125,0,0.3819124271718657
4,95.0642132656903,-1.24890013405312,2.0,2.6555175507855124,1.757691,-0.333495012514891,24.4698106382348,-1.0240990923983053,3.0,-0.5760169080997594,2.0,1.152401987386378,3.0,-0.9902918472863347,1,-1.4110800782847692,3.0,0.6471149439106377,0,0.2352498304342283
1,72.0437825377244,1.606900451323377,3.0,-0.132138437265079,1.560029,-1.0434681967691382,18.2921099074955,1.635759482801299,3.339914,-0.7103402023861066,1.0,0.19496248019921883,2.0,-0.6576357782284598,0,-0.12437192716215223,1.0,-0.29769388912724204,0,-0.4190349504030813
6,125.724789478385,-0.8859105141664209,3.0,-0.914720208416415,1.734092,-1.591290859594666,20.7007000233946,1.049736941868581,3.0,-0.46289532379502224,0.450479,-0.36988653296012264,1.54249,0.20603351993682698,0,0.4380589788426554,0.6277,-0.2231743809513327,0,-0.13640655470601
6,133.439902712797,-1.4786914665251392,3.0,0.15913772815193095,1.746416,-1.9199494564739894,19.4771774686691,1.614089796490745,3.0,0.14715689567461396,0.713823,0.43127307093127226,2.858389,-0.3033575552464199,0,-0.035056533723623766,1.444382,0.1854296528191009,0,0.3891956786567743
4,81.3441232494793,0.37750554332691083,1.203754,-0.321716708698428,1.661715,-1.303151024082262,22.5939470382009,-1.8174782576758919,1.355354,0.6201159838877992,1.659476,1.269914051504176,2.765593,1.2856104767377365,0,-0.7795651943015681,0.128342,-0.16906449137825258,0,0.2523211029015401
0,62.4282893811423,1.8841553120831922,2.39728,0.5531522717880774,1.588597,-1.0963068095492747,22.000760020954,-0.253554877194414,2.656588,-0.06465461621060717,1.887386,-0.08463769606432288,2.061062,0.5462377384106364,0,-0.3785826511839439,1.912981,-0.2559431233386877,1,0.8159180427116198
2,51.6869614386405,1.4009268432337938,2.494451,1.1481892355096344,1.74823,-0.8407829553699646,17.1867129270029,0.15858208934862345,3.56544,-0.24698276363212895,0.956204,-1.5316374370089554,1.491268,0.09694499810390729,0,0.29718607378324574,1.951027,-0.5307767621306937,1,0.6753281034210719
0,69.9558033680272,1.635075063928108,3.0,0.9008736174075869,1.62,-1.5518598395040417,15.2354084976441,0.6219963990182734,1.0,0.3758952616296604,2.0,1.520573244811456,2.0,0.7451983186440369,1,-1.5380771542636593,1.0,0.9403725266279531,0,0.0699891403381356
2,41.6201162733333,2.960280235910042,2.027574,-0.6879395932674263,1.579561,-1.2251620284429852,20.0641077638788,-1.7832931763538313,1.0,0.3399471920520684,1.906141,0.4153332152996239,1.636326,1.7543457669046698,0,-0.3242581487560208,0.0,-0.5333052638485947,1,0.16894150798252838
4,99.8199008492314,-2.1568633900399474,2.014194,0.16371898008498992,1.7845986159571616,3.685112663234182,38.9261670826429,-0.07964291981255234,2.050121,0.37453581335502895,0.853891,1.4104554548836439,2.184707,1.615360627418474,1,-2.132265269949934,2.000561,1.1019918301966667,0,2.3140094406335563
2,49.162518601729,2.4311099651596195,2.890535,1.1439627661450613,1.725548,0.5494469058853721,20.5615100964336,1.2019307896099245,3.90779,-2.1767185402819456,0.555468,-1.3445261792889383,1.3964615174199995,-1.7306325766300275,0,0.15790516407498628,1.548953,0.9848653771084321,0,-0.2523522090179471
6,104.659376728706,-0.33518645375166894,3.0,-1.6112265718564391,1.629442,-1.3399340310415524,26.3850305948034,1.0462548182758085,3.0,-0.11537043474656482,0.565315,0.1838077873814141,2.2558154788374654,0.2580556096321192,0,0.19279674002859573,0.035928,-0.18458461903280854,0,0.2731942821323037
0,87.244980919789,-0.4909817644514315,3.0,0.1237274037043497,1.820471,2.2422993107252,29.4351001196229,-0.1420979954703322,3.0,-0.3058463073146663,0.0,-1.1476424264669485,1.174611,-1.444964655085819,1,0.4647558481850606,2.0,0.02803060374521744,1,-0.10775986644814549
4,97.4704219322024,-0.4606497896175147,2.0,0.6538995561647,1.723191,-0.8268485915284296,16.8765256000341,-1.525144523388269,3.0,-0.5530880529777538,0.931721,0.1448644650838757,2.0,0.00670882338868147,1,-0.4970777363348178,0.0,-0.2344620899591192,0,-0.4664243119401205
2,41.8644380355756,4.001488637584087,2.913486,-1.26031749862025,1.52337,-0.7056607119082434,20.8569881461159,-0.1710783392204452,1.060796,0.13596156307191032,0.773087,-0.8297382690670725,1.596212,1.0633741514397954,0,0.7802425164151412,0.108948,0.6797050077496257,1,0.615935647071795
0,61.8151821621836,-0.06853052610889179,2.487167,-2.42735531771287,1.580765,1.3970394789478884,37.4902735936648,0.2941759674272981,3.0,0.050937378130427396,0.435072,0.1924475347476528,2.396977,-0.36286070642071133,0,-0.002579275703074471,0.577063,-0.08155236402104074,0,1.0646665440790861
2,53.1926182812442,-0.18986212799437718,2.0,2.0019496579382974,1.7175983331152813,-0.8441559727140194,19.4650063081539,-1.1693099357956434,3.16645,-0.37933087029338614,2.0,-0.11240422952449475,2.278578,0.418070894108484,1,-0.6206510643565638,1.838881,-0.07829289393929732,0,0.5593053569384253
5,99.7399573875839,-0.5334790244079316,2.95801,-0.4447057610261226,1.665585,0.4753873224611512,29.2266485787653,-0.13367217893593147,2.834253,-0.8735743747191104,0.0,-0.10597551294518973,1.0307950381702042,-1.2922343968852537,1,0.08016345440969425,1.999886,0.2166851951813194,0,-0.9521517873610894
3,50.7238134242313,2.5484230492484485,3.0,-0.9329671792178029,1.5,-1.3103368666491924,18.8318461388614,0.5757244923997477,3.0,-1.028995711360142,1.0,-0.8619513587322797,2.0,0.6083213015516048,0,0.36563594009128464,0.0,0.7260403004250455,0,1.1498375437316666
2,41.7070810565103,3.2847321153080182,3.0,-1.185966672144818,1.54,-1.0067209474954442,19.1448637684835,-0.8321324040328317,1.0,0.061079323202753624,1.0,1.2020513212738977,2.0,0.1800432372446099,0,-0.5629412412200893,0.0,-0.08307772627994757,1,-0.283577170065342
1,79.6163110850215,0.7377555095557526,1.0,1.1560693856353739,1.7,-0.6032497064160957,16.0260232109687,-2.2028091672165235,3.0,0.9843544190627072,1.0,-1.3908559453935088,2.0,1.2981364416711818,1,0.2974786078855136,0.0,-1.0155258526614352,1,0.26783649714072033
6,104.145647663176,-0.06242899075896925,3.0,-1.7733024380526565,1.617817,-1.3603348910576516,24.8835946439114,0.8398573292207786,3.0,-0.4166696534931045,0.545993,-0.09639191859748321,1.71659,0.39968664521365344,0,0.31110615157701016,0.001272,-0.3146061542889714,0,0.06934467977245977
6,103.549086724388,0.19586508264336325,3.0,-1.8250605489480751,1.607128,-1.332072954949544,24.8702684281524,0.5339467053143239,3.0,-0.929059843541104,0.824607,-0.31150730555193906,1.077253,0.6201990569340735,0,0.3114812476767011,0.162083,-0.39436476119099395,0,-0.10093801172854691
4,103.944154657206,-1.199350560159684,2.259679,-0.3066175793864185,1.790172,-0.3802769201573087,22.6327484161807,-0.5923156261011532,3.0,-0.06102809396692308,0.077818,-1.3061324076236367,1.026143,0.47129695096518903,1,0.8344092237257227,0.268801,-0.5348693830371869,0,-0.6090070671625214
6,100.914213425681,0.21138002575885212,3.0,-1.884821005245843,1.611462,-1.2715953647517175,26.3714095842365,0.4266189182270416,3.0,-1.0470100815329009,1.0,-0.29083891504424836,1.023328,0.7514899341662146,0,0.2623813336256596,0.05093,-0.3980000768770865,0,-0.07505755157249897
4,85.0159486733636,0.6814269152577147,2.081238,-0.4591383918540458,1.668555,-0.5165210271785537,18.0859032533585,-0.7527889205169961,3.0,-0.9203506242712401,0.0,-0.19221892904566593,1.18363,-0.7926661352115916,0,-0.2204689768090255,1.17177,-0.2419107009973242,0,-0.5675044322800346
6,132.880720775388,-1.0798963084624156,3.0,-0.479662479464671,1.729719,-1.4052371959566199,22.6101579962864,1.162674191412229,3.0,-0.6596918658329303,0.673009,-0.2644304773525942,1.422483,-0.10082138107952114,0,0.2887988534112135,1.708971,-0.015958109558786876,0,-0.12337467600660022
5,117.080260745539,-1.641155570936726,1.655684,0.6059426872556796,1.767121,-0.4578099980669349,24.0286284542394,-0.9186534681315478,3.0,0.3473570823145228,0.690082,-0.581518626938135,2.0,0.39083886027892367,1,0.2200974307283131,0.976425,-0.29946560371973413,0,-0.14048623984620873
2,51.3515389377153,1.1588957402296096,2.0,1.2014180948273998,1.691007,-0.5877999369487205,15.4141800860547,-0.996286585522479,2.000986,1.6452818924744768,0.474836,-0.4944787914461011,2.673835,0.34926160233972814,1,0.2779460460143228,0.99295,-0.4058251707574147,1,0.24108186597337555
5,120.986589445347,-2.3634693557080437,2.766612,-0.4043205985116931,1.759647,0.8500821228141943,31.6815850273231,0.19290212239680246,3.0,-0.18796736343125525,1.198439,-0.052285688075137816,2.173417,-0.06255947211092558,1,0.0760170777972533,1.089344,0.13093010097520608,0,0.5495988829764797
5,102.77655565551,-0.6762717098356974,2.600217,-0.5847435503885857,1.697421,0.7887060495448619,32.0642278542877,-0.7056355851230334,2.175153,-0.5737355125224025,0.0,0.15539924481987202,1.0,-1.10174395760517,1,0.04323621567798586,1.985536,0.28049790426602894,0,-1.1801930221866717
4,89.4898756875061,-1.3431239744334804,2.0,-0.3345108509915074,1.660955,0.9112566189143394,25.8700049624565,-0.46123945165258734,3.0,0.8194037351875492,0.505266,0.041888221410175154,3.0,-0.2631004137487995,1,-0.021480008333444427,0.669278,-0.11578188509674117,0,0.8509275534827396
6,110.989367648944,-0.3690181545799452,3.0,-1.8321844506474596,1.593321,-1.347984138234409,27.3689682130428,1.1829466723879096,3.0,0.03948060690959258,0.486558,0.3452779074601269,2.447306,0.1876014673995217,0,0.1780109045344738,0.000454,-0.15925398658074993,0,0.3175643093327468
1,78.0532702250726,0.7032417858507298,1.83746,1.526167638335205,1.680764,0.3629443799591047,20.9405000899514,-0.8778129799105037,3.0,-0.7503806058397459,1.212762,0.48892050643393753,2.0,-1.090447415316366,1,-0.7659438911781509,1.194519,-0.10178868613814501,0,-1.2119490004278994
4,80.84006640963,0.25069049924848535,2.09663,-0.09530775826108381,1.6557187417062733,-0.19797776079623228,23.6812869859465,-0.20660558811630458,2.879541,-0.18192018424870696,0.0,0.6162046173765929,2.432967,-1.4104201237716414,0,-0.5668673750267917,1.887012,0.19413360915329197,0,-0.07900331612970933
4,81.3877243089995,1.0956584650322647,2.396265,-1.799615834605988,1.618686,-0.699076266503138,22.0129775161259,-0.94530353097821,1.073421,-0.010618999416928008,0.061282,1.3603579969774957,1.8455842283071926,-0.2768681330215748,0,-0.40447284238535897,0.022598,0.06938951399801978,0,-0.9034250651741067
4,80.8508052632503,0.12197569106549622,2.0,-2.9407447868450314,1.549748,2.032541490759058,40.323630605252,-0.5726914515218047,1.099151,0.6017132585052406,0.0,0.8506725870483349,1.687611,-0.5212692985673182,0,0.07476702328944594,1.874662,0.21450235394725525,0,0.11060444172522242
4,98.9833525622454,-0.2774923135240845,2.0,0.5154876442625426,1.700164,-0.9283864078641716,20.8242474196674,-2.082470063941699,2.119826,-0.7460058306433367,1.882539,1.027164927265105,2.0,0.5692748869743967,1,-0.9661331704246845,0.0,-0.004257142689074927,0,-0.5360436796621417
4,82.2725050979632,0.20715918515470022,2.667676,-3.1965724651342105,1.552648,1.6481027180374492,38.1077407133346,0.0469871757182746,1.135278,0.24730086415175412,0.0,0.7695553860586486,1.399629,-0.511370831319516,0,0.2394289715031456,1.648883,0.23450312119334776,0,-0.011094706141975986
4,77.749331165283,0.734615199190252,3.0,-1.130984276951632,1.65,-1.705125905792297,17.7138953512569,0.20518947466673915,3.0,-1.0843808736167826,1.0,-0.5022275370919872,1.0,0.7956902096581967,0,0.21415690500323767,0.0,-0.5029312514019271,0,-0.035215585459023695
1,88.500426243389,-0.9895720685862445,2.0,-0.8565054895030803,1.752265,0.07641812529079876,29.2561403609119,-0.9537567704566808,1.894384,0.9638874618081826,0.0,-0.18923286527166597,2.0,0.4735596447540719,1,0.5424713028975661,0.0,-0.2423298934981586,0,-0.5162693504441422
2,50.3486304267739,1.7707801624950503,2.4767683794575253,1.3322976822897534,1.7006818511787891,-0.515509754308174,21.9751986353197,-0.5998881292757735,3.0,-2.0388331313795596,2.0,-0.17044754347668656,2.099863,-0.2932745310532407,0,-0.7930751309439836,1.63581,1.3583944406918464,0,0.974296692389295
3,82.980455210819,0.31768967137723814,2.0,1.9607471482384446,1.7817761308651698,1.3145302283295763,25.9647567032313,0.5329636620520568,3.0,0.599040750821597,1.0,-0.3362087534887528,2.0,2.3946115329878004,1,0.2360143413369246,1.0,-4.8656694672612115,1,0.6466287445304625
2,55.4836110020202,-0.7146272972712536,2.0,2.0817472413924474,1.770324,1.034117434758424,18.7129540957571,-1.400162883023084,4.0,-1.1641818527064511,1.612466,-0.09730873431699302,2.369627,-1.089579002204382,1,-1.080313176536176,2.0,0.1164392024520851,0,0.8559594472268607
3,61.3353836134959,1.7271401244237594,3.0,-1.2487738603702898,1.6,2.223360058771014,27.2204378890196,2.1223564268361526,3.0,0.43401616409465826,0.0,-0.02214187448884073,2.0,1.6964877952590098,0,0.5136536689003743,0.0,-4.941605824156775,1,1.3559323107601033
1,59.9115827747985,3.025653652878823,2.0,-1.077062300268833,1.486484,-0.3749465036302924,19.461316448802,-0.9773777712918468,1.104642,-0.3944971670732887,0.969097,1.9591081484137727,1.9583946722310837,-0.5336783060272552,0,-0.9887123042024476,0.0,-0.11530640207131132,0,-1.4935524442581214
4,87.1371952739173,-1.2670466179902264,2.104772,-0.77626913165198,1.680058,1.6371864646567207,30.1248292551755,-0.49413276469847717,2.376374,0.7862068763744364,0.0,-0.13126638769650548,2.218691,-0.6178810918808669,1,0.3021778282999529,1.52184,0.02728670211234745,0,0.31068582776192855
1,92.1023646886214,-2.1256418716740946,2.0,-0.6286874860257924,1.79,6.983228771257657,54.8999643523239,2.6936182543774168,3.0,0.09320958166319651,0.0,0.009661661104779083,2.254949339458671,4.0997703640239935,1,-2.323643164357911,1.0,3.088616053573622,0,-2.5991463971803355
5,115.390027198958,-2.053072662276286,2.181057,-0.5155408423693244,1.7621285477406277,0.6891318342226105,29.3270197873583,-0.804698671186395,3.0,-0.18536683184839337,1.439004,-0.21218654036919904,2.08554,0.6640219899314225,1,-0.00199417617402505,0.0,-0.21638964939475053,0,0.5482809083055038
5,102.188954270438,-0.7153821756030448,2.679664,-0.5577675474691156,1.696412,0.7829346207888295,32.227086563264834,-0.5480149635731207,2.415522,-0.6735307001459729,0.0,0.036270507780694634,1.0,-1.1589580271707212,1,0.06757193580422972,1.987296,0.26078091255518154,0,-1.1024647454955594
0,81.5044930484209,-0.7292291040578941,1.989905,1.1257777904905806,1.776347,-0.04616851135746865,23.4093767622231,-1.3892733974091809,3.054899,-0.5525148536394024,0.939726,0.12053474241178007,2.080968,-0.5161525255621604,1,-0.5787266348651973,1.107543,0.04585955775223771,0,-0.31347620237421586
1,63.2137434210163,2.7389215312776987,2.0,-1.0288398420582583,1.5,-0.1295387334268737,20.7167513117009,-0.6559090863625274,1.474836,-0.3117097283127463,0.613902,1.6633369018433104,2.0,-0.880506692385493,0,-0.8214156623117147,0.274838,-0.1177369407808434,0,-1.4383311520971411
5,115.770012895508,-1.6597038295362228,2.442536,0.42740416520825514,1.773664,-1.2033742083512502,25.8431791382575,-0.5497758989328091,3.0,-0.37284901564633904,1.928972,0.00791482420947929,2.174371,1.1380881708482367,1,-0.16638760617084952,0.0,-0.1764337015886409,0,0.14374180203279255
1,78.0662956397138,0.5269046235489322,2.008656,0.30423903018302073,1.662728,-0.2559871849422427,19.3988815469519,-0.10282987545341025,1.402771,1.4430662519883914,0.32803,0.9492084977583036,3.0,-0.29237674875776704,1,0.02857483093096558,0.112383,-0.1545661492091742,0,-1.1397483056285276
3,55.4029818677028,2.5400362266390832,2.0,0.26281399911584014,1.62,-0.3257606581672827,17.4002808598755,-1.288889989086896,3.0,-2.0245749681963217,1.0,-1.0631535907090506,1.0,-0.10769011747810832,0,-0.17351728672321476,1.0,0.7976259979742943,0,0.3425651835232205
5,126.819760027277,-2.306980232763914,2.01695,-0.11436223030089626,1.825449,0.06863998899678762,31.0139571600981,-0.3174691587191634,3.0,0.4308290941805773,0.185499,-0.806325915398291,1.83412,0.16123335088957885,1,0.6331670684688194,0.797209,-0.2145872003905377,0,-0.34526602002844664
1,84.0054829025882,-0.3428624560557989,2.0,0.33631981239945535,1.717722,-0.5384621188623776,22.7156569679478,-1.4965181857626089,1.152521,0.4498198907246668,1.094941,0.5135762636841277,1.723159,0.6285215671115791,1,-0.1144747754198055,1.39016,0.052449009303847174,0,-0.5816119593705896
3,50.5808241728731,0.7638417042366511,1.0,-1.136118243311317,1.6,0.7469751240832285,23.1666770627889,-1.9594066249716384,3.0,-0.06957338912133361,1.0,-0.2895514578369394,2.0,0.6574307581204631,0,-0.36623965801115577,0.0,-0.6885855811381698,0,1.0107215091519417
2,41.7699705501997,3.94982102280001,2.71897,-0.5019136541241472,1.538398,-0.4866158754522252,20.106321976594,-0.3006845831518446,1.473088,-0.2959267936953988,0.930926,-1.245260586479196,1.164644,0.7747742443769604,0,0.716733725758682,1.235675,0.7010834871957886,1,0.6453600589684197
3,79.3577133909468,0.07142691502848184,3.0,-0.11028066528475028,1.81,-0.1840198999922903,20.3976954559062,0.653245823482821,1.0,0.9079564561490103,0.0,0.46115283590718975,2.0,-0.32407167907572915,1,0.6174082528664561,0.0,-0.04083200215846208,0,-1.7635711583307996
0,84.4076868239464,-1.5477769272534343,2.643183,1.7091566257234925,1.8175726653721511,-0.6602081476871114,19.4749743310504,0.5752351530181369,3.821461,0.10168203323231896,0.471663,-0.8945459118685761,2.397124,-0.62014342933661,1,0.2550141782620208,2.044165,-0.01831767818731203,0,0.3447946013680203
2,59.662189461252,-0.4913892073713265,3.0,1.5206562247930078,1.85,1.2161004873984942,18.5711133870936,2.212747495621846,4.0,0.3195716618151458,0.0,-1.2014367119518934,2.0,-1.369259384115565,1,-0.442871211981119,2.0,0.6743519740007006,0,1.128667648137425
2,54.182654419658,0.6240885415288165,2.0,2.800315096391926,1.79,0.22601174243507238,17.0274645723371,-1.021929428621294,4.0,-1.475386086204438,1.0,-1.6171681268649039,2.0,-0.8605277170176456,1,-0.1462997628769182,2.0,1.074404351913876,0,0.7244811035023307
6,133.663295050952,-1.4973323063713384,3.0,0.32178274180622124,1.748313,-1.946522072949816,19.3280275508973,1.6113667878293516,3.0,0.09600703856749744,0.825609,0.48141683858942913,2.874336,-0.32637408282358765,0,-0.10315795202593331,1.624981,0.2269652996368057,0,0.42092602506809434
1,97.68497787398,-2.2165265735275863,2.333503,-0.17125286139829685,1.840708,1.350454745432637,30.6789681388002,-0.38261980360846365,1.820779,0.8757335742677522,0.481357,0.29039548145821403,2.559265,-0.3331885456779652,1,0.158663274295559,1.327193,0.3002634425381812,0,0.25578387889912396
2,49.7233725143643,1.7749922320373142,1.204855,1.1026025343265808,1.699956,-0.18301776665314523,19.6541008270713,-1.4424884154694908,3.531038,-0.11494934291365626,1.0,-1.8085322589903157,1.134658,0.47861434304695305,0,0.1685735020428735,2.0,-0.8492901089691135,1,0.5849854492830852
3,59.9197693164134,2.3227341089712996,2.0,0.6023426751007195,1.65,0.7660385167043654,25.0534712909199,1.9573265844106031,3.0,0.5356809914902928,0.0,1.1533080597561383,3.0,-2.143028641561876,0,-1.6061545189662574,1.0,0.7666237193015015,0,-0.3428901583745747
6,109.018535034183,-0.5275059096288287,3.0,-1.6337065309461833,1.626503,-1.364530030815271,26.1089386541174,1.312733861769873,3.0,0.2644953405198089,0.278962,0.3118735933304874,2.658273150985801,0.04540898223526248,0,0.23455477424089086,0.0,-0.13359968755206628,0,0.3465582149530523
6,141.429142900036,-1.9118527930311378,3.0,0.6019106255666584,1.817917,-1.821786042436312,19.3602147567248,1.645009959086443,3.0,-0.0379277279519569,0.740331,0.20383453991474007,2.562002,-0.4156369547036069,0,0.03738101319205476,1.976427,0.25908597056395194,0,0.24413811596247953
4,88.8242938792577,0.23081600331206403,2.818502,-0.08062063968424701,1.692913,-0.9594195339330699,16.8516803023529,0.44142808429200103,3.0,-0.6608412136986693,0.0,0.33096527206771487,1.991251,-1.282985486229784,0,-0.32529465064515534,1.492967,0.12373567652218931,0,-0.29158089199649906
5,100.117338780527,-0.09609662675093493,2.935157,-0.785600858002867,1.647807,-0.07997590029303343,27.3344236306092,-0.8632733818576291,1.845858,-0.911359459135841,0.715993,0.6388993015650145,1.0,-0.41179104326679555,1,-0.23239609116190318,1.089891,0.21683299481169008,0,-1.159798035487763
0,65.5748101305585,1.567961638071768,3.0,2.306827679165613,1.6,1.6092045787012885,22.0987525854869,0.9074107592831094,3.0,-0.8210972984591981,0.0,1.6489797560707242,2.0,-1.921093108209667,1,2.538615762927499,3.0,-1.2006062984713266,1,-1.2451030200977942
1,85.3129257885605,-0.7699062803231048,2.0,-1.444288096275355,1.685947,2.3372327750341793,34.9994636783749,-1.682923459478855,1.009426,0.5430534137637492,0.0,1.2321173410525401,2.136398,-1.0285638585292802,1,-0.35533973376377953,1.060349,0.4309693811286943,0,-0.5473411021083497
0,68.8247772666893,0.42739981521017123,1.766849,-0.4197529379954581,1.600914,-0.7995186415798854,21.854535339677,-0.14186902833192414,3.322522,0.42513626646017366,0.256977,-0.16419381046514592,2.616285,-0.12710090561147447,0,-0.07666221382942688,0.943058,-0.36987110509121296,0,0.6219275924055635
4,90.1474805315021,1.2365743558734053,1.0,0.28094516933143804,1.67,-0.9412936936673927,16.5398669059832,-1.4553580645237667,3.0,-0.5500531698749977,1.0,-1.5222542028670893,1.8245711056697191,1.2188510744465275,0,0.34342237968210615,0.0,0.3424259294740537,0,0.872877590763245
4,109.807615401877,-0.9049252599637663,2.0,1.4344589786928652,1.806827,-1.0656141835024877,16.6090203439242,-1.8527271089117183,1.24884,-0.06638705204833238,1.546738,1.4753843349830162,2.416213,0.07834524009232187,1,-0.9870275492596378,1.0,0.3751435520108423,0,-0.7840170275375375
1,90.2013741975902,-0.9116066606709751,1.899116,0.1379623262590529,1.793451,-0.5569925017879208,25.024875587361,-1.6156802903575853,2.375026,-0.20273743106354505,1.365793,-0.4388225128554214,1.39854,1.253201041545345,1,0.1118934711606448,0.0,-0.3941805385005521,0,-0.35277426332597656
1,82.8379148670269,0.5906572970484986,2.0,1.050932409167003,1.72,-0.2870072095976146,21.8214178221655,-1.2983500939947528,1.0,1.3281736840403267,1.0,0.019489411976649922,2.0,0.5140414015194746,1,0.15454456930131974,2.0,-0.06294205614713297,1,-0.2992834412788521
0,79.8799724531438,0.08500488743263229,2.138334,-0.3379368591123158,1.730167,-0.557009335377735,22.2982936186227,-0.24508909317085362,1.0,0.8406022644971458,0.0,0.6621429861793366,2.0,-0.35794281743992534,0,0.06302893896071572,2.269058,0.24133920671122477,0,-0.42987943138939916
3,58.9339403548065,0.8731822980824442,3.0,0.7820833921448209,1.63,1.7644301855798763,20.6968792126734,3.941316831749518,3.0,-0.5878306172799798,0.0,-0.14124165672529845,2.0,4.457241633319318,0,-0.7966117628996454,2.0,-2.1201253194658225,0,-3.5185372298762907
6,111.145153766151,-0.6324296052033632,3.0,-1.6784982289826411,1.639669279797079,-1.3054411950356595,26.0337699158262,1.3854896851366507,3.0,0.3502538055788978,0.088309,0.21848618343588305,2.635454,-0.03503049651792682,0,0.336300388770118,0.0,-0.14374685069061785,0,0.28680293991385863
3,59.542708463042,2.38650178298864,2.0,0.8491677226451954,1.6,-1.0248967410150758,17.6032759335508,-1.422270423396585,3.0,-0.827497828060231,2.0,0.21343778162696359,2.0,0.2325571466165509,0,-1.0156355881233012,1.0,-0.3470474698284976,1,0.47894957738982863
2,43.580403475395,5.224181401353635,2.910345,0.6258910409365013,1.585886,0.7301382610847165,19.1251182060684,2.988349080808692,3.0,-0.06493621274587938,0.0,-2.1308386850482215,1.0,-0.9059171581928219,0,0.34781555719803814,1.461005,1.1291230345273051,1,0.2781836600398757
5,120.994608403727,-2.4877936075171134,2.765063,0.5113968706937267,1.84342,-0.7518233799082781,27.491922647459,0.6558957353831133,3.0,0.5655604268245371,0.677909,-0.05297721851412646,2.867206,0.014193277915825432,1,0.2661559391218715,0.706777,0.11990217987014035,0,0.13221070892610257
5,110.28414014348,-2.0799099973806627,1.263216,-0.7517631614285356,1.75853,1.7906935817675922,31.25599632855,-1.2653187952642777,3.219347,0.6503160938136219,0.0,-0.9960695737050443,1.981782,-0.022878721334664075,1,0.507605871663995,0.482625,-0.4531441545720993,0,0.3423261439609553
2,44.4351242770537,2.634502979899683,3.0,0.8859595302239484,1.63,0.5554616766547785,23.410732864321,3.1216935716940624,3.0,0.22867981569447438,0.0,1.3603045628117416,3.0,-2.807158012526845,0,-1.6259078748929454,2.0,1.120182317105302,0,-0.254702219800229
3,68.9489321051477,0.46060472019842164,2.0,0.9277574762235641,1.7350920683090292,1.4256202276513745,25.4986515443528,0.16202335545231403,3.0,-0.2996917622159158,1.0,-2.5348782492401445,1.0,4.292483900112334,1,-0.1906660362140531,1.0,1.5588217545104586,1,-4.18580273833352
4,90.8167830637782,-1.4849465942415407,2.0,-0.39797485230071117,1.673287,1.1268050146960646,26.5354809319381,-0.2817808447263589,3.0,1.0113251599929423,0.12228,-0.0878301203411796,3.0,-0.5338612065851717,1,0.14119774374637445,0.884935,-0.08833082335795572,0,0.7742794269038533
4,97.076668958151,-2.403726675051785,2.252698,0.47100333476726736,1.781032,3.5641513124032063,38.1867621640539,0.6659068581767614,2.475228,0.7103232443541018,0.616045,1.5218119582374479,2.923856,1.1342406620733858,1,-2.1658405762335944,2.165429,1.2290357507350347,0,2.686207892362566
4,103.925761465897,-0.94164419671125,2.0,0.38963319769290256,1.781251,-0.11692118658794536,20.1643292036612,-1.184836478853685,3.0,-0.3007688409785693,0.0,-0.39643132987697116,1.618189,-0.5791450670267463,1,0.015504607170954815,0.571648,-0.20055162810445742,0,-0.8096329675122111
4,104.496562243453,-2.022130589821056,3.0,1.3094265749333636,1.830384,-0.8480196327116252,27.0716691484533,0.5205500250647926,3.0,-0.22259531174587813,1.596562,0.11955852786086736,2.480277,0.022610484675241422,1,-0.1612634035448195,1.796779,0.3264002823934918,0,0.27398226650393054
4,95.7378860985178,-0.46486542625326654,2.0,0.7721858716721758,1.65,3.5607863407917444,23.1773391199094,0.9936240111220407,3.0,-0.20177306406094025,1.0,1.738473778113398,2.0,4.250889627840748,1,-2.294774397354184,0.0,-4.032128303099428,0,2.8763277073088656
2,53.3401919958189,0.027984330928266778,1.950742,0.9947269343843944,1.71889,-0.9903841670893152,18.8077618623705,-1.5455995945031928,3.0,-0.3003953588219685,1.743319,-0.3373017959480739,2.0136524329428043,1.0690894949819982,1,-0.3171086162173996,0.201136,-0.42686917604240754,0,0.30379765267517955
6,133.911300450597,-0.8217036109228182,3.0,-0.2996234516505892,1.694952,-1.6432110886105558,20.0697163683197,1.073965255929375,3.0,-0.8404732331811889,0.886135,-0.19569680804253078,1.309265838690802,-0.050158358525119726,0,0.16647452620081185,1.92628,-0.025013702717045325,0,-0.11728163160169629
0,83.405038353581,-1.3877344482848708,2.801514,1.3133126258109484,1.80733,-0.5509353933260718,20.0767201926201,0.647989355413697,3.0,0.49517184523724017,0.143675,-0.47912053245150926,2.4115215551031013,-0.7690094651920697,1,0.33989893907917695,2.207881,0.15699113923031838,0,0.042552856397202736
4,108.798027870982,-1.1982509472317184,2.0,1.0475758074033261,1.784402,-0.5104157322300485,17.7166088529509,-0.9340926853910807,2.475444,0.37105286514092656,0.169879,0.5036720293282119,2.655795,-0.8278722848462117,1,-0.36982923913649307,1.0,0.14418919674182212,0,-0.5710569482317251
4,81.5898838514554,1.008485970268807,2.66889,-0.16040782190499214,1.642892,-1.3637767075278586,15.7795591602624,-0.6134907849316688,3.0,-1.728449397310839,1.252677,0.3192084477468514,1.1603189341233626,-0.21061413204940768,0,-0.7020127954717652,0.886448,-0.1316932956365416,0,-0.32553516719040215
5,113.161355401413,-1.735480543043941,1.457758,0.5385990778535934,1.77151,0.13738558653697053,26.3050564232135,-0.820570327150348,3.0,0.7491136219874542,0.00133,-0.8068480198790543,2.020249,-0.14834044435332427,1,0.4469741736461185,1.556709,-0.2542747297465329,0,-0.2279748385086822
0,78.993776479559,0.07000594125097048,2.0,2.9361985538660993,1.7492421572090504,0.592680722768127,17.2674749868628,-0.016842007612304852,3.0,-0.46871808234315043,2.0,0.4023857829973994,3.0,2.7357458736151337,1,-2.2600622414612004,1.0,1.8189017406514245,0,3.263475594065957
2,41.1581271447589,2.6218155004838186,1.889199,0.6593200089451257,1.556611,-0.8630670342599437,19.5046545045761,-1.0555513002283639,2.217651,0.24597140999013953,1.683261,-0.050900224042586685,1.9759874732550302,0.5704941766333737,0,-0.4502830085343639,2.075293,-0.34860854983722833,1,0.7039244410639639
0,67.7425433461937,1.2369381056449362,1.729824,0.0725199754888757,1.6389613767963322,-0.5623804496622775,21.5881044747777,-0.6108001566699296,3.612941,4.098318377464879,0.426643,-0.0997439266696824,2.043703,0.21459899327244916,0,0.3857211626738317,0.562118,0.07946651221849799,0,0.061526209265104014
0,70.3705375959354,1.8732727728924785,2.043644425049938,0.7163001866064899,1.62,-0.13309504505029665,20.0826465411888,-0.9940231961326425,1.0,6.564848411164916,0.0,0.8690175721101457,3.0,0.16736028007318896,1,0.6921355268268894,1.0,0.48440919336536414,1,-0.532181950088872
2,42.2329675504385,4.00836225568704,3.0,-1.386576338268226,1.53535,-0.7286590135501876,19.5882404531054,-0.06429385618290366,1.0,0.20075953366912425,0.513427,-0.9604006856385123,1.4831294857884252,1.008259702951082,0,0.9395095707481562,0.0,0.6424390228393102,1,0.4893717271904385
3,52.0012627072143,0.7302724803432021,2.0,-1.1799184056961778,1.62,1.9273261394852628,29.8397432383166,-0.9757727089628301,3.0,1.1243852097179226,0.0,-1.3846727212003456,2.0,0.15676520304063632,1,0.7703477439197053,0.0,-0.7430342605827682,1,0.7651197269529196
1,71.6214091683604,2.9477931693629973,3.0,0.5543502459216793,1.54,-0.5226956953393281,16.9231723065997,1.2707210932098942,4.0,-0.9705931467891675,1.0,-0.1973344511991396,2.0,-1.3500837755629667,0,-0.38153200162395734,1.0,-0.4516358448936885,1,-0.3934210984126481
1,88.8103849619314,-0.5366616447930737,2.0,-0.6138341539551395,1.72,2.559914235375366,26.8129027743564,0.07893047147436075,1.0,1.145255920746168,0.0,1.3147999951509373,2.1534995579257075,2.0549114071241004,1,0.16309600963500034,0.0,-4.458587714388372,0,0.13932860386529647
4,79.3000725220531,-0.019854475147087273,2.025479,-2.7712898820695733,1.567131,2.0503506851755398,40.7563156621579,-0.45778602409658187,1.046144,0.7552208970781934,0.0,0.989776076310222,1.941224,-0.6277642169808145,0,0.018050537644027427,1.983265,0.3058850452943316,0,0.19307713894924208
6,111.566841663306,-0.7293139893186601,3.0,-1.6738658941312432,1.644141,-1.260360541758952,27.0225518436517,1.4355639404699154,3.0,0.4180770285953681,0.101867,0.28975765573342566,2.763005,-0.06355025810337735,0,0.30996378515328815,0.0,-0.1063879344028841,0,0.3369767975735338
6,154.009214087283,-2.0085560185774334,3.0,0.4969820588785199,1.816868,-1.9507773652317695,19.0889432720519,1.5267829358929297,3.0,-0.33066650092376787,0.927982,0.10801299798083465,2.198659998550741,-0.1951183265563856,0,0.06508442109836148,1.917014,0.19729278499553865,0,0.09350737422232407
4,101.470694779224,-2.3388256544947628,2.04516,-0.37094823033823976,1.785957,1.9587867632288443,35.9798684641151,-0.29702896947878576,1.874532,1.2893306404711262,0.105408,0.42126618910856545,2.856521,-0.8290292413146212,1,0.15599367567594874,2.005286,0.4205330154205815,0,0.3532938338661835
5,119.416848263505,-2.055889122153729,2.382705,1.099232189177198,1.839699,-0.6829822707997248,22.2289194631783,0.027364363299411023,2.938902,0.18804373593255658,0.630866,-0.5421211026331682,1.999278,-0.07158191322072396,1,0.3135934910183878,1.686229,-0.001301148529084548,0,-0.19504505976231076
0,81.029030371423,0.05785651221682114,2.446379169834728,-1.9350938481455586,1.739293,1.7047261749840743,40.560140766746,-0.16815980810737607,3.196043,-0.2582567504979729,1.08266,-1.1934146234187921,1.352649,0.6064808216615782,0,0.5229140300881694,0.148628,-0.530396085913841,1,0.9595486182991079
4,92.2073135721852,-0.5747989290604943,1.368978,-0.5936653329449638,1.652971,1.4666896604836073,22.9491533070174,-2.114396388936291,3.0,-0.13590183658519864,0.22183,-0.07444754409963114,1.953152,-0.5634671203840815,1,-0.3388479035549577,0.104707,-0.3397675830729621,0,-0.03519322819130087
4,97.7543360751362,-0.6726054869274154,2.0,1.261906486574127,1.701413,-0.732460939710927,19.8985863601111,-1.283839091932545,2.961192,-0.4158040673545774,1.35537,0.7413258788117916,2.623344,-0.3558067523164773,1,-0.9175352020788914,0.981686,0.11382817657904534,0,-0.11562000272665761
1,90.0839893233466,-0.5863571618147145,1.0,2.697242848978418,1.8,2.2787608070016145,22.5919584959775,-0.3899290602864814,3.0,-0.3519155203122858,2.0,1.613991818805837,2.0,5.287034145373967,1,-2.7169003083305516,0.0,-4.162828420180207,0,2.5362682835504566
0,75.2311965742255,1.0960163527684297,3.0,-3.3938309135707465,1.6613343670934575,1.5854693458811644,36.5324887926643,-0.048139244484986375,1.0,0.6400712094060671,0.0,-0.31920786029071013,1.0,0.43212083774507165,0,0.9300868932594936,0.0,-0.30667337868154,1,-0.04343809376592432
2,50.7507793608737,1.7108421443813864,3.0,-0.30009657310987853,1.689441,-0.242711983576552,23.9033616138732,0.3137553033838778,3.715118,-1.8794224917056679,0.646423,-1.1345504693755009,1.774576,-0.47627675318301016,0,0.12790045610094308,0.10297,0.9537833184011109,0,0.7647699622864262
5,124.484819374327,-2.5578974660402953,2.467548,0.3865995678680705,1.841908,-0.35220561423888364,29.074925016672,0.4511047357446096,3.0,0.7121567712751052,0.310394,-0.2965475147834428,2.66029,-0.16016748251482626,1,0.42494063125608444,0.994422,0.06463862924131755,0,-0.01443011227621543
0,66.6366265460499,2.640740287382384,1.31415,-0.7431024388847616,1.644053,-0.1940450373146745,17.3833057961594,-1.0058555860688645,1.068196,0.4590453960116654,0.057926,1.03862828813992,1.364957,-0.08060569830727356,0,-1.436792159836299,0.0,0.43794122138439573,0,-0.6703400760782458
3,58.45285555198,1.9421445531464179,2.0,-2.193533281070233,1.58,-0.14634755543516773,23.5656284795318,-1.856972973412078,1.0,-0.3513023773052372,0.0,0.889230814064316,1.0,-0.029210213552970737,0,-0.2989017051074412,0.0,-0.18658358255397195,0,-1.1380249194923484
2,43.861727776843,-0.019915646810170023,2.4789512252323687,5.49262451119893,1.84,1.5962339649771862,16.8810538943012,1.7582177684381268,3.0,-1.196309857125017,2.0,3.149010256493762,3.0,1.322241520955063,1,1.5467410327275615,3.0,-5.322046797158123,0,0.0587999255752255
4,115.535723505464,-2.0388373311476427,2.0,1.3637515173184858,1.87199,-0.9986466527459502,20.8172966933706,-0.7127889453139628,2.358455,0.5209750279702767,1.157466,0.04466532444699565,2.515765,0.5253854243892067,1,-0.047376536680181394,0.98232,0.009164885373365433,0,-0.09975654267006384
4,95.6062179563173,-0.8694763337184583,2.246202464163224,0.8885163302986011,1.723921,0.08659764883750969,23.3180975127482,-0.6067360472328319,3.0,-0.18566305823989798,0.212767,0.18182168342538793,2.183149,-1.2645874014906786,1,-0.3416419045756645,1.932386,0.21807054784146687,0,-0.4526185767322748
1,79.9749042074886,-0.18907841317391139,2.413156,0.12807248670722624,1.680991,-1.2605757427139677,17.0049520879154,-0.7692384185714825,2.521546,0.128639796500436,0.965464,-0.141675198015173,1.985312,0.7850700665129424,1,0.08813422502824647,0.00705,-0.3570585993658738,0,-0.1210305897496955
3,63.2067893645881,0.8671857094422284,1.0,1.2874759827033255,1.63,-1.2036209032233895,16.8658317414362,-1.813259895120663,3.0,-0.5293789926896196,2.0,0.08355061960783451,2.0,0.6760801363931862,0,-0.9261408941847087,2.0,-0.3455589175286809,0,0.6735509343876016
6,133.0471499481,-1.6200587672156466,3.0,0.11290785788148408,1.761773,-1.78198749179626,21.8269790762701,1.599981228100338,3.0,0.1230392208736865,0.807457,0.4672083024712533,2.893062,-0.2631489828821782,0,-0.05926963458514166,1.408177,0.22169914321862058,0,0.4241132991688414
5,119.110716498057,-2.437111940782477,2.998441,-0.25926421590771376,1.762389,0.5590564905551301,33.7153146556124,0.24018918938025138,3.0,-0.4807449829957587,1.99219,0.39309784518479157,2.462916,0.29012106038721,1,-0.2761702665093534,0.8122606961502717,0.2556364520446542,0,0.8181532134220963
6,108.806061548592,-0.5124524376360564,3.0,-1.5739711595832842,1.62495,-1.4215220626820897,25.6352091969577,1.3102586753789354,3.0,0.26805614019480095,0.322666,0.3489708074238598,2.704315,0.05701907331276806,0,0.20109435875089252,0.0,-0.12788275506465346,0,0.37202644467907775
2,56.1213495274579,-0.8405626730183229,2.120185,1.7183208653241275,1.7503128312753709,1.2893488230297565,23.043960355215,-1.12783680161867,4.0,-1.0193840154093765,1.510609,0.07077610844011394,2.582165,-1.242663311467057,1,-1.0614293508391515,2.0,0.21326889596340312,0,0.9331025637452228
0,83.8845721577425,-1.5714825618325456,2.682642189539607,1.9559198629814218,1.81748,-0.7941371537922699,19.059802412603,0.6189406896209371,3.0,0.6484041756929603,0.561602,-0.06932797928217395,3.0,-0.7693378471007098,1,-0.00976721344594818,2.433918,0.3032516370772691,0,0.34253675695305913
2,40.5455847382255,4.118014383534111,2.88853,-1.7741996006791771,1.534385,-0.3524050956665537,21.410060295941,-0.25784635532819217,1.0,0.1150046891958711,0.196224,-1.3255496986393953,1.0,0.9894560078921274,0,1.180167917373608,0.0,0.5251202785043304,1,0.2617170072507119
4,82.2069183094935,0.2115258730409113,2.522183,-3.1893340644123307,1.571417,2.1689380262663094,41.4248663068908,-0.5409309617600451,1.326982,-0.16757134983337435,0.0,1.5046642008688318,1.872673,-1.2093988586330158,0,-0.42999229726610166,1.048507,0.4555312800434288,0,-0.19867332011048228
2,40.7761068914658,3.9325735041401337,2.725282,-0.9269893173430841,1.527133,0.07966781779511727,19.0786583509371,0.5579672780720614,1.259803,0.574093335158878,0.0,-0.24851569145456567,1.0,-0.49972260500455296,0,0.6208811021113129,1.37467,-0.5268485330133204,1,-1.2560980453498185
2,52.627048072988,1.9230148741858781,2.880161,0.9373123993875404,1.711467,-0.2407369357559862,21.0868803629398,-0.21510920636584882,3.0,-2.4548857660089336,1.37465,-0.8537833394282477,1.031354,-0.652878358161298,0,-0.2699200902313751,2.206738,1.3012711839763076,0,0.4532824965160835
5,113.619216717018,-2.0429018451175165,2.314175,-0.4040951863411659,1.766946,0.5541059033092306,28.7133674475098,-0.6940869359271286,3.0,-0.2559789817728483,1.578517,-0.12617303470883603,2.151809,0.6837290849758582,1,-0.06486092625198954,0.0,-0.1727506956665748,0,0.6029940755968889
4,104.10129519551,-1.9354831887382604,2.894270534845692,1.2335942583647284,1.829907,-0.7551130661590569,27.2446126522223,0.30598487550613174,3.0,-0.338994713828852,1.59405,-0.032441402523123254,2.224914,0.11363754963656536,1,-0.11369533647145302,1.781589,0.25419704494847456,0,0.1815437251690286
4,101.006462945112,-2.3382817691852584,2.222282,-0.29243926752359617,1.7921,1.9632688303925387,37.0599482859657,-0.22352407579028072,1.578751,1.1858700767336614,0.317846,0.6672934087341802,2.791604,-0.8578456091901161,1,0.05700782595103366,2.352091,0.5805516995084414,0,0.29252662433184196
6,151.955259605172,-1.977997376020237,3.0,0.618646516856593,1.817231,-2.0129025241958707,18.1602183877939,1.5537858177608732,3.0,-0.2705447765987284,0.92376,0.15098668218765884,2.305521,-0.2371078601829911,0,0.03086166977129157,1.956278,0.21322980359138893,0,0.13839802035937745
2,50.026079447231,1.6459634880951064,2.979383,0.7152023212246297,1.672007,-0.7286519046972733,21.3662296487141,0.42261577359593133,3.0,-1.2760738482958938,1.241755,0.13587755344916339,2.975887,-0.7074338671307897,0,-0.5596659926853889,0.945093,1.4420283481379457,0,1.1317248108370634
4,116.819617018636,1.3233932734431397,2.0,3.4496128790955707,1.8008566747760073,-0.1669705072070732,17.1033825942121,1.1142817371103328,3.0,0.5158779155230462,2.0,0.6796562921622988,3.0,-0.8053526993340449,1,-1.7816401404362954,1.0,0.6274472502452981,1,-0.30583313226342707
6,104.990898167797,-0.3579762746838578,3.0,-1.5649783732139917,1.669039,-1.1758215796496878,27.6301995297727,0.7452428868530114,3.0,-0.6485031170486638,0.823069,-0.14834092594828918,1.554925,0.47926988180667657,0,0.2585318960220147,0.209586,-0.2410622617376868,0,0.05979501528070829
3,53.6558349743602,0.9420348398865492,3.0,0.4059352542444629,1.61,-0.2749586259654416,22.9960006844339,1.4752871998825665,3.0,-0.9696326715935809,1.0,2.607099411857659,3.0,0.09095610630743121,0,2.2483277812724096,0.0,-1.4544593147306986,0,-0.2613462965481843
2,41.3961965763272,4.013730643265411,2.749268,-0.9188136663292579,1.53161,-0.6304084308237848,19.6440210373454,-0.3174668028190008,1.394539,-0.1075583457543549,0.800993,-1.186881428733341,1.322048,0.9950729743840458,0,0.7990349612804173,0.463949,0.5961130342564579,1,0.6310868816715445
3,69.2161572851377,-0.5354120728079368,3.0,0.5467712587157534,1.68,-1.4688619898132507,23.1362661492667,0.0009815794461832666,3.0,-0.13018163409782238,2.0,0.5813512392607408,3.0,0.7759410931024103,1,-0.4844212658417374,0.0,0.0027326544136917898,0,0.6707920279529266
6,131.324857841377,-0.9961459159676377,3.0,-0.23885460129642866,1.730636,-1.6152871944156646,20.9045611932149,1.0650225210187416,3.0,-0.7744176717405674,0.930888,-0.18120786875234202,1.4550512543225727,0.024298718050181734,0,0.15850112801177854,1.700889,-0.01371431602487083,0,-0.060302439983482725
0,88.5600728457424,0.5266262720294845,3.0,2.9436031935137565,1.8,3.790093384896396,28.6410320244597,3.0880972229160464,3.0,-0.2502368869386552,0.0,2.0332087512329236,2.0,0.5580313241211431,1,1.3844899917142963,2.0,-0.7781858961475389,1,0.03586270054489404
2,42.5479992020648,4.815470032722291,3.0,-1.33539292823053,1.5471791587725547,0.23708339399999634,20.3315047670187,0.7984104049296847,1.0,0.12448699280699356,0.0,-1.2287294840039393,1.0,0.14918215703899884,0,1.3176630636847169,0.0,0.45716247170584917,1,-0.7419104002395847
4,119.535467637885,-2.8382182941845686,2.0,1.9830549472335575,1.975663,-1.076559269491151,19.8122844111055,-0.295274654097294,3.0,0.682277064945425,1.0,-0.3088204171555423,3.0,0.34884746933545446,1,0.04876116060478957,0.767013,-0.01411169191376224,0,0.1861996189965202
0,84.7957845869078,-0.4041151080825255,2.39915531293231,2.233115754285807,1.7513739618877828,-0.36190357961351843,18.5466178524671,0.932754525025022,3.0,0.44850770687381625,1.0,0.28979010738167693,3.0,-1.04889714785861,1,-0.21444827247021456,2.0,0.08733003110989893,0,-0.5122855381345628
2,43.6043379696714,3.62307015012763,2.673638,-0.9163542462635292,1.534223,-0.47757198227256586,20.5003307799201,0.1686915988816891,2.779379,-0.21028843389525267,0.403694,-2.0183628658722057,1.5178920422181859,0.7417421005145753,0,1.058686185093133,0.043412,0.31177119054193114,1,1.036799001029113
4,105.777183873164,-1.4962349428172437,3.0,1.1333445722425093,1.78,3.2413068909438802,35.8840381461995,0.9633265253785064,1.0,4.98468369196789,1.0,3.2633635750941785,3.0,1.016012500409318,1,-2.0951516480536907,3.0,2.4442191220694935,0,1.8576120764651156
5,116.023897352517,-1.7842559840752317,2.392179,0.5758980316226606,1.773115,-0.7073799912914788,25.9857843306764,-0.14224127253508492,3.0,0.04701124954167675,1.073026,-0.23342909082493388,2.16467,0.30306325489768027,1,0.1072043075236026,1.079934,-0.04819583016835542,0,0.003868744161872666
5,113.78038757308,-1.7080438199325958,1.528331,0.715284535262282,1.771817,-0.09450412786254846,24.8275611966095,-0.8065975533205442,3.0,0.6484324580132653,0.228598,-0.7000598419275184,2.079353,-0.04882838219917311,1,0.33985474745777033,1.522429,-0.23495424696669515,0,-0.17027087479508957
2,50.1766348567048,0.3253034030026709,1.813234,0.9683432544472096,1.716691,-0.7873902384028472,17.9345823730401,-1.919330943825765,3.0,-0.6617487853936949,1.673584,-0.7645006265083597,1.274815,1.1180652950339025,1,-0.17558908822239677,0.520407,-0.5553661263640313,0,0.03778108735451798
2,52.8293914712073,0.14654319081047645,2.0,1.1679285942494149,1.72,-1.319142653583692,16.0919959375724,-1.6329833155571953,3.0,-0.45055144069080993,2.0,-0.28427235008170365,2.0,1.278516324129096,1,-0.41544465986830165,0.0,-0.4671241495592037,0,0.33525270002928137
3,63.1861664993912,0.8939195688779314,3.0,4.247736539961361,1.78,0.9549121163150556,19.0858547881286,0.3880285703527515,3.0,-2.9591434729851125,2.0,1.5796857986438215,2.0,-1.0376280757462788,1,1.9396302748294496,3.0,0.35594501077933133,0,-0.4863918910810706
2,48.4725936293517,2.081758474911943,1.0,2.352443580899831,1.7,0.8076140598982557,20.3126166172209,-1.9366300777250935,4.0,-0.4665216566669757,1.0,-3.5115298128473578,1.0,0.6284873481436676,1,0.9021472392814485,2.0,0.12504024317282278,1,1.063128663919507
3,75.2840262895343,1.0319238362136915,2.0,2.0129170379211243,1.82,0.9888499259998742,18.0778773405145,-0.12553804922376904,3.0,-0.6656163569002724,0.0,-1.2575426925823847,2.0,-1.4834793590712811,1,0.4139571780801476,1.0,0.9543082541370704,0,-0.8570803268280304
3,54.9297376407082,2.2514571091812607,2.0,-0.938282742908523,1.57,0.06304663024649564,26.162110782845,-0.6303566291180839,1.0,1.4275932463528587,0.0,0.10329191200717243,1.8793132662076584,-0.037952349436865304,0,0.3179588908648384,2.0,-0.1859329504343083,1,-0.08625299526499072
1,85.6206258469714,-1.1690660984015984,2.846981,0.921535890884234,1.758787,-1.1396395675699107,17.8189509836912,0.5761619318247744,3.0,0.6281207790531639,0.429081,-0.11646720059927282,2.87781,-0.25526924669341494,1,0.18309275340197997,1.0,0.015842123675653793,0,0.2334710985132642
0,74.4131500616312,0.19747476379525253,3.0,-1.9885983836860532,1.65,2.061635024246745,36.9750390237998,1.8900488471628574,3.0,-0.15251968935615928,0.0,0.02655768120890393,2.0,-1.4713054392555727,0,0.4034371819142469,1.0,-0.04298492667844975,0,-0.1832654334387786
4,104.762057678197,-1.2805778725102845,2.121909,0.8659953125166381,1.775584,-0.1271797556508232,21.4508558002231,-0.6154176858296599,3.0,0.16088242604756373,0.0,0.1372083597417084,2.500556,-1.088815824955656,1,-0.22522596610839965,1.20758,0.11721432892552744,0,-0.4606379543302834
6,112.721268806297,-0.660358991763145,3.0,-1.7075866593587223,1.6306527252670442,-1.2907528698647712,27.8279849540183,1.3162286462388197,3.0,0.2213345810660735,0.357581,0.3458663348011495,2.644135,0.08302531277625892,0,0.22150959939021184,0.0,-0.10914370588401881,0,0.3465955076110192
2,63.9186822894441,-1.812467384560194,3.0,0.9106719171403165,1.854592,0.7252359974570354,23.1477900571727,0.543703015037452,3.691226,-0.06762106275164088,0.8324,-0.6537878468188901,2.650989,-0.5907558923267573,1,0.10728746774510929,1.228136,0.07213813714654277,0,1.0402873156051986
2,53.0479620781085,0.8244110090896,2.21498,1.3750891369883873,1.757958,-0.47702190748044804,17.6821762510409,-0.9057776011534985,2.64155,0.8083431401070797,0.85882,-1.1346801309715793,2.0063184333338246,0.5445407743827122,1,0.3913146322540542,0.998391,-0.5105300001989819,1,0.24673430993310125
6,110.379236008408,-0.6021660017035547,3.0,-1.5140422802549,1.640606,-1.4410248686215352,24.9359306947249,1.35313207383872,3.0,0.32000339236091696,0.228486,0.29137038438894786,2.709428,0.0185548251175109,0,0.2518611724672939,0.0,-0.13264693387614998,0,0.3409909432417008
0,68.3593744584156,0.017982134011669367,2.052152,-2.345259624454511,1.633491,1.2938332807465782,30.9342495314647,-0.37344538931074667,3.0,-0.059338551722432874,0.0,-0.5856764960544589,1.5999965152093962,-0.08021498566809301,0,0.3664672039287033,0.228307,-0.45597538006469035,0,0.6074164003313247
2,49.7950155814109,2.967357209958151,3.0,1.994684841226331,1.67,-0.1520826886048054,20.9314790587317,3.2006216798288456,3.0,4.5688499546393935,1.0,1.521685970878446,3.0,-1.489829199474821,0,-1.0647167529765724,2.0,1.5757159423207239,0,-0.14109378506502457
6,130.661905243671,-1.3262916557959692,3.0,0.07294324150987838,1.7456,-1.7879835585777295,19.4295174504994,1.5127246808672559,3.0,-0.026845500132338964,0.62535,0.2088650664363953,2.486099331420385,-0.3167415287670435,0,0.0697257939812823,1.586525,0.13203210472322713,0,0.24954771582130242
6,105.003263587365,-0.3342835194321146,3.0,-1.4669180550205385,1.686033,-1.2182682275412364,26.8641828367106,0.6120566364558517,3.0,-0.8584812224260262,0.946888,-0.2755302836045392,1.299194,0.5964216888773879,0,0.268685480938757,0.234303,-0.2784726972282904,0,-0.018089215329235016
4,79.6793050412972,0.8141343236625804,2.0,-2.2710813661409377,1.585547,-0.6466947402915386,26.388128011099,-0.755916996633533,1.0,0.9225400214433108,0.0,0.8173772991240483,2.0,0.5627598690644358,0,0.17039839406522098,0.0,-0.2079679936423629,0,-0.43538347735802724
5,113.087229127269,-1.8815369880725057,1.397468,-0.2870402453393396,1.75596,1.1939637592519163,24.0430672424941,-1.177121185474103,3.0,0.6659523601218119,0.062167,-0.8420257735804316,2.01897,-0.035982763228386075,1,0.42585681930657565,0.665439,-0.4209575447565659,0,0.26903665755409933
1,79.7745094506905,-1.040360489218472,2.0,-1.744051220796153,1.769269,4.339056524412786,56.9897767155352,-1.0914654353032327,3.0,0.39449194587906294,0.0,-0.743221209032212,1.8530968675366009,-1.119650768353419,1,0.3613373689057588,1.0,0.027518694119553554,1,0.26387627801844726
3,67.0434871787308,1.6607875225573516,3.0,-0.942163407445556,1.6318807931261619,-1.2237112572475046,17.6213715808305,0.8577072638408022,3.0,0.6232836142474969,0.0,-1.0176941721812425,2.0,0.28067601056563135,0,0.752144320862878,0.0,-0.6772295355082607,1,0.4117610091639619
4,85.5253981030495,0.8509856112707166,2.954996,0.2469798878262856,1.65,-1.232581314071643,15.4631121567876,-0.06514989310704777,3.0,-1.8226255174247026,1.06053,0.27718986933492107,1.0,-0.8164217592779133,0,-0.6451641729498311,2.091862,0.10386395128035764,0,-0.4067346701894379
6,103.190508111533,0.09245667825862423,3.0,-2.003354653962023,1.623113,-1.167848666053579,25.7723572960955,0.6113473237395209,3.0,-0.7906693428340056,0.543118,-0.44023636010419426,1.063422,0.5314870828995335,0,0.46317127062879193,0.051097,-0.4187374155916285,0,-0.16638267050103098
0,58.9166760380761,3.6606567363481703,1.972545,-0.18941582378261057,1.535618,-1.0103281205950418,17.2882135031994,0.40124526657694354,2.339614,0.7962606283320708,1.191053,-0.19335309670913328,1.711074,1.0074388382372723,0,-0.9474324293279142,0.095517,-0.06193519208345996,1,0.7824951170506165
5,121.032892224582,-2.589595112352763,2.997951,-0.21982025101854857,1.793850209853026,0.48975604535248934,28.3723524356559,0.6565954162217236,3.0,0.18085022321678149,0.972054,0.09272096763701812,2.715856,-0.19397852425267467,1,0.11997859582973032,0.739881,0.18535342274509242,0,0.6693067673702733
4,115.837217393151,-1.2415226305300913,2.0,1.2978832868680064,1.7757556214448718,-1.5273564977471596,17.8596194468209,-1.299065490627759,1.854536,0.045610982425244154,2.0,0.5735815398622093,2.160169,1.0848298167605017,1,-0.452014483970584,1.0,0.007385823321410591,0,-0.19904975803545186
6,104.641442825009,-0.3320934210890582,3.0,-1.522345566374393,1.680218,-1.2102131845693322,26.4451448362442,0.708499666422528,3.0,-0.6945783124896505,0.763359,-0.2671360682099574,1.423073,0.4945945586207206,0,0.31738466360082124,0.197993,-0.27989209427039036,0,-0.007865585411788051
4,108.564660799843,-0.4494704715913225,2.0,1.5783157294765735,1.78,0.14184011886891312,16.6914994606092,0.1019831243004985,3.0,0.18595445011234601,0.0,0.28551053833254625,2.5876322095053603,-1.6953394423882342,1,-0.2236575578375727,1.0,-0.04884410831436384,0,-1.4152533481010479
5,100.560058601732,-0.47833740851976914,2.9553,-0.6188808164487029,1.668478,0.40756091908038666,30.9124520175292,-0.44503097517015067,2.378211,-0.9349417317831411,0.394533,0.26017689055635035,1.0,-0.9288440420310325,1,-0.08047348365856438,1.738267,0.2790405416894361,0,-1.033836594549853
5,121.629266086602,-1.9855426849146105,2.113843,0.805156820340384,1.77558,-0.3943001792878528,24.8428217044099,-0.006507045291209491,3.0,0.5606077792630499,0.357314,-0.402645267554369,2.316069,-0.2898251081216752,1,0.2930004987111408,1.804157,-0.0007354522688945628,0,-0.0852565224928884
1,94.0356360699367,-1.7237907804285804,2.133955,0.9081699215113888,1.842943,0.057881394527823746,29.8261935232294,-0.6085135609760242,2.902766,-0.07425622535709885,1.0,-0.5878960086874084,1.753464,0.13796115065675535,1,0.1622010501397105,1.729987,-0.0018930724810354075,0,-0.09245235509945665
3,50.8408697958177,2.870128315351778,2.0,-0.6009778219841297,1.63,-0.12319239050182478,22.3362806041184,-2.068412524533571,1.0,-0.24756374588336744,1.0,0.4406137301588166,1.0,0.2624771189641579,0,-0.4524549489790861,1.0,-0.22959670096789025,1,-0.672132462355128
2,53.1812422265949,0.5912579902383416,2.897899,1.4200889487397093,1.788459,-0.618508346130248,18.5675708565993,-0.10695508338753289,3.0,0.3362864648077396,1.0,-1.2971997681702268,1.835545,0.3682395995106753,1,0.486805118349561,1.162519,-0.394979161016807,1,0.31580367655678654
2,50.9755708522049,1.3370597139380294,3.0,1.2465333979219555,1.694265,-0.3186478137620436,17.5827068450304,-0.41171926438160483,3.0,-1.4048456282286983,1.0,-0.7702390504384609,2.0,-0.490068986359153,1,-0.05247897378744314,0.819682,1.1975346882899043,0,0.4164573439456905
6,129.403466416843,-1.023814508817579,3.0,-0.23836798977891394,1.721476,-1.6831617114154265,21.0775478927427,1.1631326837876048,3.0,-0.551017275247254,0.926443,0.02010230687374052,1.837184,-0.003593977097429835,0,0.08000088086538662,1.525165,0.0236911888015162,0,0.08634359866393836
5,111.676494008301,-1.776221611780884,1.794825,-0.5536477710134371,1.726279,1.9583480915307625,30.5909822597727,-1.007270369283551,3.914454,-0.4098504923180318,0.0,-0.5699549670535842,1.972016,-1.1460059244811092,1,-0.05978264330209064,0.668963,-0.1797399016257633,0,0.15043153066226425
3,56.4702933588622,3.5829534089578146,3.0,1.5002167405320865,1.63,0.493674997624904,23.2863291653821,2.3195721046038424,3.0,3.3205667355427897,1.0,1.7699606143924431,2.0,-2.0745862769263486,0,-1.4808359501638213,2.0,1.6573552295605254,0,-0.9266419644134947
0,76.9806553526962,-0.4719195208976422,2.0,0.6923692704910023,1.717288,-1.071000076026896,22.025106538387,-1.4322755901140738,3.0,-0.42576287231232157,2.0,-0.16963234970571475,2.0,1.2805855096235783,1,-0.3432564881626517,0.0,-0.3889860061161301,0,0.2593007771399697
6,133.869321741834,-1.5572774733415722,3.0,0.17173487657841402,1.752531,-1.8623659961620078,20.5798758284273,1.6174210075049484,3.0,0.131530678451758,0.779641,0.4683799718388642,2.887659,-0.2983685178703704,0,-0.0634812996589255,1.480919,0.21581770711511833,0,0.41431817032911117
5,114.043051601186,-1.7702006805867583,1.626369,0.3640146089841232,1.765464,0.06542680081259415,27.262421284853,-0.6463100099310812,3.0,0.7220590367476964,0.076693,-0.6952048126381354,2.109697,-0.09601588174317248,1,0.434803612787048,1.352973,-0.22513344573131233,0,-0.1855649771405998
3,65.7675305095811,-0.09157403282445238,2.0,1.3815873641442984,1.72,0.7866595859578145,24.6025258347789,-0.46249993392672684,3.0,-0.9422124002762191,1.0,1.50669233570049,2.0,0.6220354970501312,1,2.6273313166829015,0.0,-1.7827043992905252,0,-0.9827038370606457
5,120.163888796096,-2.3464529874472024,2.05687,-0.20265201693290966,1.783914,0.6569481251730319,30.6080415174082,-0.8983934368457649,3.0,-0.15387409703036825,1.759954,0.001568918068696045,2.358088,0.7451163580949957,1,-0.19816242749947463,0.093418,-0.1289827929882338,0,0.694559534574357
0,73.1715201762241,0.10528189305686814,2.0,-1.8261335820574895,1.666023,0.7625204493514183,29.066433312527,-1.1036230913461096,3.0,-1.040925343942767,1.301385,-0.5474594689592034,1.0,0.8120545807249759,0,-0.029777934090661,0.0,-0.5431564061246101,0,0.5999941842337497
4,77.5489931029608,-0.670075935666918,2.0,-2.9898365070870088,1.592316,1.857443072466181,43.0476720319445,0.09246293185062499,3.0,0.6693524284722511,0.0,0.2110415523561923,2.806922,-0.32281640118391414,0,0.1521073278744362,0.0,-0.16318326048815635,0,1.0671493136343815
5,111.54860975601,-2.042007954042222,1.878251,-0.6498667478629454,1.787379,1.0299208506017528,26.3325783132842,-0.8271508186486163,3.0,0.4205535853118506,0.325445,-0.7444198863974636,2.022933,0.2345108041438891,1,0.45957633275130544,0.0,-0.38541360511317135,0,0.30210761065598757
1,86.5054102189389,-0.8728148641419993,2.353603,-2.5838727432181274,1.733875,2.4662850167633144,44.0187331007017,-0.44095812259970657,2.337035,-0.45255292334259545,0.0,0.608664792594563,1.830614,-1.1561101731984924,0,-0.20820723979407432,0.706287,0.2876706511812475,0,0.027046705479838794
0,74.9734881036266,0.07094538812387435,2.948425,-3.445381357351705,1.672446,1.2262119906650955,35.1668327934022,-0.14100711128490345,1.198643,-0.13574492781618844,0.173796,0.2950102284724908,1.0,0.28482936982919504,0,0.5001874755493871,0.0,-0.06264533401749675,0,-0.1804384923346452
1,81.9088107957928,-0.4797074088075472,2.076689,-2.902934543355514,1.687326,2.819519262876004,45.5597708337243,-0.883543855823055,3.0,-1.0563748818332517,0.0,-0.1498147470423625,1.026729,-0.9883462414744228,0,-0.04387317928355659,0.647798,-0.04330141238398666,0,-0.02390860800408744
2,51.7010927808913,3.224378733069806,1.123939,1.5466290202474007,1.734832,1.0637990188146773,20.2020989399815,-0.257470674963824,4.0,-0.5377082302996155,0.371941,-3.368014589128911,1.0,-0.16269895897973086,0,1.1514085857439378,1.303976,-0.07432532230384396,1,0.21944837041672394
5,122.314945222043,-2.1231118826675157,2.397284,0.7226481681748631,1.825718,-0.3649659056016534,23.6301218259491,0.2936630333897561,2.89292,0.5080868967429523,0.0026,-0.6774410693931593,1.983973,-0.4398921774906738,1,0.5778751056571909,1.859667,0.00901811194814428,0,-0.33664735614154623
2,56.7224398299943,2.685997190838003,3.0,1.109137109179761,1.75,0.6502859163025916,23.1732065944493,2.206414936835811,3.0,0.032309163957906686,0.0,-2.03712950052066,2.0,-1.1772537870275577,0,1.2217464290323692,2.0,0.8101979922303967,1,0.19778262354746146
0,58.462163291312,3.700384222109398,2.838037,-0.3445155850773957,1.518917,-1.0163941397343468,19.0877716155165,1.3646649770367063,2.737571,0.045737528602142793,1.286844,-0.4523260337341862,1.144467,0.6428472343758853,0,-0.7917908146043012,0.753782,0.0866385078258197,1,0.7442928061122908
2,46.3592870538224,3.523393661822128,3.0,-0.9812184718109354,1.550648,-0.21616157166702496,21.1068510639406,0.6474414138354081,2.857787,-0.428055254710375,0.0,-2.390419603711214,1.0,0.2972358995037631,0,1.35393341810651,0.754646,0.38715391357265605,1,0.7945709023218059
3,59.8136181424952,2.9826755628805413,2.0,2.5744205787903462,1.6907637216141902,2.713866740137072,23.0558275723449,0.6363552494157783,4.0,-1.362722077927982,0.0,-0.3237656720341381,2.0,-1.218266938961151,1,3.3745363200570697,0.0,-1.0285511892881314,1,-1.3226881745482826
4,78.0470627829172,-0.19313914261631876,1.9300221970069182,-3.3223145421805,1.544937,1.8675012096348007,41.6655768226547,-0.25336931850300676,3.0,0.27409228553259846,0.0,-0.09758143697642967,2.090413,-0.12980408317432243,0,0.26790244813417013,0.0,-0.3465129643930912,0,0.8116515072606406
2,52.9881616986029,1.390664330580861,2.0,2.6294675261866827,1.755978,-0.29306266017212734,19.137515187003,-0.750562096692332,3.891994,-2.3574679415882382,2.0,-0.9302893547377846,1.86393,-0.732299500644685,0,-0.8215000692364977,2.870127,1.287537249181274,0,1.1674492956208862
3,65.5321543180379,3.111944329334543,3.0,1.3531541908373086,1.61,2.2404390007740393,19.5604485649228,4.863909260891873,3.0,-0.3305293682966258,1.0,2.5461964320649235,2.0,3.3361646343318783,0,-3.3432540168402904,0.0,-3.264370105851522,0,2.1784810229533
2,42.2886913075822,4.000895829956634,3.0,0.3474716197000503,1.59611,0.6929246663357382,22.283372361693,1.447462520432994,2.581015,-0.13310503719577907,0.0,-0.6232042448687494,2.654702,-1.6799101424975975,0,0.3647495236738539,0.902095,0.9800850603154536,1,-0.026958211031646164
1,67.6095624832955,2.3953848320100137,2.258795,-0.2924486033178187,1.530248,-0.22012001370081086,19.3405391949926,-0.09492496561261793,3.53009,-1.7231318392835695,1.0,0.22149680489870155,1.172186,-1.010145454758345,0,-0.6489591261320183,0.678943,-0.4449203746131744,0,-1.0495694600790402
6,103.971848777995,-0.07642211162154484,3.0,-1.677543175732739,1.621231,-1.336741076065766,25.5438018918435,0.7849376506735596,3.0,-0.5391372911710876,0.711331,-0.06978538681319653,1.653049,0.43442661600760824,0,0.24580089237699468,0.139159,-0.28363610004926,0,0.08488111950345069
0,61.8576320831247,-0.05533611190269508,2.002796,-2.426197684443301,1.568441,1.5332972098707127,39.9475035256825,-0.3669631109541711,3.0,0.077077793216997,0.806069,0.32278099905093666,2.526775,0.009797129443486641,0,-0.2231609499417671,0.271174,-0.17026208536415416,0,1.1929959393794958
4,87.4072044142032,0.49551124291212323,2.457547,-0.18971864561969098,1.65,-1.133687320534515,21.1728084872688,-0.5478649655211639,1.00061,0.16042447805987178,1.0,2.341856045230359,3.0,-0.6442013633153856,0,-1.169726024670159,1.361533,0.6173452530314996,0,-0.30833585648935546
1,89.1636491473538,-1.1964396990748443,2.164062,0.13441942521850112,1.758687,-0.22065311924173417,24.3943913918518,-0.28540683374991893,2.983201,0.6440652364661904,0.0,-0.6915316003024703,2.168904,-0.048918337813811594,1,0.5090997458637079,0.752926,-0.2598289267463071,0,-0.11379196510221629
0,77.2395659918376,-0.30795979087853076,2.0,1.0895446233967478,1.75655,0.02502893211075273,21.8149656505288,0.15441543876975025,3.0,-0.3787402651710232,2.0,1.6189032756048407,2.813234,2.9286604525009623,0,-2.8195322614445635,0.228753,0.5843681015913464,0,2.817652215957747
0,79.1929796815497,0.247735621091945,2.6956579955161124,-1.006635303315492,1.742364,-0.9701823998167843,20.388665933029,0.06775861071568028,1.101404,0.4363421093736928,0.0,0.3922394470199706,1.579207,0.06100524674726159,0,0.3340102408524226,1.153775,0.049447546429898195,0,-0.6011638146609362
3,69.7944711214244,2.525611548344357,2.0,0.8598811815763391,1.69,0.4716129987275794,18.4223727016106,-0.4421987007700531,1.0,4.292234193085812,0.0,2.036726450159394,2.0,-1.767514002835752,0,-0.27214077075773463,2.0,0.9398045444282142,0,-2.2054314956072236
4,107.673492992442,-0.7316576385604977,2.0,1.28675780221779,1.791174,-1.025359995392753,17.1334622247173,-1.9855887527490896,1.08687,-0.12643559984854494,1.609773,1.5419448725723668,2.279124,0.15816939023540014,1,-1.0065384565488216,1.0,0.3761959342429013,0,-0.8568888191157032
0,79.7138835958745,0.10663086494870863,2.0,1.208682493471266,1.76,-1.324188914918597,18.2249083677787,-1.1280039952660517,1.893811,-0.41506570453613423,1.801322,1.7852484538761328,3.0,-0.2722006274170343,0,-1.4709987666940514,1.376229,0.44071873367603026,0,0.11615539845080748
1,76.8702192129257,-0.5230048087226786,2.784383,-0.5937705176884664,1.7046140158204621,2.05348391953369,26.6111347504968,1.2059350693257826,3.0,-0.4695677805911295,0.839659,1.1842703830728099,2.165605,1.7513001817297447,0,-2.1846892106708458,0.855973,0.7276190993290338,0,2.912755058579008
3,42.5959295153952,2.649929167450404,2.0,-2.110181556293636,1.5,0.9579397313684963,20.4836095855128,-0.9077268602287831,3.0,0.21491704771198394,0.0,-1.5333354148453326,1.0,0.39495829524472464,0,0.6858259377490095,0.0,-1.0873582748578576,1,0.7179686302775636
6,105.077433266325,-0.36609124740581217,3.0,-1.6314207560901437,1.60937,-1.3768799042851616,26.9024836880306,1.1776419578109043,3.0,0.0964576290479864,0.54859,0.4014396713359296,2.609052,0.17433440728068864,0,0.111880967714516,0.0,-0.12758186538091687,0,0.40657342886191733
4,90.3859048427195,-1.218521175901143,2.467002,-0.8960609395040644,1.671705,1.5901324492599829,30.5407639088496,-0.18522181414014696,1.851088,0.7850429534256576,0.0,0.21720091720640158,2.104054,-0.7899022951899554,1,0.2976671008213431,1.991565,0.25172440450102535,0,0.10788654347897862
3,65.5585841661396,1.564126558958141,2.0,-1.0378805069622827,1.68,-0.1143488162110287,23.2840655485103,-0.42272267418151754,3.0,-0.8000975979993888,0.0,-2.1400616248516755,1.0,0.6346344981275788,0,1.0862504317029351,0.0,0.39234494349739724,0,0.48148743014741874
6,128.717729318123,-0.6209446705665701,2.960502035657033,-0.4989297927412303,1.682594,-1.7620771160936572,18.0582666975632,1.0257093328366422,3.0,-0.6367672709794919,0.662277,-0.23921766660249402,1.441289,0.026693131218550426,0,0.2471172448790355,1.425712,-0.14122061080174828,0,-0.11017235914155896
6,148.277598009367,-1.8050567524879166,3.0,0.5527307407207739,1.802257,-1.969561814358665,18.2243107427734,1.483046230347463,3.0,-0.353936364798676,0.939665,0.1112685768963197,2.181811,-0.2226995169969405,0,0.031360115688871905,1.995582,0.18984198202187175,0,0.1172291379881465
3,46.9923440327788,1.9817985180398687,3.0,-1.8490255532833624,1.62,0.554702741164356,19.0736400916564,0.25105545509740784,3.0,-0.04895791437879326,0.0,-1.5716918852018176,1.0,0.1822943398035792,0,0.8947166276720125,0.0,-0.8391922579440667,1,0.6470608710766566
1,94.1562660568412,-0.5526489223085694,1.0,2.458728739280216,1.87,1.3412362791588315,23.1164310033258,-1.512862720386821,3.0,-0.72702395175362,2.0,-0.47602593054862125,2.0,3.63312491002651,1,-1.921153588040804,0.0,1.3601799212461771,0,2.786489011293077
4,97.7271058884086,-2.205044064751436,2.540949,0.408787738375295,1.780725,3.465628278718332,38.0187288790971,0.651149573356869,1.116401,1.0033313873207625,0.732881,2.4067223716338653,2.929123,1.0683744563615654,1,-2.3286690913666597,2.787319,1.6209212178924368,0,2.3022100773760954
6,132.643844448887,-1.6142169862302262,3.0,-0.4846066783955656,1.742901,-1.495341340013584,25.4925017964013,1.6197558190107912,3.0,0.22433495303312234,0.586163,0.4176858668693279,2.856795,-0.2339282652858222,0,0.08268290664186828,1.046463,0.16690521221413712,0,0.3763174160879077
6,111.166198116359,-0.5151360027373441,3.0,-1.6851775090154264,1.621245,-1.3843396504505756,25.5864999835532,1.3328137205587018,3.0,0.27568288569730975,0.199227,0.26959516856657945,2.605685,0.025167711429745988,0,0.27932825866500227,0.0,-0.15450259360535565,0,0.3024963635680586
4,90.2300202711458,-0.8053140978401014,2.274164,-1.6468737964156102,1.665798,1.763287711195015,31.6608030796082,-0.9864258561745347,1.049534,0.6802718971343397,0.0,0.23788687962761326,1.358172,-0.2422742750784238,1,0.4390811495692685,1.482411,0.11402210143680626,0,-0.4262655117815724
4,117.490415590399,-2.604012220793023,2.0,1.7438005425532057,1.930416,-1.042060776937593,20.5502437011157,-0.3155326139337674,3.0,0.6800384640432079,1.0,-0.2290583058389693,3.0,0.3509188920112326,1,0.019708430443225376,0.732186,-0.03224571884491678,0,0.21150123934413972
4,116.58894195958,-2.233491907103001,2.0,1.9800406822583247,1.861358,-1.331798233972872,21.04415251241,-0.597933297354699,3.0,0.20776695556834732,1.914531,0.21134705492097577,3.0,0.6703994844496665,1,-0.4526943944131319,0.987591,0.04699950044496106,0,0.43047157876691483
3,66.8581134803578,0.9418034375169176,3.0,0.8933698807897495,1.67,0.7986543552424958,21.4878889406574,0.3138596584637243,1.0,-0.3635884315962698,1.0,2.453795655622428,2.0,1.396514908444508,1,-0.9047373063549966,1.0,-3.9007106943877665,0,-0.5324322801950059
4,108.572125811788,-2.0812620901062147,3.0,-0.2204367880744268,1.7905023060696716,0.9812268271042999,24.8311231328751,0.7081515650563162,3.0,0.09969155490799646,0.0,-0.7210554302108922,1.776991,-0.8444844312161313,1,0.6250090363858395,1.757724,0.08200295676892888,0,0.19937651417401966
6,132.93371220453,-1.4408063650500968,3.0,0.21684466383575712,1.746652,-1.9760240885637377,18.2036103510631,1.6405546846340773,3.0,0.19485430999057402,0.627886,0.3982987570686103,2.869234,-0.3498520070788201,0,-0.008754168467796879,1.465931,0.17244221075253222,0,0.3742843591792617
0,75.6310986397893,0.01133893113509593,3.0,-3.384231775045935,1.679725,1.2920983789519378,34.9455430145689,0.004230291345662314,1.13715,-0.04612821251338386,0.0,0.28126666542494627,1.000695,0.09474785257869657,0,0.5599935675109211,0.261274,-0.005099994059461512,0,-0.2320029780125063
5,120.292408924157,-2.1257532229100904,2.598207,0.6846946121241845,1.840039,-0.5654051591742508,23.7065678000796,0.34769590801970374,2.849347,0.33801427018806707,0.295685,-0.5564983509939369,2.006167,-0.21017022712032393,1,0.5037566116929958,1.52001,0.025317740100205845,0,-0.29225556837174216
1,64.2617718850694,2.030932995227085,2.2975038357122015,0.576726691403866,1.5,-0.8040407411057504,21.0857080212839,0.5387117271985143,3.0,-0.9090401579648425,2.0,0.7797434225891197,2.0598837980862723,-0.41676467585673144,0,-0.8198464923119166,2.0,-0.14177381641376022,0,-0.20570043149570083
5,100.249248652825,0.3102058994403831,3.0,-0.5318684704698352,1.606066,-0.593122406421022,24.1644423090579,-1.149564407266254,1.418833,-1.1363990609759116,1.384186,1.167378480358801,1.0,-0.075429537137722,1,-0.5992450530931636,1.19102,0.3074960513927225,0,-1.1546818356461799
1,82.1390283195842,-0.9164725012794395,2.742796,-0.07702057607018614,1.729177,-0.3187228896653938,24.5509198458681,0.26877133619216803,2.937607,0.3779284895568947,0.023564,-0.5994285022761543,1.99467,-0.24277254357628789,1,0.5507157595520557,1.0,-0.132930936941763,0,-0.14501922849698834
2,48.9082444044546,1.6607255992868073,2.977018,0.8988031525253423,1.667852,-0.27114136057975013,23.0004920547919,0.5508489146198252,3.193671,-1.5198455877331871,1.0,-0.24127012443087828,2.482933,-1.172215485513938,0,-0.4221070103479671,2.0,1.5054955168077233,0,1.0063152768920218
0,89.9135046371128,-1.1418802638821737,2.0,0.44795285387668254,1.863685,-0.592937770937602,20.4394110312032,-1.2841171099024302,3.0,-0.3717180488407799,0.798219,-1.3245178351906441,1.005727,0.9931063029050902,1,0.5307552790714517,0.0,-0.6002875672524945,0,-0.45607107358766164
3,48.6695282630061,3.0605848927057533,3.0,0.3831897302662096,1.54,1.7604399466893228,21.4291707812033,2.318693611346696,3.0,-1.4937257915244742,0.0,1.1338734017734848,1.0,-0.3376655226762001,0,-0.45921120301889146,2.0,-4.430920690702313,0,-0.9994030229992116
5,103.394362671022,0.3278264519149936,2.8553185010351565,-0.7381751397701031,1.607939,-0.9728560353808974,21.6241696586358,-1.3999401335695856,1.311797,-0.8868584988480831,1.4312,1.3161253653078493,1.3109072303989826,0.3516427021192988,1,-0.628589458901961,0.182249,0.1521216828457038,0,-1.1165498294560012
2,43.3062976591651,4.140532367930379,3.0,-1.920188145944145,1.52,-0.4034697904292681,20.6766118026299,-0.051289844494885974,1.0,0.18501598529997387,0.0,-1.3427595521291613,1.0,0.8748793694075135,0,1.271383053491599,0.0,0.5250879694873811,1,0.21309228086713938
0,74.4574808694452,-0.4522352140268825,2.0,0.7157710485386556,1.717432,-0.9840806801869624,22.5508454664795,-1.4165716359399492,3.0,-0.41316455854047773,1.967259,-0.17772787785849095,2.0,1.2091817786293333,1,-0.3421010343368848,0.121585,-0.36563596240894763,0,0.2686242017299202
1,76.2506487648593,-0.32904965244187023,2.734314,0.3364388369613987,1.7,0.44564357124519144,25.1705649766911,1.5331394744805902,3.0,0.06851435390838972,0.908271,1.6416108558211182,3.0,1.8873027348835254,0,-2.3799735506648436,0.897702,0.8379640133838266,0,2.720804135445874
5,116.248858108936,-1.8380959485372943,2.0,-1.8861254377968073,1.75,2.7403956954437896,41.4569123157364,-1.3691167846457857,2.701521,-0.5300553810450934,0.0,-0.24282271174214093,1.142644,-0.797865298738108,1,0.16707863018021615,0.514225,-0.0045179814106929665,0,-0.5295267657327846
0,64.8558489823234,2.312951857373213,2.543563,-0.42572366728181077,1.603842,-1.392888532171377,17.1705596801586,0.920205811008669,1.0,0.6805530324533462,1.056911,1.4050502549472126,2.0222940129013165,0.48027076390483653,0,-1.3345689900960853,0.694281,0.7419412606432252,0,0.19417164864825248
6,100.707463025825,0.09993073329209595,3.0,-1.6476095719384019,1.644078,-1.350270524322791,24.937314334724,0.4267305479644668,3.0,-1.0442122167590404,1.0,-0.3565454937445657,1.029241,0.7510237613438512,0,0.2744765259998554,0.075776,-0.3944647121378195,0,-0.08748523460993357
1,82.0573522218162,-0.514658154452521,2.09449,0.8701483916019079,1.7116835901349803,-0.4788797908002692,21.6461888854467,-0.9273983057120644,1.873484,0.41772357337613747,0.880414,0.2095875486628513,1.9592741862150334,0.05986687900603845,1,-0.09141080836114568,2.079709,0.09861542811738441,0,-0.28488921503797443
4,90.1829650597592,-1.0053328255419556,1.3307,-1.208970091126265,1.641784,1.679405660519326,29.1801873026902,-1.47973276283543,3.0,0.6252545991756489,0.0,-0.7812599741923619,1.880967,0.05238484809079365,1,0.408878491619354,0.322013,-0.5350742502707073,0,0.3452034901590501
1,77.8516341088664,0.369915325800479,1.096455,0.8968880108619262,1.699818,0.09704146148872587,20.1426537932799,-1.151801093442469,2.491315,0.825428920033677,0.726118,-0.043453988697926806,2.450069,0.1356530428296592,1,-0.021273104171953452,0.0,-0.5951509902935368,0,-0.9313059955262679
0,72.3332379585043,0.03688656730981771,2.0,-2.611397868914323,1.652084,1.389277072530994,31.4326445205668,-0.6594202310379317,3.0,-0.38979776787868825,0.018877,-0.9309182406764758,1.0,0.18553691464341102,0,0.53261544653296,0.0,-0.6044947882459138,0,0.3614459077001902
3,64.1004732386621,1.936357012764183,2.0,-0.04493164585325741,1.62,-0.2828571461373276,19.5979195637055,-0.36729346591454826,3.0,-0.9905314070349402,1.0,0.7009268868693578,2.0,-0.7884555774079691,0,-0.7845216565953589,0.0,-0.3448926897237187,0,-0.9434309519170039
4,80.6501874701457,0.9689320007956294,2.260543,-1.7441734930871136,1.62093,-0.5419883400043944,23.7092415623288,-0.9768723643884021,1.374791,-0.019772764455978076,0.078607,1.2320010704586746,1.947935,-0.3057327330236072,0,-0.4218509348170895,0.0,0.027832512989952877,0,-0.7597035353549328
6,110.858384803604,-0.6037508880686006,3.0,-1.6001452300139938,1.641209,-1.3765703729351664,25.2989717600245,1.3524505836923522,3.0,0.30845498352912415,0.153669,0.22401057850094902,2.621877,0.003020613441901748,0,0.30773719041487463,0.0,-0.14949035341486347,0,0.2928192478660413
2,58.8965129788806,-0.8503130252845764,2.336044,1.4071182102169104,1.798645,1.3575568855818374,16.7264527763665,-0.6336638876400961,4.0,-0.7155061704054014,0.133005,-0.7758091089541409,2.0,-1.7675595881207835,1,-0.28913028035552857,2.0,0.01872428478031159,0,0.39198010419204304
0,64.2657278007475,1.673395230998466,1.0,-1.0043964328246804,1.61,-0.5152244420513371,16.3404275780241,-2.6145741652543184,1.0,0.49282009107886604,0.0,1.14108217292987,2.0,0.01730828956511439,0,-0.6526839795452719,0.0,-0.26807453831370903,0,-0.8199414190898644
1,78.3972406685131,-0.5936805877654574,3.0,-0.3974843069787007,1.7,2.066110849163843,27.5911960693705,1.4915889004579752,3.0,-0.6296886420751703,1.0,1.312769997328981,2.147074,1.5481178389552848,0,-2.271078023209948,1.416076,0.8890250134896978,0,2.952718906676708
5,118.950930487473,-2.2091655587818075,2.139196,-0.9832928609163532,1.753497336325334,1.2473544084849335,31.1069885447989,-0.40396458230886556,3.0,0.3476722169763677,0.360986,-0.5387352839275352,2.04843,0.013510246004537835,1,0.4496715768636454,0.368026,-0.21607147959819106,0,0.32681791901348656
5,119.796297634337,-2.5342626742898946,2.911312,-0.10682191270985827,1.805445,0.5652474318408123,26.9268372898392,0.5633852805484837,3.0,0.16984873989444063,0.785701,-0.12040198087714848,2.501808,-0.28722852515829683,1,0.219926966043106,0.94676,0.14053165029342174,0,0.5560203171269466
1,78.0860319606152,0.17963519359866148,2.0,-0.003181850497820552,1.67,2.943060999222562,20.6930775580226,0.4541878948783825,1.0,1.559525390876917,0.0,2.220030533871865,3.0,1.306552978696774,1,-2.0117795146789734,0.0,0.6819536597981567,0,1.1716115536632932
3,63.180643692999,0.08496716467049098,3.0,-1.9952103336836553,1.68,0.7269434531014042,31.6048978044028,-0.00488138774237447,1.0,0.03631948923414635,1.0,1.185382106202768,2.0,0.047538537290151076,0,-0.2224345498703677,1.0,0.3556417080676017,0,0.3559569149562535
2,51.1470609602254,0.06549735903171047,2.33998,0.8894624272720418,1.721854,-1.2004612662176553,18.5355009139161,-1.2054402024431885,3.0,-0.483527309338833,1.884138,-0.2510041298418548,2.0,1.1155689755389318,1,-0.3154781284183059,0.027433,-0.3725327887953595,0,0.3254721106817364
4,83.6305775220715,0.64036554729046,2.049112,0.20024078408806628,1.605495,-0.6534510680079629,21.7017357363045,-0.6674148321620021,2.622055,-0.6328483601812763,0.896185,1.0604703767888357,2.280555,-0.9563802859122323,0,-1.0026991330092312,2.052896,0.24224888979603965,0,-0.03298457742345353
2,55.9512805460443,1.252910577760424,2.478891,0.994273276127657,1.751691,0.15827885365557037,22.0572598801809,0.15331783319735592,3.371832,-1.3676253402907406,0.327376,-1.0393014912129541,2.004126,-1.2582571916486902,0,0.000616784784205195,2.0,1.2686189943980675,0,0.6936578143270528
6,111.994897027556,-0.2640155636896225,3.0,-1.6899809202986562,1.6484399964959207,-1.3865161255061031,23.5226853420506,0.8834601014584301,3.0,-0.4572659758207928,0.384129,-0.3034137471529991,1.49583,0.35356700513821365,0,0.45243657790349323,0.109327,-0.34339338753594834,0,-0.08827618753903266
1,80.0200445016634,1.0201841922727983,2.0,3.779335118880341,1.65,1.5814090255125561,22.1628615131002,0.03327859555212156,3.0,-2.246865339156398,2.0,2.9588971969249456,2.0,-1.6523342196948358,1,1.2707243527590262,3.0,-1.0460593540611736,0,-2.089582903157647
4,86.1883140308036,-0.8664741074363895,3.0,-3.6082577107834934,1.69,3.7425447826106018,50.2126923040279,1.380217011231838,1.0,-0.41577575722362065,0.0,0.8986016484387721,2.1465024775104395,2.5196874353147534,0,-1.0243290086432575,0.0,2.883288778042126,0,-4.4335357280002485
0,78.050166291194,-0.07901869710955035,3.0,-0.05416075471714874,1.758628,-0.7933692073425124,21.2349408696813,0.819818290627196,1.0,0.5909073954818775,0.0,0.7843167100469267,2.0,-0.8457949734524469,0,0.11613512645014865,2.971832,0.5479541342209759,0,-0.41992053103132104
0,76.4291032676936,1.0212837445556282,2.0,0.3732139404444418,1.718939,-1.1009301142522534,22.6078740628036,-0.6694407125210778,3.0,-1.2304009990543134,2.0,-1.0044611954341554,2.0,1.3682165249855522,0,0.025632932487303896,0.0,0.7222974724733169,0,1.1898324634580606
4,75.6508613998266,0.06402430495848038,2.0,-3.261631057045637,1.562889,1.7244281748223327,38.11592987226,-0.44346024779220417,3.0,-0.12235874270624754,0.0,-0.48856444996652937,1.440526,0.028568069859751372,0,0.41587320917095144,0.0,-0.4861111890925777,0,0.5615271498179251
6,105.059199795778,-0.41889308337008996,3.009335741759423,-1.5336645522929124,1.62788,-1.4164561918919294,25.776862884132157,1.204604073542831,3.0,0.12369729429101482,0.465607,0.3229929307556838,2.588107,0.14566958001196995,0,0.1617936170020452,0.0,-0.13904726567440603,0,0.37201144935039343
6,119.341771450381,-0.520211306212676,3.0,-1.1241615246224967,1.675562,-1.4883768848896828,22.3729032043079,0.9530256686472542,3.0,-0.5825509965162962,0.604692,-0.24271370524192679,1.484938,0.2222379640211742,0,0.3278631467994881,0.74225,-0.21469393871992623,0,-0.0716535950677959
5,113.775310629284,-2.0250881812929475,2.323003,-0.5925166026003043,1.758038,0.6619590625954533,28.7345744076336,-0.5705675176955646,3.0,-0.09074946125563485,1.251554,-0.21409498490445789,2.155558,0.5238236699500834,1,0.07284622090185779,0.0,-0.19375161468148322,0,0.5417962194895486
0,85.3885004884986,-1.1672139106831636,2.0,1.2131386645528817,1.855353,-0.5571407126665466,20.0323301659843,-1.0900329021912707,3.0,-0.3063287409342587,1.0,-1.0278635438941008,1.345298,0.5533579781049409,1,0.24819204414658672,1.097905,-0.33862877406449443,0,-0.23595035591578448
6,105.870015161768,-0.13580656646736536,3.0,-1.9777756133144366,1.632896,-1.0426232573551728,28.2438038152496,0.6996237845410977,3.0,-0.7253494438273972,0.619235,-0.309855093260996,1.239833,0.4716021090477636,0,0.40326267436439994,0.162279,-0.32922580737006685,0,-0.08792269991077661
3,47.4184559915791,1.4924106850219618,2.0,-0.8590052242248086,1.59,-1.0776781531061712,25.6564504906817,-1.5705922532113115,1.0,-0.13023204881127368,2.0,1.407675622807902,2.0,1.221904317247349,0,-0.8245875020228808,0.6234503325028119,-0.0015228256510094798,0,0.10843093937162802
5,111.65653130648,-1.9815353918962406,1.108663,-0.1292729201997919,1.758398,1.6377205026550445,27.1102223452851,-1.391345097907867,3.0,0.7543638382238975,0.001716,-0.8807307509428199,2.0,-0.23879806092446254,1,0.3835645369225941,1.230219,-0.3568384313456517,0,0.285501056350667
3,67.0942751904605,0.8004978083292686,2.1372865958011116,1.1311917825200153,1.69,-0.5370810716038348,19.0360746746102,-0.8444932994936964,3.0,0.6366136765422632,1.0,-1.1448562610687743,1.9811118823115696,0.5868145479671896,1,0.3339960084714621,1.0,-0.5818911761052686,1,0.3490237479967826
1,95.8913753625453,-1.2008103273508466,1.317729,1.7510444961517462,1.7976596067926698,-0.5486177408512439,23.4002950350913,-1.957027852874715,2.278652,0.006010009793150824,1.93977,0.09925745900774059,2.0,0.8137927854440039,1,-0.5138262723936698,1.80674,-0.04163940234586376,0,-0.015294535138796856
6,112.047962075986,-0.4120464846910426,3.0,-1.7702475443043728,1.66494,-1.270548352818101,24.49343578494,0.9799156298381093,3.0,-0.298479128895266,0.200122,-0.33418315165190526,1.604075,0.26911353746307354,0,0.5321166825362863,0.029728,-0.331800788736617,0,-0.08973946794403488
5,103.388024235071,-0.3903735561216521,2.654792,-1.2127871492632742,1.703317,0.08566161738258075,29.1578175285641,-1.2530330534467693,1.077331,-0.1985857879780473,0.386861,0.976061424682072,1.345407,-0.15814756783542758,1,-0.12803549190763158,0.327418,0.23058399296654844,0,-1.3847608513285878
3,60.6556855495446,2.0940122506704872,3.0,1.0470035639678834,1.67,-0.20818022565795608,21.2713516747466,1.132005557500246,3.0,4.724413649194622,0.0,-0.3625364776997504,2.0,-0.9715709286338083,0,0.8441274682766923,3.0,0.5629631167163123,1,0.08033207044352299
4,79.8802689797813,1.3173645468647392,1.983413955713275,-1.6510668026893416,1.571812,-0.540672743855649,21.77714041095,-1.3100714133544675,1.0,0.23343138398810714,0.0,1.4859128189024187,2.0,-0.3951428988362802,0,-0.5400833517307935,0.402614,0.06436376867272445,0,-0.8451388832677185
5,107.134994655989,-1.7696863601306125,2.487781,-1.0990546859639894,1.7248454125685595,2.7550936598967075,39.7756672965765,-0.4196125902289138,3.755976,-1.123774026647426,0.0,-0.7478842634141952,1.0,-1.5934805124966667,1,0.1627973362346212,1.860765,0.11218481127506365,0,-0.17515212293732846
5,121.961415072004,-2.0293242629623207,2.636719,0.5929689601885187,1.81955,-0.6304940455650075,23.3546497853965,0.3662275541046393,2.806341,0.30918495758181713,0.315595,-0.49999017877911733,1.967591,-0.194802993888967,1,0.492217240178938,1.525384,0.024443092169142446,0,-0.31705620412942104
1,83.7279243756775,-0.1466283755369933,2.7120261202918314,-3.1585318505499003,1.68,1.7236958048289777,37.969270592638,-0.543340423454291,1.0,-0.015591425496391552,0.0,1.5191469536601045,2.0,-0.7762414365414884,0,-0.29870707230410304,0.0,0.3927750347105219,0,-0.3432781675192739
6,112.114833455894,-0.4674639737503167,3.0,-1.8381770274933542,1.662978,-1.1918919533183188,25.8786461236822,1.0077312510229144,3.0,-0.2612952713057442,0.21523,-0.27652914087573005,1.679489,0.2555542386235374,0,0.5147960955042812,0.017804,-0.3050373429524068,0,-0.05390233640381505
6,133.827704857013,-1.6820506168375626,3.0,-0.19669264616187282,1.755467,-1.560223608725164,24.9687069149437,1.598406634732003,3.0,0.11742755456760197,0.773807,0.4621216082512886,2.843782,-0.23999104629632909,0,-0.011425710353636502,1.302507,0.22220146013703782,0,0.4059122925039989
6,135.025901924204,-1.4657103936322704,3.0,0.2547851483790243,1.747962,-2.045880353875949,18.1826867057062,1.5889958880547266,3.0,0.10676972554723259,0.775378,0.4341242757797797,2.84174,-0.2547455535540647,0,-0.05904560637512314,1.429256,0.1716979424205156,0,0.38328924360532746
1,78.7397236873682,0.3923631197011423,2.0,0.3512801496401881,1.700038,-0.8511296273476165,22.0603540493599,-1.1278572800307445,3.0,-1.2061451478571679,1.540298,0.6732586959267542,2.0,-0.18132721275323738,0,-1.0444795810872094,0.973114,0.00517346907362965,0,0.06407708073100137
0,61.586842534841,0.3725207455302767,2.288604,-2.2261850244850767,1.532322,0.7238733060541757,32.19941995828244,-0.2043163302947973,2.845307,0.016056763567732755,0.990741,0.5723818219026523,2.638164,0.17083673048081802,0,-0.3433541847709365,0.0,-0.19667193878699318,0,1.1984493693442833
6,103.858426759232,-0.22618683240223386,3.0,-1.7892669432567954,1.638075,-1.2039054285545134,27.0966917467747,0.843199239816201,3.0,-0.43008776321642805,0.597626,-0.08998122851650091,1.7344706981740847,0.40321570714634475,0,0.3071839465639594,0.019404,-0.273821451316677,0,0.08880821351530312
2,58.6217563482402,-1.2293615485494518,2.14084,2.246810021211031,1.824655,1.0509370832910725,18.5463902607159,-0.8593279489267692,4.0,-0.6481529604509805,1.164457,-0.018883217973320494,2.931438,-1.4618147280788414,1,-0.9513762233844941,2.0,0.2469186135927248,0,0.9420200059318735
0,68.9438612786635,0.31015217414795654,1.906194,0.6986830567076212,1.611239,-1.0632724955016568,21.604931686603,-0.08401828871527482,3.987707,-0.5267638217651752,1.376124,-0.21563198117079602,2.4222458038833254,-0.07555412218630107,0,-0.5453986584619089,1.922234,-0.23561790600047117,0,1.0048728804503837
4,79.7519196982284,0.3342722562713394,2.0,-3.748567744473849,1.507867,1.8446956674929993,39.6658521750489,-0.5707960037214678,3.0,-0.37288272232178,0.0,-0.595912513281401,1.0,0.12651224692910826,0,0.4927963027876641,0.0,-0.5723701978340138,0,0.406106371806767
4,87.7973632154885,0.5091881267356668,2.482575,0.03907276760589653,1.6460037529997729,-1.1573120706968563,20.2260698341612,-0.45988780711978006,1.001542,0.14441897094246656,1.0,2.36603102508866,3.0,-0.8047279237902656,0,-1.2088586613684826,1.751656,0.6808661405286011,0,-0.2995052829921962
6,106.008460263719,-0.2077758069367306,3.0,-1.441028884781374,1.6650344490174385,-1.4212458914440371,23.9044114791588,0.7026546349522748,3.0,-0.6889612821057324,0.764717,-0.24895292407368572,1.436616,0.5176978210830089,0,0.29609395138618677,0.167086,-0.31431357332519055,0,-0.012819293732074489
4,91.6549248465573,-1.1345764283835953,2.0,-0.07480698099471556,1.7716170958060824,-0.4082778182673946,22.3361010982382,-0.6382071558622767,3.0,0.6024304434188948,0.0,-0.8863519872134182,2.0,0.35218753853498863,1,0.6012181293114738,0.0,-0.4778041496496124,0,-0.2153798074821369
3,50.1246616467117,3.3807428009963996,2.0,-0.856017575289615,1.56,-0.7519278308791859,21.2143033736218,-2.5877081079774396,1.0,-0.7385569492406557,2.0,0.8381439326630563,1.0,1.1438012622767093,0,-0.8558894720915583,0.0,-0.3859180256157256,1,-0.48171830866489684
1,89.4870714532888,-0.9924214380480846,1.57223,0.02100323644964316,1.795311,-0.33527132656194036,23.9783553710256,-1.6425821397967455,1.888067,0.7995612387669844,0.552498,-0.19266461202550872,2.0,0.8747196759056332,1,0.25405112164592536,0.0,-0.3344738772093619,0,-0.44270986287603264
1,80.6527833546401,0.044208625233179276,2.0,0.9855024792745868,1.65,-0.6159114262272366,22.261109296811,-1.8551002733857123,3.0,-1.1231332113293662,2.0,0.6645018127827838,2.0,0.1187266402944412,1,-1.098263285368472,0.826609,-0.006035355776788347,0,-0.11587300053873749
0,74.745388309973,0.06604403757239588,2.104105,-0.4766625808992032,1.709585,-0.7329568006597798,21.0330691989011,0.016676013502065296,3.0,0.14833804234874584,0.0,-0.5796999217456195,1.871033,-0.09945765368821512,0,0.30507479259538905,1.0,-0.3554196078156022,0,0.1295805178737501
6,103.821631483765,0.2103359005424047,3.0,-1.8534999816630853,1.56,-0.022066358082665286,26.9074864815701,1.8921194072075984,3.0,-1.4793592225685666,1.0,-1.028047652917297,1.0,4.232324044072712,0,-0.5542735976584087,0.0,1.8441574917181618,0,-4.249733696107752
3,67.6481787476322,0.687061045704863,3.0,2.2403434725053413,1.7399483420864874,3.104688398218145,24.5403355962222,2.7353243168260146,3.0,0.6952046035141155,0.0,0.7571586191984951,2.0,3.2086459617212193,1,-1.491057344144132,2.0,-3.812751187283452,1,2.531933245437206
4,82.2057882103622,0.48947414965775426,2.060922,-0.9552495642082082,1.634688,-0.43173168044421173,23.2876314143385,-0.5378627907522588,2.933409,-0.2733883119941789,0.0026,0.4428581743943023,2.235282,-0.7440984379462035,0,-0.40043000746505,0.380633,-0.13919300382549768,0,-0.1816804282035834
0,68.198986697839,1.6068285550447907,3.0,-1.444660387374611,1.62,1.9555702766901872,31.9555981024543,1.8433558586105505,3.0,0.47262433824667577,0.0,-0.6816088004592857,2.0,-1.2363701306761468,0,0.7074775262354723,1.0,-0.39701174083634233,1,0.06078426438373315
1,65.7013546582541,2.0281789642660293,2.0,-1.0258341371304833,1.618731992746792,0.47991232192411154,25.6570050007447,-0.5672253367475085,1.193729,-0.11047653447926102,0.235711,1.4587125623135782,1.846441,-1.1002920644805878,0,-0.5513746074677427,0.546402,0.023034785627711805,0,-1.6829169999369296
3,69.8165529636615,-0.3814476871701957,2.0,-0.6564217026632507,1.7,0.8658912872564225,22.0993826935846,-1.6141803142212008,3.0,-0.5825160876402415,1.0,-1.0195986271715438,1.0,0.7295234734748212,1,0.25158737466104664,0.0,-0.6203739610791015,0,0.2405688825763422
4,77.1754386381892,-0.16416036026213895,2.0,-2.9629217702272315,1.602364020871806,2.321790741471155,42.4479848049845,-0.736865201487873,3.0,-0.40699411531024204,0.0,0.48949378664121,2.117346,-0.9712836617527432,0,-0.3270774497085619,0.0,-0.03863849691970375,0,0.3975339009008926
6,134.367561686463,-1.567842867957204,3.0,0.20571502276500503,1.759091,-1.902299822469341,19.8291525105258,1.6173338870499179,3.0,0.13636333278481508,0.742423,0.4257255928418398,2.862408,-0.2948198864710085,0,-0.0372650303337921,1.456933,0.19962155111173774,0,0.38990215398687367
0,74.3613337460232,-0.7137847451874237,3.0,1.0491957881322342,1.701584,-1.3025283297366634,22.2940748231244,0.16080032338753156,3.205009,-0.3660228295541413,1.898139,0.26493855125431504,2.643468,0.3901724726332871,1,-0.4151329015843365,0.998039,0.07833363167391799,0,0.5825600463897198
4,114.193516066364,-1.991161612730708,2.0,1.4008877407811104,1.879144,-1.074817910542718,20.4436986090056,-0.8323913179442091,2.152733,0.5330547956747931,1.285838,0.18918942283274207,2.53369,0.6401176595750075,1,-0.11463391073763485,0.917563,0.039276188203235356,0,-0.13208841888686934
4,104.0559790703,-1.8945831025203468,2.834535609079642,1.2093152161445697,1.824432,-0.6625453586794413,27.7450184607587,0.2199620453815039,3.0,-0.38575822814287597,1.58483,-0.08668871753436504,2.110611,0.1034468661489205,1,-0.1023970113980307,1.890907,0.24184158244205,0,0.14505271014310947
6,137.665712220163,-1.7621092927361641,3.0,0.6947346715733056,1.792378,-1.9480848069757153,18.0415606157814,1.7129601291633765,3.0,0.1174860131584076,0.735868,0.3730748942654455,2.838893,-0.49220653508688345,0,-0.056626859572353985,1.990317,0.28696377298349923,0,0.36558588058598285
2,60.9094261778132,-1.093724468649791,2.767731,1.4531099544441761,1.836669,1.2006020221738882,18.6383036786784,-0.3184651436855469,3.821168,-0.9841112200647403,0.556245,-0.508421920015693,2.0,-1.645631925975562,1,-0.39362098190958195,2.0,0.20104899400738974,0,0.4029241409999806
3,46.7817419481929,2.571420355432783,2.0,-0.14717083698947767,1.58,-0.16590984648488438,18.4655033398596,-0.8247778131760125,3.0,0.1761504262494139,0.0,-0.43982926057527966,2.0,-0.7453162779618335,0,-0.1725986294756941,1.0,-0.47972302926701005,1,0.14276304599654813
5,103.617823766815,-0.017521139813897565,2.869833,-0.6207063312595903,1.64187,-0.8275318749158418,23.5734141664888,-1.1923238151260849,1.569176,-0.8104799736454071,1.368262,1.2228320803726427,1.533682,0.22610643303143585,1,-0.5980706998778977,0.167943,0.1845395594051615,0,-0.9725625455603923
0,69.5836173500827,1.8503802966034435,2.0,0.6123405061106009,1.62,0.017240402299360982,21.7741327791531,-1.0549028292519858,1.0,6.5534567518880396,0.0,0.8497371815575502,2.9576896517821463,0.1783384116237303,1,0.7031310994068641,1.0,0.4842201233307304,1,-0.538407430681495
4,95.205936764505,-0.531916172233421,2.0,-0.15652739629706997,1.699998,-0.1238881427240137,22.8098455167115,-1.2595332519444762,2.970675,-0.15414368727448238,0.169294,-0.010966832196686203,2.0,-0.3890122010856685,1,-0.1566493936437266,0.0,-0.22643531434619896,0,-0.5891832810955034
6,106.802067269445,-0.25310028202796303,3.0,-1.8528402876678534,1.628855,-1.184144669998991,27.0154136234025,0.9264370734962691,3.0,-0.34963742458128383,0.465444,-0.09466965037293176,1.757105,0.31117850858984564,0,0.3526166957758316,0.085119,-0.26846488251818534,0,0.0639287652617196
1,79.0315312773753,-0.18061299798134503,2.0,-1.681859150533092,1.663178,1.4007143418352355,36.5509229712637,-1.3113304816818872,3.0,-1.2558626924945688,1.528714,0.7833747126203707,1.992548,-0.18769715251767502,0,-0.954564930198917,0.039207,0.004156592355464773,0,0.6074320008601269
3,64.0191357995882,1.340625954733234,1.0,0.7190190201238692,1.63,1.7758772056849224,19.2668041494298,-1.432511256072912,3.0,-1.357792212705739,2.0,1.5489675194248906,2.0,2.138635833047824,0,-1.622212727685115,0.0,-4.766527398713504,0,1.0820381906520198
0,68.2463297507356,1.4801189799428058,2.851664,-0.2980454965742976,1.617124,-1.6052533310732,17.126748697196,-0.9483781058330187,1.0,-0.9207457058357171,1.765321,2.102801548009587,2.0,0.016271722774539768,0,-1.2725094661903984,0.977929,0.42179325555278613,0,-0.4668802556730061
6,109.695240970236,-0.296128400064851,3.0,-1.9024377812768183,1.6242083333556445,-1.2292136674031116,26.9350596589219,0.9622532812222759,3.0,-0.30200893728127015,0.447224,-0.05705514995452519,1.81786,0.32172643594592526,0,0.3552596817811134,0.011161,-0.2719039773870667,0,0.0700817342097352
0,63.7492975074672,2.3486244381353987,2.244142,-1.7774410714291748,1.55,-0.13268427314888423,27.9055954740179,-0.7228843639071129,1.704828,0.460910379135443,0.395468,-0.5612116714580536,1.0,0.6946451647189927,0,0.5425680123134363,0.792929,-0.5852200284499438,1,-0.1758736882687158
2,54.2493266195526,-0.33464472307218435,2.277436,2.419750790293557,1.756338,-0.6029262284282627,19.6735727446659,-1.086070265719163,3.502604,-0.8328936227147872,1.894902,0.62085658366385,2.891713,-0.6541903810241743,1,-1.2551769662325132,1.696294,0.2875698342646755,0,0.4368295554670963
2,53.4866107401207,0.03758987121977983,2.853513,0.7132646006809829,1.699437,-1.1285210377120252,17.9650784336648,-0.2987967412148948,3.0,-0.3192901432467325,1.258881,-0.2926456848243475,2.0,0.43063718651764704,1,-0.05207123372937429,0.680464,-0.19959043784410807,0,0.21426531512797709
4,86.5164300449496,0.8136688716878974,2.0,-0.6340713848428008,1.649439,-0.5362719329972696,17.772851408772,-0.9165885342879716,3.0,-0.9775324007206068,0.0,-0.2538151307392539,1.039313,-0.6665720777729642,0,-0.1940011192260439,1.0,-0.3268524585137316,0,-0.6263993826977375
0,77.0013693522945,-0.5488725300416595,2.0,0.40470459203889614,1.716289,-0.7668663788443721,23.4124225223059,-1.2275757350979597,3.0,-0.15591527292259916,1.466496,-0.32928492674249005,2.0,0.9812695984562663,1,-0.11170582029909393,0.092344,-0.39165176785135297,0,0.16124612249567116
0,81.0415337809334,-1.2024414066698883,1.94313,0.3657980413065241,1.755317,-0.2532888010446692,27.7773215003373,-0.7135426025043611,3.559841,0.19297028754839424,0.879977,-0.6752868712819754,2.367996,0.4722507004244899,1,0.13442467405510408,0.23553,-0.36886367358289035,0,0.34592857701958035
0,75.5144695327248,-1.2772180233210009,3.0,-2.49715917325145,1.768231,1.663015904676897,40.9920078810611,1.003050782037529,2.951837,0.011326465355233047,0.0,-0.2663800536031269,2.112032,-0.5126818235443005,0,0.5061798956157405,0.378683,0.03967718418563026,0,0.7403545224923926
3,60.6632482550599,2.6959933002631,3.0,-0.1626278665929406,1.65,-0.8382712680767429,19.3987369965881,2.210089607634759,1.0,2.2843852176532184,0.0,0.8737526281895022,3.0,-0.2863341809398105,0,-0.669580166031256,1.0,0.7655944178292846,1,0.587743782440494
4,76.0953014185688,0.06091558365324218,2.0,-3.347014470631534,1.556028,1.7814500548091476,39.0104258032444,-0.4362007745878289,3.0,-0.12138436015525868,0.0,-0.4682912528582648,1.440629,0.0236923518035654,0,0.4161628823023074,0.0,-0.4792052632251808,0,0.5652679198999254
4,77.8448446628839,0.6907658185398564,2.108163,-2.76200037231998,1.560258,0.5454203404452702,24.0283550046502,-0.7738775356588656,1.231915,0.619572860325261,0.0,0.6183040206487223,1.808127,0.2505203055039143,0,0.16336390104716816,0.0,-0.26251719381537075,0,0.08818296371803609
4,90.4557021851773,-0.1428967536087584,2.642744,-0.1491619782608339,1.692242,-1.2238708552440194,19.1050395315726,0.711032260039887,3.0,-0.1668987722989596,0.363549,-0.25616289999192654,1.904054,-0.29810436792057965,0,0.15328429876406888,1.645654,-0.1131697096318999,0,0.16619463051117056
1,84.8896870216336,-1.2908039600142314,2.631565,0.31169171624991315,1.733439,1.9653059133322126,32.4916498565782,-0.5562351803522461,2.627173,-0.6514032100144642,0.845774,0.6584830125886262,2.0738380237416902,-1.6493198453642728,1,-0.6564093750368827,2.690756,0.6348803588248436,0,0.12539152523876337
6,130.923869471667,-1.156656140660696,3.0,-0.28517576696617997,1.736215,-1.5178922104018515,21.5479964218134,1.2927447045319633,3.0,-0.417236222832579,0.629285,-0.10445721587116097,1.8090859343388441,-0.19719854464502842,0,0.21880148885461306,1.672639,0.038085859666258944,0,0.01192064571441504
0,77.6939831823655,-0.14427347912446195,2.838969,0.95466168070567,1.737165,-0.12575873416800207,18.744003309548,1.2527033945150587,3.0,-0.571177803217103,1.453335,1.4357683334142874,2.425927,2.25945328814136,0,-2.486511940135639,1.0,0.7527001748698043,0,2.577866424406715
0,75.6059757925338,-0.5097349418595313,2.0,-1.3604182662492548,1.6680530976368397,1.467724607897678,31.334784902988382,0.006969796460100415,3.0,0.16100112171967168,0.0,-0.3534343321132337,2.0,-0.7627496367744914,0,0.17240124257923653,1.722053,-0.10180506776649728,0,0.763067961457158
6,143.529927050059,-1.827382291044734,3.0,0.5909632059027872,1.807406,-1.8951678766648046,18.72574483241,1.565026629276803,3.0,-0.1831371386935549,0.840911,0.172546031517706,2.397598740098052,-0.33169023881234644,0,0.022301413136725408,1.998047,0.2288037305632887,0,0.19680137317689383
6,140.948818602436,-1.668448052586443,3.0,0.6195829237428389,1.7898712044854101,-1.9796443313407692,17.7616792819946,1.5292119165353388,3.0,-0.2015423223191524,0.893514,0.21807124805761408,2.418488,-0.3111739321588734,0,-0.027157350185018095,1.99507,0.2165652829540716,0,0.227974890209173
4,92.8145505405623,-0.4278414058248286,2.0,0.6700675774004666,1.735659,-0.17354639989896195,21.8902877411215,-1.669254158924559,3.0,-1.0368551004651325,1.0,-0.17341761049798843,1.249307,-0.20648915212817745,1,-0.420211397242349,0.973465,-0.14478473688079216,0,-0.6680634029532171
0,63.8433209514959,0.7687529787468809,2.048582,-3.5314999996127656,1.508908,1.5051631301135597,37.3318284959785,-0.9119687163089816,1.047197,0.6876159606303038,0.22596,1.046497382377558,2.0,0.19738422938689523,0,-0.011101883475934706,0.15136,-0.06096572319062432,0,0.27288483845004546
3,62.1847200958309,2.0498582123143207,3.0,-0.5096823358144774,1.61,0.8504984636926418,19.8512949526959,1.2753230245558962,1.0,0.016829833444388178,0.0,0.9928525676435274,2.0,2.0019149433977885,0,-1.4460070508738572,1.0,1.98676818455094,0,2.266734707029141
2,49.5875036788772,1.8775974028979348,1.642241,0.3873613844498881,1.717419217643066,-0.7450730016198764,17.0709280062362,-1.2486436559209633,3.45259,-0.19196253687414272,1.0,-1.8290057989232689,1.1090453654096653,1.052106446666173,0,0.3668285921554945,0.418875,-1.0511657351841257,1,0.4837852971878424
5,117.315104768748,-2.186739850625369,2.938616,-0.7779162088020599,1.755333,0.6588898781148368,31.4248505114074,0.1571374004952051,3.0,-0.3564411942674568,1.333559,-0.07525780407240552,2.06039,0.27682603348791346,1,0.11799173984778806,0.371508,0.019325800146153736,0,0.5262962040533816
1,98.8758930568906,-1.3227238548069657,2.760607,-0.014049347122088917,1.834986,-0.07793965517936154,28.2983237298183,-0.3924381547091328,1.0,0.3908133761875541,0.487375,0.22663234676182004,1.336378,0.07057469523134749,1,0.41487870852318887,1.898889,0.33292859220367044,0,-0.963328135146747
4,98.9933457497493,-0.7147867997906062,2.0,2.287317506075514,1.712163,-0.6061199664031172,20.3067756523541,-1.3645090638622268,2.977543,-1.0211528967543515,2.0,0.7990008254089956,2.205977,-0.6497173900594598,1,-1.2486688624108964,2.698874,0.38802946792754495,0,-0.09021668609784038
0,68.1540627472933,1.8529333595449455,2.0,0.6724622750553235,1.612556,0.018098814986871617,21.7148948051589,-0.9735588990951612,1.259628,6.492127039000402,0.0,0.7353846859745289,3.0,0.12703202154766374,1,0.7022835557758719,1.0,0.4468602346933231,1,-0.433672396621282
4,87.259110443562,0.4576730141322282,3.0,0.032267622163092584,1.65,-1.2977043938970392,20.144696945988,0.15707470084959685,1.0,-0.0010225361445619914,1.0,2.4610388177650027,3.0,-1.0302524982519454,0,-1.1667203622755202,2.0,0.83522629830349,0,-0.29527810606469146
6,142.413071492864,-1.9223814006246798,3.0,0.45329998265140514,1.817271,-1.9614901012747357,18.921794916412892,1.6184794119937918,3.0,0.03885957135329214,0.76399,0.2616027251255812,2.699675,-0.24825352661938718,0,0.036432806718532475,1.520818,0.20125416263420293,0,0.2802123434251976
2,43.1508139841953,3.023511417316949,2.070964,-0.700905016908964,1.567981,-1.3430185362634648,18.068104867036,-1.6565936014389053,1.0,0.44532288998701447,1.718513,0.3923190034928251,1.676975,1.6555504430259962,0,-0.26087902599312024,0.0,-0.5524321460353704,1,0.1371294003711578
0,65.2053112018415,2.0979953514357237,3.0,0.09926924492243691,1.6,-1.7981422872073454,16.7955918034007,1.5982275117555316,2.401341,-0.2628166664615929,1.753745,0.9228195760100045,2.0,0.5148249875282986,0,-1.4881378959690656,0.663896,0.6472075044381015,0,0.7557731305110088
6,132.691894854218,-1.3339643804407033,3.0,0.037338305190677726,1.748951,-1.752331192913799,20.6079528844688,1.374650032394725,3.0,-0.27453688949393545,0.849236,0.16836763058197787,2.247979,-0.16458040800563378,0,0.03565533878557601,1.609938,0.12018356764785751,0,0.2014009538874113
0,90.6582291533897,-1.1452030461140696,2.0,0.9393912410171007,1.88,2.1425593857614604,21.4234945049231,-0.0865240128594149,3.0,-0.6677042158323135,1.0,-0.3985819904295346,1.0,2.5657186509386545,1,0.2096411260979307,0.0,-4.918934880040049,0,0.4531322394424312
4,82.3548005229972,0.5717171662842572,2.094184,-0.010574760965497898,1.609068,-0.3645227916089388,21.8252171433944,-0.3309842231312446,2.735706,-0.3440298664765433,0.195339,0.7610271676236326,2.257922,-1.387180970830292,0,-0.6927128153877301,2.230547,0.21954278681495468,0,-0.13567537853047348
0,80.463765989322,-0.6669981091575669,2.0,1.4016984232550882,1.750359,1.055585919297069,21.3170255100852,-0.3641837518185181,2.228113,0.24990957381506326,0.961806,1.1263848352271555,2.045004,2.3317731170597136,1,-2.172279464577472,1.293665,0.6829901524848748,0,1.8299354221064543
2,49.5181004547065,2.4161643869563774,2.720701,1.0470892792513873,1.676346,-0.19641833241778234,20.4685718546151,1.2493269177768485,3.0,0.08364678682824907,1.0,-0.5844869229826954,2.0,-0.698744555472223,0,0.1517859653279772,1.862235,-0.3819740119921019,1,-0.21073746779472818
2,58.6210451426755,-0.7497565783144172,2.508835,1.6633778473399394,1.793315,0.9955795140578475,19.3497132498737,-1.0117596240445312,3.435905,-1.1982369040420415,1.443328,0.07344715322016343,2.076933,-1.1450322550011258,1,-0.8911431053859733,2.026668,0.2695816850128754,0,0.517016349771848
1,82.8842008189821,-0.3610198045286397,2.0,1.343973331998581,1.75,0.05921630903279988,19.428743657438,0.6578470319645158,3.0,1.0838329381497318,0.0,-0.15614795672026974,3.0,-1.0286083436887605,1,0.26603299089256094,1.0,-0.2303605752272035,0,-0.7284664945636125
0,62.7917369651298,1.8678795522360856,2.53915,-1.0497577702136371,1.6273728644186645,-0.36144406769124177,24.0152441659472,0.006787711061447293,1.590982,0.9907084328882413,0.0,-0.37640972440336185,1.6681612833426644,0.12521617472962399,0,0.5831558508001721,1.264616,-0.329290882023772,1,-0.06615672376323875
3,68.1779135345312,2.2067849343115165,3.0,-1.1918398023535517,1.68,-0.2385039196848688,21.9118176292075,-0.4780527712565114,1.0,0.003456447570034438,0.0,0.2404002045033825,1.0,-0.4229082018858369,0,0.17461803708996707,1.0,-0.0520906578460576,1,-0.9668144868428816
2,51.3680335443996,0.17208839452808383,1.202075,1.1794512469886496,1.719827,-0.8082727854340888,17.7361289499793,-2.4672362251331483,3.0,-0.1471992882128234,1.747256,-0.5363372621562826,1.927976,1.3474153380412084,1,-0.38315818742418756,0.023574,-0.6450958676531567,0,0.2763940612338931
5,120.900737321357,-1.9871860033728819,2.225149,1.1938888557958987,1.790226324856465,-0.6677644109125886,22.7994335272186,0.03029558150590514,3.0,0.3849796749278934,0.682128,-0.2905939900745018,2.357978,-0.2175893879065248,1,0.14101891756059112,1.943743,0.059897462083703085,0,-0.010799622184133545
5,120.373982020599,-1.9435373105716707,3.0,-0.13931214283154605,1.84753,-0.6051781681158646,24.0150534692617,0.4910639610522285,2.280545,0.3380654035463589,0.0,-0.520016774228684,1.591597,-0.023588614030125674,1,0.8005434089736035,0.932783,0.0043475016438539035,0,-0.7049751042380046
1,82.1678185419885,-1.3925557704292153,2.300408,-1.3525192125646508,1.737984,1.6085374449012741,31.2877185606037,-0.492837009311427,3.071028,0.26248865070787747,0.0,-0.9146691492955678,1.738959,-0.07236889867760041,1,0.649132705709271,0.090147,-0.35452141466660375,0,0.3075590874412851
6,126.205003482333,-0.4253465349087456,3.0,-1.1587151108644698,1.668642,-1.6509721590194437,18.8613286278772,0.9518131209234817,3.0,-0.6495575617163803,0.366385,-0.4852019521043238,1.15635,0.1969584436339692,0,0.4943690319073113,0.786828,-0.3181002052799803,0,-0.27710554110067376
1,91.1124148488195,-1.4708091678268778,2.0,-0.4184834433665955,1.810616,0.29276846728870604,30.8328109443664,-0.731635338543581,3.0,0.3374768630647918,0.105895,-1.0458356692640725,1.622638,0.3672564140735228,1,0.6889856298683876,0.21381980886624247,-0.400739193111797,0,-0.30863280873322885
4,106.027296713938,-1.7249273286913747,2.0,0.6194616239916668,1.8031838610451,-0.9070425659244948,22.356393584953,-0.5418610436791199,3.0,0.6327938558023606,0.80898,-0.24894465615234343,2.745242,0.5801536647025587,1,0.12577202556888034,0.0,-0.2632996396321338,0,0.15256373524032127
1,84.2686862819516,-0.8983091716730538,2.0,0.9778054807286257,1.720379,-0.8293084608704961,18.0378946336613,-0.41114452782608,3.0,0.8180447249901296,0.41758,-0.24170510243224116,2.802498,-0.04630033720268743,1,0.0727996221512253,1.0,-0.19241135845490562,0,0.22862825785090773
0,79.502505169797,-0.048543005550732654,3.0,-0.047962571562385044,1.755427,-0.9038845856206817,20.0814639770864,0.808523811791299,1.0,0.5927374984942514,0.0,0.7808535888498728,2.0,-0.7997160547303391,0,0.11964596215056686,2.877473,0.5188854587737601,0,-0.43172594664307157
0,77.1584941998678,0.8450780770255409,3.0,-2.9403054796170225,1.642971,2.0519478894576757,36.3393844114231,0.969097974737676,1.146052,-0.07556150092550802,0.0,0.5832681878466375,1.074048,-0.8347306029876753,0,0.5194629522023777,0.679935,0.00822583054189201,0,-1.1251148294195377
6,105.009399475754,-0.30788631028084273,3.0,-1.6111500242469015,1.602025,-1.436957928319062,26.1631680069565,1.1727635458809575,3.0,0.09585746791340778,0.553093,0.41302207271878616,2.613928,0.17812035352716807,0,0.0999071302271349,0.0,-0.13707154698916738,0,0.4094673164986921
4,80.8066390655009,0.2911183271244926,2.0,-3.582293853964112,1.517248,1.7112843522616785,38.0671370114136,-0.536635596182171,3.0,-0.31860192740445636,0.0,-0.5723398794456988,1.095134,0.11423416861207043,0,0.4719621206501237,0.0,-0.5665067432733011,0,0.428224683440185
6,113.310234138223,-0.7242987745985087,3.0,-1.5810179804995363,1.6489664826975572,-1.374136960236119,25.4419628532161,1.428615057452957,3.0,0.3999027980285281,0.091711,0.2495114519661446,2.722276,-0.04735639003114715,0,0.322766534435954,0.0,-0.12798966214276125,0,0.30559749091146277
2,46.1074554467643,5.068949301448303,3.0,3.2594838766866983,1.6,1.7657194816141828,17.2748172632501,3.6342575569439663,3.0,4.00500801499312,0.0,3.2559086867103617,3.0,-2.7135067126627184,0,1.5596280236616942,2.0,0.06556591016744569,1,-1.5944801930261727
4,107.079626192467,-1.4675010914785,2.0,0.8413269877773797,1.819867,-0.5310039966087353,21.2224890747467,-1.0610014643808945,3.0,0.03079826631459987,0.621605,0.29865822224722255,2.715252,-0.31244747780401744,1,-0.4170422586383283,0.0,-0.02754938745565791,0,-0.31996711180700527
3,60.442456681026,1.0875517869287723,3.0,-1.928564957949217,1.58,2.2849503399438427,34.8459494007124,1.5723784037175264,3.0,-0.7634228888538388,0.0,-0.37247918375401506,1.0,-1.6532572056397632,0,0.45447354028837256,2.0,-0.11413364970958853,0,-0.44912710729563715
1,81.1808546329612,-1.1473559620918419,2.1153620999286717,-0.9285337532044973,1.703688,1.2437609942834726,30.5159206110356,-1.0069647879594663,3.292956,-0.26968995671897344,0.987102,-0.7045232764658216,1.723372,0.44892898230084793,1,0.1901346840859762,0.0,-0.4085922804467009,0,0.5787756243164103
0,80.0379985818042,0.0693142302448593,1.078529,1.4490335996627295,1.779882,-0.16706322842107488,20.6697171138627,-1.9098222085287442,1.211606,0.2764406567671279,0.817983,1.517695732250023,2.568063,-0.9859817007018068,0,-1.2207704048193935,3.0,0.5330564757684141,0,-0.39410686248365645
1,101.557827738174,-1.6207068109094325,2.0,-0.1280958413674406,1.93,0.23843716895142542,27.1753550652816,-1.3237611459269971,1.0,0.6753677904515216,0.0,-0.4598085732691916,1.0,0.4911640568636873,1,0.7608038894024501,1.0,-0.05387011149388869,0,-1.2551517688637115
6,125.545036853946,-0.6807174380134089,3.0,-1.2620902055329355,1.700996,-1.4812597269402834,22.6240423646908,0.8889360631263284,3.0,-0.6962050087116551,0.575969,-0.41557978108686855,1.242832,0.363984432008908,0,0.44585882058497556,0.530925,-0.28265396310538127,0,-0.20661887602399576
4,81.943700908842,1.0840627802958605,1.123672,-0.011055121269527656,1.603963,-0.3902887593202788,23.8057167159488,-2.4861686585199534,1.014916,-0.2616792520423652,1.426103,1.8523896605182095,2.042078,-0.11412858192648213,0,-1.374949502675333,1.846666,0.26974113865885413,0,-0.5021653675242609
4,92.7667883684233,-0.5452687854737264,2.0,0.6359712221812507,1.706525,-0.14513398436904143,24.0408866000385,-1.4282448955567077,3.0,-0.6649626281754971,1.0,0.23104239102977797,1.895939221389921,-0.3760161967530779,1,-0.5775729360499174,0.967627,-0.012852336566178927,0,-0.4110124096675242
1,75.6630861405999,1.0473206542602516,2.766036,0.03536204154370305,1.653431,-0.9925226708985633,19.1362248470445,1.4127160861543233,2.443812,0.15117557910469798,0.827439,0.800233295243664,2.707927,-0.5895544887362512,0,-0.19389579386254052,0.702839,-0.08761868157589504,0,-0.5219326877661893
5,121.693496426461,-2.407761833439296,2.722161,0.5850142970191445,1.873368,-0.5618289796862782,24.1157740246212,0.6450950388114395,2.658837,0.7355992010209376,0.0,-0.39736961309840224,2.375707,-0.34863249338875363,1,0.600026649738547,1.299469,0.11223283147387392,0,-0.2970455724943744
4,105.583985892565,-2.3510460409243676,2.805533,0.2700730038870565,1.834842,1.1414570924972576,28.6562235561359,0.32781426739617536,3.0,-0.1471684791062748,0.70778,-0.5141366230488035,1.882847,-0.6033066032645474,1,0.2886750967128848,2.0,0.20354838338590056,0,0.3986564294899623
6,105.571103386807,-0.3103218542948209,3.0,-1.525593983520484,1.634440447929285,-1.422599702770372,24.8198435813318,1.03880705687147,3.0,-0.13685156634588402,0.519905,0.11322167476174967,2.180566,0.25018555779220814,0,0.22434125645078798,0.07131910802762531,-0.20896920177298164,0,0.22649279765560837
1,98.9025593083375,-2.8827028582632956,2.0,0.20928471867473314,1.85,2.9723317893037944,32.936856175494,1.3495181890147974,3.0,0.6711845657396965,0.0,-1.1987392352538806,3.0,2.8199739174342393,1,-0.44311889923732917,1.0,2.336489516317315,0,-3.4894428035141933
3,59.637211445688,1.0485520937095654,2.0,1.5247131940360925,1.8,0.14914384445872064,18.5682537284338,-1.9730174920521046,3.0,-0.5706427859147127,1.0,-1.2406891947208236,1.0,0.04412161791759457,1,-0.037591743579699015,1.0,-0.5052112322979446,1,-0.43274727084755193
5,114.391166795609,-2.0344709100625007,2.320201,-0.5022299278131147,1.758618,0.5936280590457648,28.9126594425877,-0.6382602343178059,3.0,-0.19244592675052902,1.465479,-0.13713270774761946,2.164784,0.624240096550811,1,-0.020981569884867622,0.0,-0.1767591557637221,0,0.5857105614987415
4,108.45400509007,-1.279212202340137,2.0,1.44316720944002,1.798062385232623,-0.774192296654644,15.9402943062264,-0.9217874135735571,2.478794,0.41299323230190654,0.4346,0.7124643282621295,2.967064,-0.7674454235857676,1,-0.5563345439979174,1.0,0.20572598663470318,0,-0.41163529966861556
2,51.8074313439296,2.4195288980813716,1.344854,1.783576974242627,1.74379,0.13435249939175298,18.8712584265815,-0.9727687711990186,4.0,-0.8704813126039977,1.0,-3.280844529076609,1.0,0.5372491933092104,0,0.8095029649775739,2.0,0.20006041132703706,1,1.3040198145406328
0,84.9772972627275,-1.5788852287578243,3.0,1.2749299794338749,1.820643,-0.7825970904432795,21.1261134559541,0.8377126236383425,3.0,0.49597569403424185,0.453314,-0.19450531627992895,2.759246,-0.5737659015875509,1,0.20709554806089994,1.763277,0.2221459742190315,0,0.21031753037573742
5,99.5335387713126,-0.2840363097527619,2.96405,-0.7036218411884734,1.644517,0.3119208106136509,31.0212545478,-0.6033780439068442,2.123138,-0.9702277678184337,0.620465,0.5185813143200271,1.0,-0.7743893278779844,1,-0.20997334347757887,1.699181,0.3187830185365341,0,-1.0569515867603456
2,61.0692835382728,-0.9518107122693896,2.568063,1.2229388902195286,1.793926,1.3812211976770061,18.919344414475,-0.3660443143608684,4.0,-0.8028474445891962,0.220029,-0.6608094894861208,2.028060227024254,-1.7976549973122091,1,-0.29387754807191047,2.0,0.10105031460433304,0,0.4185987874614196
5,114.027867479962,-1.8316770558353415,2.100177,0.44262108078201107,1.786532,-0.2651125920096439,25.7354551795187,-0.19339376820864754,3.0,0.5021453771686821,0.247332,-0.6132873338675425,2.099687,-0.08648905432251495,1,0.4344230921693358,1.281165,-0.1364320948701564,0,-0.173443529611815
1,83.1430999254174,-1.1332130398696634,2.011656,-0.2815552041736933,1.747739,1.9079823248055416,29.2639853713692,-1.3373201496177487,3.165837,-0.5275501602633723,0.395979,-0.16300806028663692,1.844645,-0.9873297961739126,1,-0.2919910665566676,0.889963,-0.002297306159419404,0,0.05754192404111948
5,120.917782244988,-2.614941696771671,2.328469,-0.7018111119011714,1.801368,1.3556451085498022,31.9642500176079,0.04037475371302471,3.0,0.5070593829011939,0.176678,-0.5093122977633578,2.2605985373148973,-0.3439378992898745,1,0.5074539205527324,0.800487,-0.0407354040106952,0,0.35963975352882693
5,116.176767695562,-1.8362191927769655,2.191429,0.5205363179168565,1.783381,-0.4051488399176933,25.0580246744852,-0.1172289343042096,3.0,0.41133420965921164,0.380979,-0.5428003383029669,2.102709,-0.05745352059838703,1,0.3808391909544193,1.32534,-0.10712917232940117,0,-0.15499835205254167
3,61.035847713712,0.786815479995326,2.0,1.5451840156261736,1.67,0.04021883637924205,21.8549844866134,-0.6811716086915777,3.0,-0.46662924275792833,1.0,-1.446944659754981,2.0,0.07725715749198946,1,0.3796454202280248,2.0,0.9809667955360658,0,0.8533489541316098
3,83.2327507587747,0.505750182179934,3.0,1.6606372211938154,1.84,0.2247580178094517,22.14355097322,2.3595060791468585,3.0,0.2648633986738863,0.0,-1.6239622999982666,2.0,-0.6380192872684893,1,0.15701170300339584,1.635934967019321,1.8931119076456162,0,0.8607178033070965
0,83.6215108848703,-0.42941186363936645,1.27785,0.9889654338818866,1.791047,1.6516572026151453,24.7669352267741,-2.017425240879413,3.999591,0.12189282637360661,1.0,-1.0826019169374603,2.495944,-0.19221212659261677,1,-0.28902269841784295,0.00342,-0.6000316780872966,1,0.8497042889458826
4,79.90167169779,0.5867886652472093,1.880534,-0.0041054628355243535,1.607182,-0.2309467562534585,22.7000361963169,-0.5564756406878154,2.806566,-0.2770406733590637,0.196084,0.7118021644382297,2.313245,-1.3332518384081893,0,-0.7213082526617532,2.146778,0.16537969405425001,0,-0.08043161977773015
1,81.450191971054,-0.13203455220324387,2.2751462429908007,-3.475806902748241,1.6300605311742615,2.5673836431109343,44.7684374049444,-0.786292040078385,3.0,-1.1158830080346152,0.0,-0.06427747899841864,1.0,-0.7686522400216436,0,0.0005774840564663849,0.0,-0.15337709968966534,0,-0.03683174905923013
4,97.0663063480111,-0.5583258987378082,2.0,0.4198569961527492,1.738465,-0.5883567183445715,16.5478974712183,-1.2893120367940223,3.0,-0.1990074384128043,0.233314,-0.11703249545258856,2.0,-0.32324819522637066,1,-0.18238863879865086,0.0,-0.2755046766872564,0,-0.6100757314421736
5,117.841493589274,-2.0906364854900428,2.744994,0.2520845802517182,1.801224,-0.7306225616490202,26.8862188253785,0.46015212285601076,3.0,0.3436125226515468,0.677909,-0.1966760968769426,2.478838,0.11616921858331561,1,0.31573720999379,0.684487,0.012740864562289646,0,0.012925038011897321
2,50.0611611644378,0.5756395685032835,2.0,2.240761036517819,1.71,0.6551935705025704,21.3214394743421,-0.47164186493757054,3.0,-0.6637587564745764,2.0,1.8398182650303445,3.0,1.9656973543136318,1,-1.4758412642422725,0.0,-4.350824650763875,0,0.6895050284893939
2,49.2562893923612,1.059049972525146,2.663421,-0.17016581372215156,1.722461,-0.607324596783552,22.7956347806873,-0.9070969844266799,3.0,-1.8790812491113738,1.391948,0.1185997006365976,1.04111,-0.14704099690867492,0,-0.6988925919047336,0.794402,-0.08153230111139413,0,-0.2165508456769023
4,110.414887592639,-0.9149522751093895,2.0,1.3192921788725953,1.799779,-0.9910515860801773,17.7992806591114,-1.8503195788597604,1.194815,-0.034204454172415674,1.541455,1.5367877680753206,2.434832,0.07312621963019503,1,-0.9905917189744423,1.0,0.39682028458164587,0,-0.7908647386414602
2,48.4301804441571,2.646750936744491,1.052699,1.9010927564372457,1.723328,0.1300676004785013,17.2525976782497,-1.335815394271765,3.998618,-0.7959206573880634,1.0,-3.315948242911639,1.0,0.6089938896301589,0,0.7449426213547545,2.0,0.11096661396734936,1,1.3206230329011377
1,78.5521268354127,-0.5186661067174793,3.0,-0.5251648105147639,1.7075323089796424,2.336759063390535,29.1949998303942,1.326732174229239,3.0,-0.9911545781067921,1.0,1.0030167700636141,1.5248183638116157,1.5652156285356604,0,-2.144047356601003,1.727114,0.8466314814551151,0,2.7344739845238903
5,117.284809935915,-1.7806409096951188,2.23372,0.20002967108468905,1.774775,-0.4665067958624093,25.7366044294855,-0.18518103527943205,2.993634,0.33508185995196443,0.449886,-0.5466822882714322,2.028368,0.16991271822472,1,0.41383203122296264,0.863158,-0.18493414638073224,0,-0.18477155438067622
6,110.886076273893,-0.49607826695392765,3.0,-1.6487102122960131,1.62439,-1.400061574702798,25.9216939054801,1.2395322356963872,3.0,0.13378376140485734,0.368472,0.270495940718748,2.507461,0.12800311466267966,0,0.2308512893402858,0.0,-0.1580001250916238,0,0.30101196907438105
1,79.1235966600266,-0.3187973954985106,3.0,-0.5268482009957283,1.7,2.370297624778957,28.0012526009341,1.1776255977687118,3.0,-1.2990247222077076,1.0,0.749580690570643,1.0,1.587376318281429,0,-2.0591483434187356,2.0,0.7809929093264794,0,2.5447503618423846
5,117.774001647229,-2.3838164675221396,2.046651,-1.607306550181375,1.763029,2.072383928565494,38.9537260603657,-0.47684795211934,2.842035,0.42812460849197254,0.0,-0.7019563219710148,1.732072,-0.165278401380738,1,0.6811529322329923,0.584272,-0.16991984639398144,0,0.12517763963898357
3,66.6055488672154,0.35789347021000184,3.0,-0.7309965412581632,1.66,0.04704215263564464,25.099806613816,-0.6955209087396428,1.0,0.25543458171180244,0.0,1.2737081798928158,2.0,-0.8826136464492607,1,-0.25133211323350396,1.0,0.4492097199464615,0,-1.075186649464582
6,136.617457717061,-1.2316516754250593,3.0,-0.020083129801075978,1.747479,-1.6280492518766863,20.5694208774419,1.223731209729544,3.0,-0.6510069967667542,0.858392,-0.13147825767360033,1.607531,-0.14347602577347796,0,0.1517563601421017,1.963379,0.06448952614728953,0,-0.03838441208552137
3,61.9226177364,2.048900049164046,3.0,-1.7453633911358255,1.69,-0.7936419443396814,20.8938669869816,-0.11057934912854082,1.0,0.6989994404098304,0.0,-0.5117982034576039,1.0,0.8032376358582339,0,0.8963600476235982,0.0,-0.49892077979247107,1,-0.5697333827820227
5,119.362498113951,-2.222394413075983,2.239634,0.436002456192616,1.812259,-0.4082157675024667,25.5027722609455,0.24964691320940377,3.0,0.9365238340828402,0.0,-0.41465239319215835,2.684264,-0.24515203628708146,1,0.4811598509862264,0.979306,-0.05383656923486162,0,-0.047829435809677905
3,61.9462986031176,2.151138991243187,2.0,0.1158633115074759,1.67,0.002221142650489353,20.2172576901858,-1.6175389391561608,1.0,6.019445050147566,0.0,0.18024605253160583,2.0,0.8231617063663469,1,1.026442624013343,0.0,0.12313904240878573,1,-0.9162143332403939
2,42.5875653754534,4.126281234701482,3.0,-1.907911527643013,1.5247384976447924,-0.38377252531250133,20.8334137860416,-0.05505162383437993,1.0,0.18481855274204528,0.0,-1.3520876905075259,1.0,0.8736671618779495,0,1.2741342000658413,0.0,0.5281009850279855,1,0.21492831457410255
6,132.607091972065,-1.5275941323055262,3.0,0.32547682552187096,1.763847,-1.9672981217298862,19.357659277317,1.5447333902223017,3.0,0.04472748380775572,0.890527,0.4450198942944026,2.836791,-0.22181992190523095,0,-0.09958600100623514,1.46782,0.20165672680621677,0,0.4140458843406542
0,72.8180738846722,-0.4347210972389684,2.0,0.14605359031101012,1.709561,-0.12478627089074211,21.9397402848682,-0.7501824984561827,3.0,0.3548624124915753,0.0,-0.9690288386155597,1.636326,0.000938531967629724,1,0.5118093271039397,1.0,-0.41089979931104,0,-0.22250757113414393
2,50.9571105412349,2.895766517446416,3.0,0.09823473845272566,1.68,-0.3399471439005653,22.207661756269,0.06335495280347586,3.0,-1.061159349557105,1.0,-1.2078794003831796,2.0,0.014558776286082776,0,0.23053994887947696,0.0,0.8056991503364705,1,0.9151183549249883
6,110.736638527122,-0.5215460111303158,3.0,-1.5552713316895277,1.633195,-1.4728139534160685,23.9554391844657,1.3473998319628058,3.0,0.312061706854463,0.140368,0.2225138361312629,2.619517,0.0030412589751751314,0,0.3017298115414032,0.0,-0.16805527146999538,0,0.28781285357390396
4,80.1309092370005,-0.044248586512657034,2.569075,-3.467275802265628,1.560215,1.6209111755476684,39.6069806208454,0.17899868256218018,2.463113,-0.03277190125180903,0.0,0.02421634280156646,1.567366,-0.20822123197717268,0,0.4024660445433265,0.359134,-0.17577680009629848,0,0.4364738855388152
4,100.002958215064,-1.352767637255526,2.0,0.807035503646199,1.8,3.927856340702508,38.8931660219637,0.09866531308807594,3.0,0.5279157551984831,1.0,0.09243995492658644,2.0,1.8163481362375955,1,-1.721275845137498,2.0,0.644752092001346,1,2.790979200560429
5,116.770491971111,-2.3345976963450257,2.028571,0.8825694070179585,1.858265,-0.2841759285710282,24.8185971711819,-0.030347893776945828,3.0,0.8641448802118886,0.066805,-0.5885981743566295,2.530428,-0.25557480512484104,1,0.4549769943825265,1.31257,-0.054575101605577825,0,-0.08726803663370153
1,79.5736656253455,0.6516260351863442,2.0,-0.15469831237064255,1.65,-1.0662392428567034,23.608132565914,-1.4076086617396957,3.0,-1.4221130138072617,2.0,0.8887840316129443,2.0,0.3622175303937456,0,-1.1969447020032316,0.146919,-0.11685345956399484,0,0.14877753831168264
2,44.6513192955195,3.2378520598004723,2.896562,1.2908763293212637,1.609495,-0.48826158163933947,20.4464678865591,1.555311290068605,2.625475,0.34523809125679944,1.253311,1.0200268952159168,2.839558,-1.1056522170524656,0,-1.8689533259919215,1.949667,0.9462071965511853,1,0.9870456293167446
4,89.3482735106011,-1.4303258158882177,2.19011,-0.6741214077256067,1.6947649414870867,1.7406015600984428,31.589543009911,-0.3615523210555122,2.029858,0.9450425587927488,0.0,0.156850669402625,2.348981,-0.7950571227592552,1,0.24298530688378536,1.946907,0.2228664392871898,0,0.25483662541576624
6,105.525817517335,-0.3848801297325464,3.0044448203561647,-1.6863680682751279,1.608283,-1.3316098726562646,27.5555282581235,1.1839073167596545,3.0,0.08778603020164043,0.546345,0.4008554674609761,2.592410699977789,0.17334787404869217,0,0.12044100809348332,0.0,-0.1232393216570285,0,0.40078916155573663
5,119.325406782059,-2.357165882255789,2.57691,-0.6959895633862996,1.767485,1.1849444442053763,30.9895996300958,0.20512092790592287,3.0,0.22591959787902371,0.376683,-0.4319148200659163,2.080187,-0.3647105906693287,1,0.437690006753028,1.04268,0.008453872584382838,0,0.35310962301890236
3,58.3744307847602,1.303558701687792,2.0,0.5693115139271878,1.6,-0.07134077755008052,17.8043332542794,-0.545343669425272,3.0,0.05176940420941113,0.0,-1.7374876566108413,2.0,0.017523131368169367,1,0.8354040029491989,1.0,0.6683164401347279,0,0.643591003203921
2,51.3366237645237,0.19187343182245606,1.871213,1.0797668361856807,1.738702,-0.7625357794445271,17.2367968781837,-1.75441843170238,3.0,-0.5800792756185265,1.487223,-0.8448885734468854,1.283738,0.9538212236822126,1,-0.08944947001298814,0.684879,-0.5212912578180698,0,-0.005915487608035615
4,98.0477468040733,-1.3842682119001857,2.0445843318711767,2.744807722571117,1.777416,-0.39796320456085593,23.923884134056,-0.9540870175432553,3.0,-0.5853947089533684,2.0,1.1287760919926004,3.0,-0.9917058856761245,1,-1.3887060688676167,3.0,0.6609223479351057,0,0.21417358660531327
5,129.564098298003,-2.770079642154453,2.02472,0.4065602011901994,1.913252,0.14776572012008515,29.8260799261338,-0.17255222794193245,3.0,0.5000906509264655,0.0,-1.0239395849402009,1.800335,-0.06320872163862258,1,0.7481688511117923,1.196368,-0.13491148104048148,0,-0.42758968868241926
6,133.135854861487,-1.0505385679467736,3.0,-0.30114744326294035,1.724268,-1.676160001043218,21.0066617970503,1.1285803166656918,3.0,-0.6482317571969778,0.912457,-0.07638002952135943,1.650612,0.035806749078118885,0,0.1362400392589079,1.537639,-0.007162869308675392,0,-0.001458333644141908
3,52.1632003068385,2.286776071412103,3.0,-0.08260231265597043,1.53,-0.9833284695379614,20.8127542222461,0.6961357722752706,3.0,-0.004221732792777141,1.0,-0.48225831592881924,1.88540027617737,-0.08067093477464092,0,0.07276790298542658,2.0,-0.2984711008430862,1,0.7374332765717223
4,83.1106478930244,1.1948430773318401,1.261288,-0.4997835326090798,1.61291,-0.8001270658056227,17.4020641093522,-2.2149588191583947,2.930044,-1.1504415334619817,0.95174,0.04734579955523611,1.166655,0.29100224431701244,0,-0.6905485061516894,0.133398,-0.5643413467566324,0,-0.4088257169508332
3,63.5572890260361,2.269092396708518,3.0,0.23451274568267014,1.65,1.3254603122667379,25.6578413194532,0.7929044170884734,3.0,-1.6627166586716422,0.0,1.212335935235405,1.0,-0.901999852870961,0,2.832949228350556,1.0,-1.6935251953839225,1,-1.397843320189034
4,103.627910627426,-2.1970281988621654,3.0,1.9486656829611564,1.85,-1.1374456233591654,25.5781862332507,0.5905070110482289,3.0,-0.13436436734733587,2.0,0.484385702975125,3.0,0.01457154156990449,1,-0.47036683965523435,2.0,0.4776976700648451,0,0.5446071829263942
0,81.4991992614422,-1.2625579811247587,1.064162,0.8947440452012116,1.765874,0.2763367293489532,28.7935581140244,-1.599589489760386,3.98955,0.07991825587776637,0.894678,-1.2247995779451,2.028426,0.4696589818362105,1,0.0861868175030332,0.81517,-0.5670694836557665,0,0.3795013147539247
5,120.947068725674,-2.623380883450823,2.423291,1.2045497778644783,1.885119,-0.7174123168027022,24.3229077787376,0.3987860746240552,3.0,0.7283019584526892,0.555591,-0.20785049100188863,2.902682,-0.16827823635965067,1,0.23481385682725583,1.243567,0.12606218231960656,0,0.11501103202697256
2,44.2197204310495,4.877387987722483,2.621932296728904,-1.457244803164498,1.52,0.47374098342634957,22.2107078323199,0.3925725034391376,1.0,0.22903802658110595,0.0,-1.2279389278270714,1.0,0.2294214348501196,0,1.2643073506810591,0.0,0.3870542376253324,1,-0.7300988781539581
6,153.023277723993,-2.0328409159915717,3.0,-0.3248446047859397,1.805803,-1.8262426422501434,22.1292370468009,1.5261576532148253,3.0,-0.0605567967987655,0.656491,0.10454781934204112,2.387991,0.04642340887796757,0,0.24324243774048662,0.850715,0.05262412684717148,0,0.09462371598141979
4,94.4934543697578,-0.2373704937853653,2.0,0.3417164191263448,1.664752,-0.6705873914284023,21.5328998145417,-1.691820541281761,2.976098,-0.7797390672061071,1.39322,0.442606118940439,2.0,0.19500321805481446,1,-0.7253829885278497,0.0,-0.17908016973220886,0,-0.3336125617982341
5,103.764710526147,-0.44360919305988555,2.913452,-0.6630324961880429,1.650189,0.4245759730293877,31.0803594927832,-0.4730482464438284,2.269799,-0.8817979026126144,0.378818,0.358662777866468,1.0,-0.9708600173473141,1,-0.10574893181818146,1.889937,0.3099879816764255,0,-1.0718082562234776
2,41.5825831213282,4.641412711641898,2.0,1.0715899028118618,1.53,2.371014941879333,19.1165862708482,2.5202300336470156,3.0,0.5550440003633299,0.0,0.09069907395219363,1.0,0.9252519153144322,0,-2.519216016786237,2.0,0.6687658184931542,1,1.6671307229204704
4,108.417888555723,-0.9482128926129193,2.0,1.1312030157738002,1.783906,-0.7480098389158195,17.1720372058222,-1.4232071502652957,1.867836,0.1087426725461343,0.802305,0.9241157484735644,2.415910472588884,-0.375808807972754,1,-0.6359679237746085,1.0,0.22734227767572,0,-0.7237449192618824
6,112.750580360924,-0.6199425708383585,3.0,-1.686400902267676,1.632193,-1.336835623460626,26.0937545888555,1.3692397443865443,3.0,0.3064964811943392,0.156187,0.2508557338898609,2.617988,-0.003620499067834926,0,0.30717615427290945,0.015103697077888898,-0.14134678128997827,0,0.29058447788510117
3,86.7021765457777,0.47423818302300924,2.0,2.8053264215829645,1.72184200756569,3.277439677470202,21.6032196944552,0.5697393606630372,4.0,-0.33903965399256436,1.0,-1.527832392044628,2.0,1.4381893577736002,1,-1.379499950673566,3.0,1.5530170124180713,1,3.803839229825417
4,90.4907878766666,-1.3362726483553788,1.851262,-1.1382723113698268,1.682916,1.5562484221753914,30.0269770499597,-0.7897540341901697,3.0,0.6184731559116907,0.0,-0.632644197547314,2.11267,-0.1551767882289716,1,0.4475212301308757,0.388269,-0.34377679347527706,0,0.4170839064254983
6,104.542978553557,-0.20323331081199886,3.0,-1.3421711233816365,1.683502,-1.4049684007235,23.8794346960593,0.5835297474703327,3.0,-0.8746653683286446,0.896105,-0.34701828909647886,1.2315781618621153,0.6086192634339738,0,0.2905470873060747,0.220825,-0.32925166541367146,0,-0.061427269930644346
3,60.006480514249,2.8891875341021174,2.0,-0.0542018138157496,1.6,-0.6052013351391098,20.7032662239957,-0.43744369622256496,3.0,-0.10743615508125469,1.0,-1.887470186332564,2.0,1.0854545357171888,0,0.701216890374316,0.0,0.2954807649000315,1,1.317806974272532
6,132.320780666412,-1.299565156262142,3.0,-0.17857012955946594,1.755476,-1.6472704475670055,21.9734675279007,1.2261735936832894,3.0,-0.4666449388677107,0.911335,0.027453318863779812,1.959287,0.0006251581363697686,0,0.10097191855809476,1.433151,0.054501120828696945,0,0.10535084834247711
6,114.747518673721,-1.1368369023023621,3.0,-0.757484354357379,1.719365,-1.550531297549895,24.4802383852179,1.4492562569292358,3.0,0.32682126785685817,0.526776,0.4201397374795352,2.987406,-0.04777003318946925,0,0.08370372355583391,0.38926,0.037849647814765665,0,0.4691872825688482
6,130.248116427783,-0.862480589898512,3.0,-0.47648112482274496,1.71073,-1.4980352447391547,22.0915228902917,0.9994383046820148,3.0,-0.8683636712327095,0.906247,-0.24521125670328817,1.2697025333738392,0.05761655016654229,0,0.20352048567303668,1.676269,-0.05108284732025237,0,-0.11925531332132076
1,77.0832999919853,0.6395888302789298,3.0,-2.2555683075328563,1.68,1.7615688004566943,32.5625499102933,1.1457066509404554,1.0,0.2584682455116043,0.0,0.8535939243018074,1.5889653800903492,-1.045011829493647,0,0.37087008303847896,1.0,0.16103087901421814,0,-0.9955805456687126
6,104.055830417067,-0.19314270651486565,3.0,-1.2767051235339888,1.686306,-1.3886403261013858,24.1561588053182,0.5335021722610146,3.0,-0.974597128238083,1.0,-0.35321367526199665,1.152736,0.6354132353553635,0,0.2564147965002062,0.319156,-0.31651410747096337,0,-0.06489143227033717
2,60.308234264903,-1.1908216847447608,2.966126,1.4757294072018439,1.854162,1.1558508089176742,17.8224993856256,0.0025859224588345286,3.96981,-0.996541645417166,0.378619,-0.6546186002508537,2.0,-1.7945848003230367,1,-0.27435973236977473,2.000088,0.20675375530163081,0,0.40611446512364996
2,46.2045016286543,1.6225340748843071,3.0,-0.6424202884424264,1.640688,0.7201274953956742,32.390651525027,0.7345692367893837,3.11158,-1.1330192489710393,0.0,-0.580665972855702,2.2078613564974314,-1.4034990572740687,0,0.14856581347189973,1.44287,1.3946285392540834,0,0.7156339304730782
0,63.8133483848189,2.6692590684512023,2.96008,-0.19343046872563352,1.603501,-1.2687948580683284,16.7495663259194,0.7038217803405704,1.0,-0.2732384620094386,1.344072,2.219298282215789,2.0,-0.3138778988258637,0,-2.0524462576027456,0.736032,1.1033292131393115,0,-0.1659088538458162
0,64.9371269757272,1.9254437607094357,3.0,-0.7308234456161922,1.6,-1.2734831695981954,16.9982179762557,2.2332335497705453,2.973504,0.366748231359202,0.166076,0.05462774048656608,2.0,-0.1302774159293792,0,-0.7096541008414841,0.178976,0.3741419760518524,0,0.6049600097014068
3,63.4510380717914,2.106094768627366,3.0,2.413403209109433,1.7,-0.4794386161362211,19.0405398551693,2.0191092784916385,3.0,3.938966194303736,1.0,2.032669926133201,3.0,-1.9561638615766406,0,-1.7885274685863894,3.0,2.0883040037842435,0,0.3554431554994901
0,68.2252323613433,1.4338339548233903,2.22399,-0.5536095886048429,1.62,-1.428340435887001,19.504775142132,-1.752916227603318,1.0,-0.6810124661972563,1.899073,2.111709512520927,2.20312,0.5264307506575172,0,-1.3613518901378927,0.104451,0.20590145415648023,0,-0.38064177396248605
4,105.1072464241,-1.7876367945483986,2.92711,0.9874427127916304,1.823755,-1.017621663237993,24.6292186584771,0.23957900097968252,3.0,-0.33660847943687805,1.509831,-0.12835415553989052,2.151496,0.3488881055717282,1,-0.014888153059856983,1.166064,0.1033105151966153,0,0.10687114332420235
3,57.576557648331,1.6765367526274582,3.0,-0.422046960130101,1.62,-0.8765496587380581,24.4046970383407,0.6435708753130972,3.0,0.09423428639498409,1.0,-0.5922623192368426,2.0,0.299683363327438,0,0.22895368544120834,1.0,-0.37769360734095153,1,0.7083185656131543
3,69.18970795154,-0.5422473047132524,2.0,2.0256833309999074,1.8180336450902164,1.279245213071192,19.3114923590002,-0.43781313235956115,4.0,-0.8632336917422585,1.0,-2.2821399104595237,2.0,-0.33353308134208787,1,0.5062449728294434,2.0,0.8940861594216242,0,1.587636020323358
4,93.3012632625231,0.05932552815501013,2.107854,-0.23176153782514408,1.694969,-1.2668872437484733,18.6205886559937,-0.31871657428285555,3.0,-0.5426429853614431,0.831412,-0.4973143349974144,1.383894,0.4380104617127692,0,0.062321365178920556,1.030526,-0.40716787737174603,0,0.03685212992875105
4,83.5551117942364,0.8251353008665184,1.362441,0.724432850363864,1.6,-0.661988065725041,19.6284145509318,-1.6110184233787515,2.57038,-0.6965323574865587,1.281141,1.0391145365280932,2.166228,-0.6357063946846983,0,-1.2635105388973136,2.232851,0.11562996586824531,0,-0.009533611537451992
5,117.941650012728,-2.209003342350026,1.975675,0.31863863545657556,1.819535,-0.2514447542207429,26.6435259221399,-0.1267335927045867,3.0,0.9628926626303346,0.010721,-0.5212197648963838,2.604278606226358,-0.051699412086777016,1,0.4954101857445118,0.704236,-0.15941453859465243,0,-0.07484555189523096
0,78.0593806837829,0.01611513516156557,3.0,1.7187134655780307,1.6909305829198777,0.7779662838396788,20.2423521383675,0.9486999771889827,1.0,-0.11731202263050275,0.0,2.672991040970418,2.0,-0.9883169819009003,1,2.764990124928768,3.0,-0.8329301969575231,0,-1.7729081251878467
6,133.442644751667,-1.6536891836366052,3.0,0.1512062995816301,1.770612,-1.7851191990872326,22.20962169644,1.5382501078117559,3.0,0.024030061147025595,0.928972,0.4598409729019272,2.825629,-0.1855044562592268,0,-0.08750471802331777,1.399183,0.22271569798388616,0,0.41973672266065337
4,104.254081335157,-1.4480253599599522,2.044326,0.43103250238439256,1.783782,-0.7738510070111242,18.7783988695942,-0.33260730776399455,3.0,0.7956823190471334,0.0,-0.6892400985058135,2.35818,0.14889274815594583,1,0.5081078159538741,0.349371,-0.36148035694914366,0,-0.13975952895425803
0,65.4114270244615,1.7008632939535147,2.286146,0.336576339925463,1.589616,-0.7687648533365975,24.6598674947064,-0.19355971498343658,2.961113,-0.043181054005870995,1.618227,-0.3846191976936883,1.971190163985431,0.4126440881330604,0,-0.21433153941085462,1.91108,-0.3310553570882319,1,0.8216872527828352
0,69.550180663817,1.1324824034873908,1.887951,0.5511354679548347,1.610327,-0.796285235751227,20.1351175434352,-0.09879759615226787,3.728377,4.337942793676777,0.492528,0.2905285097132478,2.682107,-0.18725431455942132,0,0.1629567128304461,1.123931,0.2945023735790052,0,0.3609794865823044
1,100.036369082959,-0.22541302732920782,3.0,2.105469671070075,1.83,1.1169398019753032,27.7024197595496,0.8473385495902587,1.0,-1.0854828824777896,1.0,1.714355337827447,1.9619645611744845,0.03139727958183487,1,3.1331538160432046,2.0,0.30094535311911325,0,-1.080027735858173
3,50.7230147566607,2.0456862721659435,2.076871048769485,-0.015662596052492945,1.56,-0.5359377258726643,17.2416396456733,0.33394245591507865,4.0,-0.6149409489557967,0.0,-1.9866513702416002,2.0,-0.18718860969720175,0,0.6999363453944282,1.0,0.4973991851042367,0,1.2743903104644252
2,46.5970310402235,4.222572426238812,2.204914,0.19968029225979644,1.584785,1.1002891151087686,23.387310370132,0.27601222477186693,2.127797,-0.07511734354229437,0.0,-0.7426788660147157,2.120292,-1.3309625397039497,0,0.35634093743082734,0.995735,0.808654647072814,1,-0.3673296569282642
6,102.745554787497,0.32992639032130094,3.0,-1.9748633062617291,1.584782,-1.4084429328326968,23.1138364363973,0.6336823033626543,3.0,-0.7130615047457792,0.534769,-0.3275437313103393,1.197667,0.5241626139633612,0,0.40010147047689976,0.0,-0.4463474570745033,0,-0.11433943842567361
1,89.2739336151508,-0.6874997674565472,1.973499,-0.4667904981372255,1.7655394456684472,-0.4946796674822472,23.592808715549,-1.433800560240611,1.081805,0.9521912326642988,0.464022,0.3122652217192375,1.9259591653948231,0.8714582042814462,1,0.28277303721045094,0.0,-0.15869739145565429,0,-0.7321483074204508
5,123.03979846764,-1.8655109123383855,3.0,-0.46001911515841254,1.849601,-0.6999795063905444,23.45317762182,0.3171500256833541,2.218285,0.2260646514237291,0.0,-0.6412637867017345,1.340117,0.2595716684270961,1,0.903674771626491,0.428259,-0.12648655476028176,0,-0.8468474599268292
5,118.40771249729,-1.728286695515822,2.0,-0.37500814820650125,1.75,2.1108770534049346,42.376596424786,0.2318867902194028,3.0,-0.5565257241461029,0.0,1.2326376883643422,1.6834389878870524,0.20613006867940697,1,3.344194118582608,0.0,-1.6696544454618445,0,-1.4596297480820508
6,108.639271666605,-0.3143887652457848,3.0,-1.8053958425258156,1.583889,-1.370664674491877,27.2296666620564,1.2100782013671283,3.0,0.10926442911308744,0.492394,0.42489891006375674,2.578292,0.15508060609266638,0,0.1338353217432123,0.0,-0.14112808233199706,0,0.379479119452389
3,71.5197338929283,-0.8398884156883959,2.0,0.8426061969182187,1.79,-0.2868538236947441,24.0889914422698,-1.0368143138205683,3.0,-0.07481153801603478,1.0,-0.7053363805183457,1.762617401365547,0.44398108362019134,1,0.10921511099035927,1.0,-0.2711214066783736,0,0.008362896638265121
5,117.492888592998,-1.6752382653208229,1.617093,0.8949699391382465,1.754218,-0.23613090995925498,25.0201594538981,-0.8008902723559833,3.0,0.37058477915720006,0.631825,-0.5347317883708329,2.0,0.02255782901494795,1,0.1605560242660987,1.818052,-0.1557581660716672,0,-0.1191167185829829
1,91.43039234309,-1.281910965375926,2.2185270686668304,-0.9444034473951776,1.8,2.57312273631606,41.1532911107665,-0.26886288031890593,1.0,1.1886309497339158,0.0,-0.16675810256392973,3.0,-0.3377599848096273,1,0.7722192925218578,1.0,1.595858688029577,0,0.7840139109650762
1,98.045577341468,-1.4975024508710122,2.923433,0.5575427195637734,1.835271,-0.48161185444715776,27.1601596953054,-0.07146406704951787,1.338033,0.32355086934784594,1.0,0.5419371659953934,1.944095,0.06932301375692101,1,0.08365669044978133,1.931829,0.4547053720942625,0,-0.5317871633050973
3,56.4338404333048,0.12269726426341176,2.0,1.9489719647079098,1.74,-0.2840097175601426,16.1116599210064,-1.5308687367702092,3.0,-0.6792098709806889,1.0,0.1016702340498805,1.9694376232992412,-0.820083166023372,1,-0.7715971418585346,2.0,0.08970537119343241,0,-0.24367393763820952
6,110.62927335271,-0.5301023293795257,3.0,-1.580882043197504,1.63302,-1.4351680000272353,24.838113386595,1.3072086456824032,3.0,0.2461276378356305,0.232108,0.2410995522326505,2.584305,0.05061249392577148,0,0.2734793199614671,0.0,-0.15996251850296722,0,0.29661786006964025
3,63.1359816464615,1.247886019994532,1.0,-0.880299259388826,1.66,0.03613742596532658,20.420317018319,-2.3633839046345346,3.0,-0.7232543935773306,0.0,-0.5624546553751523,1.0,-0.05238910331397244,0,-0.24020523589239806,0.0,-0.7092273185820163,0,-0.5650456158886389
5,118.119408987571,-2.289305998306037,2.907542,-0.4082572066571972,1.7587161607443305,0.570287281616349,31.699407647597,0.14009588551337418,3.0,-0.3937846767260027,1.668318,0.15810189913805234,2.284494,0.27678000457018237,1,-0.10374599138655806,0.647632,0.12998157915088723,0,0.6813074837259634
2,65.495542973452,-0.6482381613262341,3.0,1.9410670378451036,1.89,-0.4854539259005795,22.2770142889526,0.6989645042735633,3.0,-0.12951286995362946,1.0,-1.1803468340063916,3.0,0.03273127777307201,1,0.5310815960668531,1.0,1.2991690845511417,0,1.09326476288517
2,55.2407570678659,1.0577865805488746,2.371338,1.6288710602366219,1.767479,-0.06081924593300521,21.2429521212901,0.12770787822569463,3.998766,-1.6551681020348805,0.844004,-1.1402718684879862,2.263466,-1.136810456853336,0,-0.251294946297354,2.0,1.2260327059525555,0,1.0832254088097997
2,40.1269311377623,3.491981899331487,2.0,-0.3132286631430122,1.59,-0.8381300807102531,16.7155198808492,-2.498210116238619,1.0,-1.877134608549407,2.0,0.34641361891100636,1.0,1.05263917077985,0,-0.7052819993850207,0.0,0.9651245891970338,0,-0.043723013009004684
2,49.0508347501827,2.140197363217336,3.0,1.5920682431692141,1.8,-0.4513714923596306,17.8904648999056,0.8685262988871456,4.0,-1.3203507980483808,1.0,-3.1049232578750807,1.0,0.14710797389462232,0,1.0423534762606481,2.0,0.5605837223532478,1,1.2808803889479525
5,102.414285049861,-0.7334515233372424,2.813775,-0.8019275938826731,1.6848788585715284,0.889613854852312,34.4970570388729,-0.3986936102412732,2.372705,-0.694026781530805,0.0,0.12179458150555193,1.0,-1.194471251425349,1,0.08518844022670996,1.979355,0.3136375593460895,0,-1.1059652503251063
0,85.136116344789,-1.2131590453100816,2.188722,1.499586389559137,1.7720372046483266,-0.8316797165411676,20.1243555143388,-0.32116272674401014,3.0,0.41913233559047947,1.0,-0.10752050508348111,2.721356,-0.013570275062082459,1,-0.14099810353918812,1.528968,0.005769220233692875,0,0.31581532086606146
5,121.775929964054,-2.39722856769144,2.499108,-0.5814181396611621,1.784049,1.0265658794412469,29.4289861768281,0.042698354669048505,3.0,0.17256088569800976,0.489854,-0.4733926413089215,2.040952,-0.18578280745111328,1,0.4148537630988844,0.838739,-0.052589740882950986,0,0.3341278064852329
3,57.390419029062,3.2506841127430213,3.0,2.4187336329181366,1.6957572922341086,2.9185940969789836,21.1938057462209,3.3138094702463827,3.0,-1.2661566132653495,0.0,2.661545538654977,2.0,-0.07246729737529406,0,2.428986203086553,1.0,-5.9903991099176785,1,-1.620423897919301
3,72.7058536706518,-0.3020856182447344,1.0,2.269847653807283,1.796639010387921,0.48568796072214176,20.6984031827933,-1.0141426165167573,3.0,0.8994017128445482,0.0,-1.638735833149959,3.0,-0.364466717839156,1,0.5729394022295267,2.0,0.9434201612021603,0,0.9370659119226948
1,77.3960433140773,-0.1136465942889537,2.444599,-2.9197876708179527,1.67805,2.1177702140126407,38.5916254392535,-0.641772893255644,3.0,-1.1518552417357137,0.0,-0.16228575567671585,1.029798,-0.7844515973530678,0,0.010982397636624322,0.0,-0.15990804217122268,0,-0.04877019409843507
5,119.614510631203,-1.6665542185486737,2.007845,0.7881666983774279,1.755142,-0.556869088046232,24.1074150190408,-0.48399325679462085,2.954446,0.16198585592183967,0.838947,-0.40199653769714794,1.968796,0.14350778278350876,1,0.14309461886171698,1.587406,-0.10767340896703878,0,-0.125777693598746
4,86.5760199233049,-0.3304167204321255,2.81646,-3.3646820762472296,1.64639,2.0231857674306104,42.1233169987601,-0.10919247351189316,2.27374,-0.6111175793349677,0.0,0.7785776879092083,1.722063,-0.9441756462437498,0,-0.13712889118371144,0.0,0.19433893450241316,0,-0.03525798355161079
5,117.961560236922,-1.9131153537873824,1.431346,0.6376906883098957,1.803207,-0.12099615037558491,24.8998683931579,-0.9306789410763247,3.0,0.7154142771166841,0.196952,-0.7821940259272974,2.098959,0.13190011333370144,1,0.40529542385393874,1.110868,-0.3107562194087982,0,-0.20899276994690538
3,84.6480629305054,-0.23667808970102844,2.0,0.3178980093683555,1.85,2.6337725224231754,33.6479178230351,-0.3381190541760743,3.0,0.6523935863158029,0.0,-2.718341067779096,2.0,-0.08159099828909697,1,1.4524435367367396,1.0,0.6984950509556505,1,1.2488131074476077
1,82.1706675966281,-1.4157627522670095,2.0,0.04943965344455825,1.705617,2.314005217400337,33.2830253910518,-0.6985553662021123,2.7976,0.4288323878485119,0.0,0.6716754558013022,2.991671,-1.9387931692729077,1,-0.5328504440175584,2.148738,0.49397147881918374,0,0.3609580429697879
4,93.9620524495349,-0.13657813044097242,1.996638,-0.7040619392635635,1.738397,-0.8774547725387969,21.7327852462253,-0.5091231076409712,3.0,-0.540134401863084,0.518297,-0.8779702543431159,1.033199,0.5728961715464923,0,0.35366005584809246,0.584793,-0.5456734483540815,0,-0.17513813422514551
2,55.5757601032584,-0.4263899017976241,2.0,2.7137709068335814,1.75633,-0.3454703028201953,20.9824263600401,-1.2936415843513023,3.98525,-1.1098386538485563,2.0,0.24633987593335327,2.654078,-0.72621318952829,1,-1.2785983634120037,2.113151,0.20365427244929835,0,0.534452529184397
2,59.8136612296131,-1.136746471407995,2.883745,1.4955107195538841,1.853325,1.1847933940852378,19.4106003529025,-0.29883913036318743,3.595761,-1.0238891063125772,0.714701,-0.3327670429686906,2.0,-1.5997681187225445,1,-0.4573228393933205,2.077653,0.2985846842346231,0,0.36723976036903155
3,59.144192630929,2.4434176178648337,2.0,3.1794793965988224,1.7080957758713773,1.3154116679814496,16.6866746837604,0.3837007618094515,4.0,-0.9833264515515108,2.0,0.21265581633836173,2.0,1.5881664295392397,1,-0.7971988267632035,0.0,-5.099205883127021,1,-0.1428042151375906
2,42.1565878992797,3.141391290769354,2.658112,-1.034862361633803,1.564568,-1.4674803423148537,17.8094258677819,-1.1150116427105974,1.0,0.10752467105763357,1.639326,0.27419164545909186,1.298165,1.5681301423473297,0,-0.0731623167434776,0.0,-0.509546166407151,1,-0.01872773108029163
5,113.739687792213,-1.7940609707586177,1.585183,0.4888767841762033,1.771837,0.111208890512749,26.8163330126717,-0.6426559224240128,3.0,0.7632159202665014,7.3e-05,-0.7381775606682535,2.101841,-0.1960406305965247,1,0.449485767474709,1.543961,-0.20836144663513545,0,-0.19995206480658695
3,57.5745078844324,0.5688281655833363,2.0,2.0706265296512147,1.72,-0.20156091370537527,19.3965787849508,-0.5975128072821985,4.0,0.33430059706119397,1.0,-1.7479033525097443,2.0,0.047589806263048165,1,0.29223807922705525,2.0,-0.5770583091084327,1,0.7296386321044479
0,69.626050265811,1.8419421286532445,2.0,0.6364891181800699,1.62,-0.0015594751341847365,21.6163692472548,-1.0401582665591198,1.0,6.577612718468605,0.0,0.8706909141025888,3.0,0.168926801880272,1,0.6927894822777548,1.0,0.4906093199718386,1,-0.5234649651458058
5,111.633237790618,-1.945889849201637,2.155182,-0.033418586156096663,1.785277,0.36144465103149676,25.5358358700037,-0.997653291421013,3.0,-0.36249891270646106,1.74992,-0.21306054201113905,2.049079,0.8446137902586496,1,-0.14222136786392384,0.0,-0.24233319823467464,0,0.5907137334968379
1,79.73764000311,0.9968576392953795,3.0,-1.6286092150141493,1.68,2.4471042296279033,38.5063319589185,1.5911559331587835,3.0,0.4052366117399501,0.0,0.42245768177465365,3.0,-1.9016931917837683,0,0.02605999160949802,0.0,-0.02813860357710941,1,-0.05470379791405337
0,74.1941016073628,-0.36102891873880255,2.0,0.11993801218680812,1.712473,-0.19186078583015292,21.346732825804,-0.9024006297862132,3.0,0.1296341073547163,0.139013,-1.0752182981574594,1.362642,0.17118598216672523,1,0.5222980303591495,0.921268,-0.4720602309706912,0,-0.30734994859630577
3,65.0009925445155,1.055270317456467,2.122394566857698,0.27557215836152943,1.67,0.6081145808090972,20.1093413001407,-0.2607234290270693,3.0,0.2321435591048655,1.0,-0.8115483639797996,2.0,-0.16405486799962612,0,0.011906364017312413,2.0,-0.37316632124400734,1,1.1988361187128598
4,104.252339537365,-2.24540325977199,2.271306,0.08568829148049711,1.784377,1.5020897100481658,30.7813549964223,-0.04476533248968969,3.0,0.35234241507948083,0.413752,-0.4150256879591677,2.243125140630485,-0.7214681166940364,1,0.24193594984520703,2.0,0.14130134970350708,0,0.5075245485142982
5,112.48172600316,-0.3503909574339212,1.0,0.9161115302241672,1.76,5.178888525496793,31.1568373190639,1.754310654428894,3.0,4.917489745299625,0.0,0.22345440373315087,2.0,5.486706249936003,1,-3.071626484984148,0.0,3.8778464785240745,0,-2.005727644828234
6,150.26528866239,-1.806904027403655,3.0,0.5408838708108642,1.79824315074267,-2.002801224358118,17.9669294645467,1.4843945011853372,3.0,-0.3709688495978189,0.94603,0.11083906901346759,2.155926,-0.21155433531883658,0,0.03375230552218179,1.999836,0.18324734402619053,0,0.10146675394954609
1,79.7028510807845,-0.28303612745075574,2.733129,-2.604992761725799,1.67861,1.7804195151414866,41.6160334358734,-0.5641107839244385,3.0,-1.6281232882476302,1.103349,0.42293657088275555,1.302594,-0.4065543715768302,0,-0.4803656528161006,0.0,0.05475797709736064,0,0.27077988429124816
6,107.433352373942,-0.1864047449383352,3.0,-1.8418732348286788,1.628019,-1.240460503088673,25.8487086015799,0.8857690708256981,3.0,-0.4145638224367012,0.438216,-0.17948113605106178,1.6213,0.33562391180907936,0,0.38999149093502133,0.090917,-0.3068370510783858,0,0.0020258917864646496
3,54.5677532463802,0.8022719874673059,3.0,-1.2673943643460273,1.55,-0.5302137198709111,33.5772578888935,0.564988496953628,1.0,0.66199589630594,1.0,1.9914211109933617,3.0,-0.3366714398420038,0,-0.5938336063689317,2.0,0.6539895254289254,0,0.3288247048495366
0,69.2981304309948,1.8562492413421543,2.0,0.6708952394418303,1.62,-0.033485006626058314,21.1821424085899,-1.0383935253108274,1.0,6.5870486232753445,0.0,0.875748911846422,3.0176393054170827,0.16643265255984177,1,0.6860476953709342,1.0,0.4891863899755012,1,-0.5171332294443765
2,53.1275183640224,-0.0749064070852092,2.0,1.8605298440131657,1.722547,-0.9677175069689122,17.9743286572104,-1.3182744422583192,3.131032,-0.48027918867904157,2.0,-0.23723810972306994,2.072194,0.6249749371290826,1,-0.5476666710432295,1.487987,-0.18791148123070697,0,0.45412663171000306
3,54.8616104045868,2.2005857143187906,2.0,1.0868008150412405,1.6,1.6563560753808082,17.5952300567657,1.2444956251522996,1.0,-0.2521984541966088,0.0,3.624165941301121,2.0,1.7963278683165116,0,2.3339951099110583,1.0,-5.863430828766776,0,-1.0750289009503806
3,55.0917150071185,1.3390196504846736,3.0,3.0448040873990405,1.7,0.7234582444825484,16.2451302755877,1.721088332951213,3.0,0.2507037103090026,1.0,-0.06278788837703499,2.0,1.3393233222269152,1,0.0190209532803404,3.0,-4.451658123455703,1,0.8092051355160133
4,78.6929950230423,1.1079906428567918,2.0,-2.242801236148161,1.580858,-0.09325493269156974,28.6688837175252,-1.3256545443356686,1.0,0.24342140435825976,0.0,1.5011215660409922,2.0,-0.2730408199734472,0,-0.46434911336806994,0.005405,0.07159730235892946,0,-0.8317728242996919
3,59.7996877310695,1.2434048662186523,2.2088677517862614,1.9051911217514683,1.7,-0.05749323487024528,17.3862864815649,-1.301057241122214,3.0,-0.18957618648398958,1.0,-0.5623136606380009,1.8089193453275536,-0.6170138267225241,1,-0.3639119291216676,2.0,-0.18202955872587545,1,-0.07372800208586676
4,87.3419059908635,0.545910520607112,2.693859,-0.10599109935669679,1.64456,-1.4342804638349547,21.5450139426064,-0.5164190966639989,1.000283,-0.2106688452494571,1.612432,2.590715222215427,3.0,-0.3463322014167841,0,-1.396856306245316,1.201403,0.6785981664960392,0,-0.18988550197056095
2,52.4033657875229,0.15264414611445906,3.0,1.1404040032965195,1.755507,-0.8618139601833587,15.360947030832,-0.6174627960025043,3.0,-0.8719101790313012,1.0,0.21715696257341716,2.0637283023013384,-0.5357859513587884,1,-0.5482931611919417,0.658894,0.07551556996567527,0,-0.24951855567558043
4,105.138212143054,-2.065161752796905,3.0,1.4817425707092646,1.837117,-0.8700140024071931,26.259785752365,0.5750933164113955,3.0,-0.19413192748119762,1.564796,0.11758196628967817,2.509147,-0.0766379829105928,1,-0.1704321285416152,2.0,0.3608205678084271,0,0.2769767007005517
2,44.981582058355,3.938529541387052,2.753752,0.699655503893777,1.598612,0.9575073455336884,22.7483910520565,1.2629725889526493,2.812377,-0.3299994277935558,0.0,-0.9155655713862443,2.346647,-1.8684307604405679,0,0.3643209237076935,1.612248,0.9678259196675989,1,-0.055014993015931185
6,104.767005952705,-0.2319953164181281,3.0,-1.5566537765791295,1.673665,-1.1933362599473876,26.6852079125987,0.5837873049389162,3.0,-0.908510092252662,0.896842,-0.3372054204589753,1.170515,0.5904597456829492,0,0.30717932172997764,0.264831,-0.30746987156753475,0,-0.0701699867862656
6,136.482314160983,-1.7011253920868132,3.0,0.2077967770007461,1.777971,-1.7587336631035329,21.1290240636249,1.6108304332273988,3.0,0.05116929823102352,0.731213,0.3276551125180206,2.702789,-0.323785075879726,0,0.014066701288581845,1.606109,0.21796303679756188,0,0.32278350435085984
5,112.663476876608,-1.7483048109357842,2.317734,-0.6204698174612137,1.755926,1.2704095703773042,31.0115274778762,-1.0996974576042036,3.0,-0.6972354737873501,1.108145,0.4145759300191713,2.152736,-0.376024011135756,1,-0.4969602057288814,0.0,0.07518225041886979,0,0.11531997205653936
2,44.8468556394082,5.073444945663871,3.0,0.2870193047604565,1.599486,0.7199079794754846,20.9805623602447,3.0615209667988608,2.974568,0.01812189678552641,0.0,-2.060617288046479,1.145761,-0.7279621395241557,0,0.3978732439823162,0.87967,1.101695147799399,1,0.302087778918013
5,103.840548891905,-0.09188928381938942,2.748971,-0.8553958507649374,1.660761,-0.5585249422120481,25.9403498882364,-1.4106193633490562,1.213431,-0.6414419680069202,1.239038,1.2962068810158143,1.448875,0.2733813477300335,1,-0.5314395353291052,0.128548,0.21605443747521338,0,-1.1400089382377814
2,43.1784534049745,3.9772439612207773,2.9183508958642967,-1.263040408701854,1.559186,-0.7240084983302929,19.6680315307893,-0.33081425992216734,1.0,-0.0587916448491189,0.751212,-1.0838768369432528,1.198883,1.2141663641690004,0,0.9091093186341048,0.0,0.5972679550243069,1,0.4202381269627146
6,129.263306280498,-1.1868268829700672,3.0,-0.4792722000818339,1.746529,-1.8586991889779236,20.0226959863119,1.250035553630951,3.0,-0.17307353335160325,0.685129,0.05898419801378787,2.250711,0.1496430222266485,0,0.18430773380948237,0.64235,-0.07155096785216909,0,0.15202965788725134
5,120.635948534529,-1.3831443654875635,3.0,2.6864202949751563,1.83,1.198342601564842,24.0398758561712,2.9307178196387698,3.0,-0.18751799280037248,0.0,2.0849090971507347,3.0,-1.793441122026198,1,2.9860798262452612,2.0,-1.084496623420745,0,-1.9647378063785552
4,81.8893251810371,0.8170260962362956,1.081585,-0.5400464068431221,1.627812,-1.1448313407171402,20.2919799013394,-2.11763660009081,2.870661,-0.762157944812169,1.616826,-0.4327905967283659,1.11756,1.5316640288681354,0,-0.3224619899663154,0.0,-0.8069931605652403,0,0.10400269120723289
4,117.822846774021,-2.7235778648591005,2.0,1.5330639445239522,1.931263,-0.7888385127025855,24.0535312421424,-0.29268800589650795,3.0,0.6835411414414244,1.0,-0.20309050743402235,3.0,0.3287324442306976,1,0.03681618605073395,0.743593,0.006850377198212284,0,0.22255401773998823
5,111.43763923348,-2.1581301864019173,2.008245,-0.8380428717598781,1.787933,1.1921363205485684,29.9532227723442,-0.707205036158861,3.0,0.3232160948038334,0.474216,-0.6377609004628049,2.040137,0.25119635599419227,1,0.4240373475077413,0.0,-0.3075530958541649,0,0.3501595384315848
6,113.46697344132,-0.5124954968992744,3.0,-1.3316983565290752,1.637524,-1.5733137419100423,24.3584726153061,1.1332344995053991,3.0,-0.09315002453922204,0.652289,0.2725656072706428,2.36763848203369,0.23299798561908486,0,0.1275711711768687,0.189831,-0.14209475360743298,0,0.2911804425897363
2,57.994182745668,2.0127338305344247,2.0,4.1450121664549044,1.8,1.6427684958597661,17.0853604471639,-0.5721869453798983,3.0,-1.5288048386693276,1.0,0.25085491317924247,2.0,-0.6385343404554664,1,2.7025466719405182,2.0,-0.3979407656114566,1,-0.47630091106771044
2,39.2870086722085,2.5456819378595315,1.118436,1.053143368520721,1.537739,-0.3590954848593283,21.5281491220006,-1.6094080742290564,3.0,0.23547632166594515,1.626194,-0.571312731140168,1.997744,0.4464390452184651,0,-0.5131034868766489,2.432443,-0.5580245006406638,1,0.9822902582812035
1,92.7815818256887,-0.9670528921179836,1.882235,0.3760647261386908,1.819614,-0.909699467012577,22.7439672988178,-1.8061108020762286,1.240046,0.42644565066335594,1.541493,0.5079278258602803,2.0,1.3814805942057824,1,-0.166732084997943,0.0,-0.10643237205826542,0,-0.4762201124776981
6,106.071973349929,-0.5449390849624435,3.0,-1.449005730950085,1.638218,-1.3711961107166888,27.1900022993722,1.1886745775444307,3.0,0.08250973111641623,0.629578,0.4081562361949353,2.654636,0.1770039895410712,0,0.08327197902418693,0.069238,-0.0863054517247056,0,0.4288275880099927
6,133.015868282877,-1.2896173999261185,3.0,-0.12936545146400408,1.754174,-1.679781609641506,21.4277266390483,1.2343766893547894,3.0,-0.47319265842978225,0.906611,0.02205857125476322,1.94595,-0.019221713373039115,0,0.09837643756945999,1.493018,0.05665480576756646,0,0.09706480197827323
6,114.543435647693,-0.5884402108725528,3.0,-1.3635074621733794,1.635062,-1.5643277048210882,24.2180118295082,1.2766239527780894,3.0,0.1245342743714347,0.463196,0.3246500499063004,2.578038,0.1035682450409461,0,0.16429127777725908,0.165422,-0.12009297794678453,0,0.3267222854667509
1,81.69384159836,-0.47182218319458835,2.650629,0.5953605606002258,1.7594709755576505,-0.7612968122842223,20.3645572013068,-0.7097161597941805,1.0,0.38077692053877205,0.938791,0.5790948038188156,1.708083,0.23944545721273228,1,-0.003313843063837211,1.876051,0.2786744766482808,0,-0.6683138089405888
1,80.3324761355314,0.07109698895890801,2.0,0.8393897338683223,1.65,-0.6610227361067014,22.2293938181789,-1.905258569791304,3.0,-1.1171992292870556,2.0,0.6487782822044582,2.0,0.2406512456312645,1,-1.071707561002093,0.527341,-0.059950105904437195,0,-0.12408962570190739
6,151.911367099481,-1.9518431663729117,3.0,0.3428295472663232,1.810427,-1.951263066147921,18.631583926517,1.5783980781282203,3.0,-0.17037746089719774,0.729722,0.08662537973650199,2.299156,-0.2263666799503611,0,0.13826546601610007,1.699056,0.1562474223914288,0,0.09354242916482695
2,49.6933027067342,0.7419833888780736,3.0,-0.4950267379546839,1.737453,-0.38236482892021056,21.6822873395966,0.15043566058614433,3.489918,-1.324750349735001,0.128394,-0.3997617385343907,1.326694,-0.9632506064656583,0,-0.13030603676593067,0.791929,-0.11748603568345917,0,-0.22260504159550515
3,66.204935705529,2.309274527060996,2.0,0.03910771577883687,1.6708674733683977,1.715989660514489,21.154913145909,0.8629411567628021,3.0,-0.549940432443686,0.0,-0.6805879337344579,2.0,-1.3271745951813922,0,-0.9158089102747428,1.0,1.7635981020414122,0,1.353188606068186
1,81.8695549045364,-0.7553956750447138,2.407817,-0.058791697879377804,1.720857511018061,-0.29523386895014403,23.6473347295091,-0.2344398577585313,2.844138,0.3908313824602784,0.089354,-0.6523666535746199,1.8618746596798121,-0.02778567190869101,1,0.5061795450105344,0.868721,-0.24650728638593822,0,-0.21127243224418596
1,90.2752136079623,-0.6506229099793264,2.010684,0.3143080429138847,1.7615636655358051,-0.883448642802516,20.0135757829849,-1.3944888855193047,1.322087,0.6342114065361742,0.973834,0.4009121624348484,2.0,0.8506785757463855,1,-0.004879908602025377,0.540397,-0.08460763400508518,0,-0.5270090785794012
2,59.310406542597,-1.0971338637329253,3.0,1.3250624918629301,1.840138,1.1890612943512588,16.5841096219488,0.16426070676222979,4.0,-0.8262349142472664,0.0,-0.7773406741025811,2.0,-1.9843720347622884,1,-0.11995129867138092,2.0,0.16637690754133544,0,0.34448121088697753
0,76.7314234576453,0.11947770982559443,3.0,1.349382481881889,1.7,-1.042003711008169,24.3652405653686,0.24806451769974266,3.0,0.4934559443780204,2.0,-0.08431709684251167,3.0,0.595193359229785,1,-0.18031884831942524,1.0,-0.07799308937563516,1,0.8955224916108923
5,120.60045005826,-2.4412389387435263,2.821727,-0.8193263540445809,1.76569,1.1703768137452883,31.4947405202877,0.5832145198156108,3.0,0.2860849379407982,0.232858,-0.37474503643058804,2.173279,-0.5379072277399183,1,0.5081989947426846,1.096556,0.08397692944350438,0,0.35619766752764187
5,99.6497598044492,-0.784022407724588,2.907744,-0.16516687111644207,1.670774,0.5799254948562091,29.915701124475,0.14571386059434488,3.990925,-1.2513324501961873,0.0,-0.7833472154588019,1.0,-1.446990116455213,1,0.16379337621493334,1.99975,0.02793975623337475,0,-0.6016298393989367
6,134.289427688003,-1.2958870368574293,3.0,-0.6152930852352538,1.724983,-1.4716414523617178,23.9033472289237,1.3778655053176323,3.0,-0.22485044720750094,0.587932,0.05300815974260235,2.085553,-0.12931241121589448,0,0.22019381411864972,1.271651,0.038766426468578176,0,0.09200737745390021
6,157.979928439889,-2.037450771073187,3.0,-0.14252012371765815,1.8002,-1.9833993381626913,20.1580401362058,1.5584656977148899,3.0,-0.09933127080261848,0.686491,0.11407124042913998,2.351193,0.0037962182631855936,0,0.21597477187478245,1.051889,0.0642020318986041,0,0.0682007749031494
4,79.9456534831707,1.3154506949970168,1.518966,-1.1161730581420883,1.596586,-0.8156648718139035,21.7934894198557,-2.2678411417487028,1.0,-0.18549848639417035,1.094046,1.7015583928567306,2.0,0.4056625938242279,0,-1.02237326538896,0.0,-0.02747331399934816,0,-0.6456743994777304
5,113.976461617097,-2.0648935697682567,2.263245,-0.20732130781268063,1.780731,0.4610653370385069,28.2385812515575,-0.8598669480783354,3.0,-0.40668338872446996,1.836853,-0.10802316061624968,2.092509,0.838191814029628,1,-0.16274083974957318,0.0,-0.17783115232956676,0,0.624917865796868
3,56.0654820655664,0.9045616896520697,1.0,-0.07347954653273531,1.7,1.0797982086071414,17.7534906847927,-2.7173219973107474,3.0,-1.340794768203645,1.0,-0.30568988344680914,1.0,-0.2800272387908521,0,-0.814536044929908,1.0,-0.4543152001197586,0,0.18604648685618472
6,103.344064552262,0.29942616113834364,3.0,-2.09018348308793,1.580968,-1.2613611545080987,27.0744015854713,0.4305516199858081,3.0,-1.0562462094070262,1.0,-0.2364281873513309,1.003563,0.7697305778455529,0,0.2572360535548362,0.008127,-0.41251448377377503,0,-0.08062437110752291
4,108.945727096042,-1.0794281629218248,2.0,1.1749094913304678,1.782722,-0.6276021321677134,17.129575657087,-1.1431999353890647,2.655265,-0.08711068971777013,0.552665,0.34232631196507907,2.297896,-0.5819943176361178,1,-0.44791444157346133,1.0,0.06543023238727913,0,-0.5735118077353434
5,113.722711096124,-1.6953702134703754,1.517912,0.5694819199090642,1.764484,0.04463772216708793,25.4040311105678,-0.7424598014184081,3.0,0.7419033090509216,0.00164,-0.7772697617348518,2.038958,-0.17635512962839495,1,0.43862850968863093,1.590255,-0.24380289939919297,0,-0.2233846645564429
1,93.33764251874,-0.9879167071852227,2.0,1.31326050237415,1.8017345032043004,1.4735165561630397,31.8096094741908,-0.4247881141976484,3.0,-1.5041762029566546,1.0,1.016535641554752,1.0,0.46728591274662645,1,2.9087681169013875,1.0,-1.665822620073874,0,-1.435908638713037
4,84.2015300448174,0.5222784081648951,2.074843,-0.7944971073752436,1.669136,-0.877968603594561,23.5720818511155,-1.1744836149807272,1.773916,-0.2859116062566773,1.0,1.4535278402726042,2.428271,-0.0004977767514656121,0,-0.8952707342652473,0.035091,0.10080121557527541,0,-0.3031501022105064
6,114.601980517495,-0.7121231573744486,3.0,-0.9954883214893882,1.677672,-1.657534687818157,23.2928693246373,1.148124310224061,3.0,-0.10315576700006128,0.737226,0.2589898297016469,2.426094,0.22840913834386906,0,0.0927404483081351,0.294763,-0.10123619457292757,0,0.31090102699469974
0,54.7764251878623,3.5098378136778514,1.836554,0.3590922219637809,1.5788746820953274,-1.0611343234528268,19.3351265111836,-0.03272796455112845,1.865238,0.7540285397854224,1.969507,0.39298304969435016,2.0,1.3086662543311378,0,-1.3904356489972818,0.320209,0.16249951122200879,1,0.9135676728137799
1,85.2375167079952,1.3120659604384413,2.0,1.0086344967089205,1.75,1.7172527355448688,34.6255911943704,2.060777107716318,3.0,1.9140998275855658,0.0,-0.7651994724100087,2.502014953404693,-0.9578246898726148,1,-0.16151865313571512,1.0,0.2906941174255957,1,-0.270848087659228
1,77.725924759794,0.016254220477600275,2.976975,-2.0870299742623697,1.6914941440273552,1.1762354444978276,33.402900158299,-0.4441072208226838,1.346987,-0.7444551172020207,0.879333,1.556986978439872,1.868349,-0.7102657792215057,0,-0.6883047086931583,0.702538,0.5021756591316564,0,-0.0844959349839882
4,81.525705151853,0.9776724172452835,2.0,-1.657877720014339,1.63,-0.5263715921228155,22.7538045163729,-1.3017421014220818,1.0,0.2925396322783214,0.0,1.4216707287328785,2.0877042056910518,-0.251718932596048,0,-0.47242702989906205,0.0,0.04736048460726988,0,-0.8486038832147357
4,78.6589460597748,0.2918464433615807,2.736628,-3.2110879957249905,1.549257,1.650878430798446,38.0642716443084,0.09491046863667335,1.130751,0.21832612288947534,0.0,0.7735831440003922,1.385175,-0.5362974109423155,0,0.23983874372497846,1.666965,0.24587172701055132,0,-0.002134748091254957
2,46.1018629033864,2.773777164351325,3.0,2.235184734347871,1.688025,-0.6587948308408178,17.2023891439462,1.9248863537056775,3.0,0.2618362337500506,1.283673,0.7890957055587818,3.0,-1.4231487296350667,0,-1.8929641385926819,2.539762,1.0455079281232735,1,1.14284264772275
6,102.281236560904,0.22055777496276155,3.0,-1.8584912845481933,1.607734,-1.3273511000044027,25.7171739209241,0.44026606842406496,3.0,-1.0386134238114875,0.991473,-0.28362512079068647,1.030501,0.7443920198568693,0,0.25990283280478643,0.06582,-0.4018396648347991,0,-0.0801868076992045
5,129.426989324946,-2.6159110781150794,2.108638,0.13979881034411118,1.8841339865431825,1.5589691946484525,31.2912789271566,1.0562033361096022,3.0,-0.41359704972762157,0.047473,-2.176481777910114,1.014876,3.6635679636533425,1,0.12393412439127213,0.987521,1.9721041959762677,0,-4.872694910295668
6,114.072002136813,-0.8052795730818083,3.0,-1.043783304995616,1.6708262014380086,-1.5728664317449002,24.0688989688618,1.3456357322798915,3.0,0.1946400059362675,0.516764,0.37347529414209635,2.75137,0.026357675414588545,0,0.11032101828168528,0.324913,-0.043106973732337656,0,0.3956951077850138
0,85.1868071968958,-0.7226725921527865,3.0,2.3039188642286983,1.8,-0.047074596680857575,17.0480421536749,0.9247878044330471,3.0,-1.2228515322388755,1.0,1.584446529007978,2.0,0.048417157755054965,1,2.715295526039252,1.0,-1.4254316561441922,0,-1.0909162173390168
3,55.8571728585945,2.8855466147180633,2.0,-1.0529118727575117,1.54,-1.1936884800768568,22.1877210753708,-1.8098216423968274,1.0,0.19885513619281733,2.0,0.46524987514566724,1.4402133697553918,1.8570611544568372,0,-0.3149153687292679,0.0,-0.5538479453145556,1,0.07858209757596125
1,100.35705137659,-1.6225097471020877,2.0,0.9139248713559979,1.833784342072144,1.8365929100753189,35.3444790466556,0.14910021973913226,2.110937,-0.024309148619109686,0.0,1.78328739637744,2.175632,-0.16824692818544915,1,3.073428481233273,1.0,-1.3115105216208165,0,-1.5034994049408539
1,95.3842208660556,-0.9530771553707785,2.0,2.600389532512101,1.8,0.23392982279114954,17.7853669596668,-0.03389087329384297,3.0,-0.7997410937489442,1.0,1.5707629842174065,2.248994074936859,0.23869165894417432,1,2.5584996714826924,1.0,-1.5748847410110143,0,-1.0303983978658702
0,69.7297431125935,1.9557893803966293,1.0,0.056557391133754784,1.62,-0.06855455827207275,22.0553938479097,-2.0860057283580145,3.0,-1.1426575289677516,1.0,-0.6946503962905533,2.0,0.2937882098371472,0,-0.38380614376103833,0.0,0.6557010798785304,0,0.6468744647692107
4,99.2803128276235,-0.6404335237709664,2.0,1.2973127498433947,1.721384,-0.4674727266117839,18.2950900724684,-1.2216812620277553,3.0,-0.5366023689616327,0.839862,0.21036604356070276,2.0,-0.6870785762806919,1,-0.591955682513232,1.579431,0.056757905588053645,0,-0.43678757210690133
2,41.1080697324838,4.033744151283068,2.927218,-1.5001107632546025,1.56394559024194,-0.5317989778635008,19.3091907974478,-0.24627916063623348,1.0,0.06349906601442752,0.276592,-1.3595153634311157,1.0,1.0336984234097746,0,1.1614545364443196,0.0,0.5286806821396516,1,0.257618539538886
4,93.4695417190918,-0.4003515569445653,2.0,0.5738414825360083,1.709731,-0.6983600909699414,20.3441405523514,-1.6807398892512406,2.973476,-0.7475358863628908,1.331527,0.33101072067627685,2.0,0.1762252642183393,1,-0.674412767663927,0.0,-0.1775997336685301,0,-0.3621659726170339
6,105.230168202917,-0.3779645800212644,3.0,-1.657851589051414,1.629491,-1.2388374325934939,27.763068375186,1.0401434304769284,3.0,-0.16143367713889228,0.604422,0.18834087455545293,2.20979,0.24939560042853073,0,0.18673317938876102,0.114698,-0.1620301538514306,0,0.26892357043884624
3,71.3195560114305,0.03882327445225231,2.0,-0.45125674512380726,1.71,1.5959427131537167,24.4327096441315,-0.6797541020564178,3.0,0.010833303237370447,0.0,-1.9115726833299949,2.0,0.1177391621980068,1,1.0140888695209938,0.0,0.6437631623329944,0,1.0606657973863347
5,119.425110117858,-2.4691398077995013,2.611222,-1.6006578495272021,1.76071,1.7830410782093822,38.8156276822943,0.17601306625507238,2.992083,0.16023371056648286,0.20281,-0.5754737433198759,1.796376,-0.26317765154363526,1,0.6522006361197622,0.641954,-0.040118730079669235,0,0.22759213060573616
3,68.5154724272999,1.640850568954215,3.0,0.8109085752394812,1.65,-0.25632139940602017,15.4053052570959,0.17193136390871658,1.0,-1.5906428693231565,1.0,3.8288522841995714,2.0,-0.5335085680997883,0,1.6334906959962243,1.0,-0.9463936635905154,0,-1.7345154442331983
0,86.997651759152,-1.807466179109592,2.872121,-0.46722874549002397,1.802871,1.110385447176697,26.8833615688773,0.3282899097538723,3.051804,0.18113886115393346,0.153559,-0.7081682937641817,2.015459303794778,-0.471509665068894,1,0.5524139555142424,0.843709,-0.05072795129587346,0,0.39687410573170245
4,94.8695172938067,-0.6498915358766733,2.0,0.7188159340828489,1.701634,-0.17817416174925574,24.6703962000059,-1.3431621084291765,3.0,-0.5699051694579167,1.082838,0.4042542664149464,2.133469,-0.42078052420148104,1,-0.6702909045581258,1.030199,0.05449057529040216,0,-0.30922285085661333
0,67.360592372712,2.635886263968838,2.206399,0.41884697150292616,1.613921,-1.217143378669504,15.812922410048,-0.2351059505711219,1.0,-0.2878616291262837,1.772463,2.2222266705091305,2.0,-0.004229246650410851,0,-2.3426955573899324,0.94893,1.005453008051754,0,-0.0899904473691399
1,92.7789251317978,-1.3178966639267085,2.0,-0.6408610092708692,1.803129,0.28221196429396916,30.576573441107,-0.9210158661224074,3.0,0.06975498247392693,0.163329,-1.2389621100542116,1.199517,0.5679853225256574,1,0.7721650809321522,0.047738,-0.51125895905856,0,-0.46421008859040075
2,40.7220768357529,4.703232912108485,2.844607,-0.613234474106743,1.530875,-0.012499914664595616,20.208864603949763,0.7650269636036904,1.273128,0.1472602749682408,0.635867,-0.8009697119720355,1.69551,0.17016024617279826,0,0.8396410119504722,0.260079,0.5897641018816348,1,-0.2509252674068669
1,83.1496416782721,-1.4750851821737965,2.535315,-2.3769362536748715,1.743935,3.254419896116014,48.0982301265993,-0.9067824517473092,3.0,-0.785520556154654,0.0,-0.35304201270088437,1.146595,-0.9703370863669091,1,0.23527354658130803,0.31381,0.06977196097683606,0,-0.2856127768156775
1,85.1392752235709,-1.255780099521752,2.442536,1.6878013172475448,1.744733,-0.44467192707573105,19.1561849725696,0.5709564636823138,3.0,0.8842031749011954,0.0,-0.22514072204941638,2.825629,-1.1757585255731648,1,0.14664151451565074,3.0,0.2582099105051709,0,0.20594774524408288
3,72.4067094498871,0.01712779564667824,3.0,3.2349980528489786,1.71,0.09952713442649495,13.4794445443394,0.7530985986412411,3.0,-1.3678117926205804,1.0,2.9151962525917265,3.0,-1.4329488611938639,1,1.6507980391197092,2.0,-0.8830567693095713,0,-1.0292973449535787
5,119.213968358717,-1.5264782515701132,1.800122,1.2043372660538574,1.755938,-0.8035306140109287,19.1344742639508,-0.6800658997913199,3.0,0.25200490129352987,0.764452,-0.5070420829757665,2.0,0.1271748971537001,1,0.11260339585154636,1.689525,-0.1910560650787385,0,-0.12633100020962768
1,82.3729682062641,-1.0385965204130954,2.0,-0.947276191064218,1.685127,2.242664606837727,33.9005580078053,-1.1805806282341231,2.473911,0.24954503799330546,0.0,0.5553519342065906,2.452789,-1.2687776310392669,1,-0.3312103041809688,0.932792,0.22442728013867028,0,0.030664426875472727
6,109.617572477559,-0.3009620567791897,3.0,-1.749442890794452,1.626179,-1.3606687475501347,25.3671460415999,1.0127099065658547,3.0,-0.2109386366412814,0.434073,0.0012947579982706496,1.967707,0.2859538211538802,0,0.32019454426635496,0.01437,-0.25940625237000675,0,0.11718246363978942
6,111.042494466243,-0.7261592457542331,3.0,-1.5663050207528435,1.650125,-1.3357560099819847,26.0603103204102,1.430454338028162,3.0,0.42279555687407366,0.125235,0.2941223284789605,2.793763394853679,-0.05490191337609222,0,0.2912848253360815,0.0,-0.10711840505263664,0,0.3496984677520527
3,49.7100330576361,2.107368047477953,2.0,3.5741347944250594,1.6,2.069341832573333,20.1502055132463,1.080651845461736,4.0,-2.4935554255395282,2.0,-1.5439492668153163,2.0,1.892083991345587,1,-1.57171706816506,3.0,3.461955524602081,0,-4.070708225589474
4,82.1232528662952,0.8492314156575294,1.063449,-0.7964557303372025,1.6331788327728853,-1.2318783892912828,20.9836334783748,-2.3228470465581457,1.0,0.4243428079197148,1.482016,1.0226196966205598,2.0,1.5317901526138713,0,-0.5822611899849073,0.0,-0.34935383822807003,0,-0.1793652466322862
5,114.552868079465,-1.9001541686993528,1.588114,0.21436777930359857,1.787802,1.8636875262112405,26.7070703172087,-1.3403531618947953,3.0,-0.03255277806851777,0.0,-0.14545493645878557,2.045023675938788,-1.3031221051639046,1,-0.21134515718713545,1.541072,0.07555003915792861,0,-0.12516745232840965
3,64.7961117375647,2.4545027661063825,3.0,1.9974897777283955,1.7,1.1571209646477465,22.2497443825799,4.504936677349485,3.0,-0.2628381460448966,1.0,1.3241667149171932,2.0,0.5571296063690357,0,-1.31887181916415,2.0,-3.612205072173791,0,0.2345395247815465
2,49.604571225857,1.909039738364552,1.212908,0.9359434610826751,1.690727,-0.17162896062590155,19.7858486917401,-1.5685720289265879,3.207071,-0.07283039025946006,1.0,-1.6629280723410622,1.029703,0.5482061685716895,0,0.16615144850150879,2.0,-0.8190250736784004,1,0.44917937990756757
6,104.233940351245,0.07838959825618871,3.0,-1.9308199292262838,1.614484,-1.2467373062944376,25.2024149003173,0.682709830193312,3.0,-0.6918846285172116,0.543761,-0.3336920987567775,1.237557,0.479477849711,0,0.41327868854321115,0.083675,-0.3885981769951098,0,-0.10401104989515289
1,87.8406099909738,-0.9158165200278624,2.319776,0.3316435503456018,1.7392161055521187,-0.8286053120283781,22.3745994300308,-0.5611742079865956,2.884848,0.14687784060931378,0.954216,-0.3052608724905536,2.154898,0.5672623759769938,1,0.11953075692391585,0.325534,-0.26072536600631147,0,0.030535847836078062
4,106.628886214237,-1.527835948718694,2.0,1.2248492629213545,1.820385,-1.1117914437324807,16.7172320323965,-0.6497264962902829,2.164839,0.8809077263354934,0.676557,0.09433760917954521,2.6329689975376906,0.2917470937258752,1,0.04941761042176759,1.0,-0.034873936325489255,0,-0.17246407141544406
0,85.6936415243503,-0.41956241590430227,2.0,0.09986839354935176,1.7281393621426244,-0.17645974699962405,20.0129517209566,-1.2718353622969003,3.0,-0.08680113070854927,0.0,-0.18070877062034407,2.0,-0.46919242023310864,1,-0.09202735528003331,0.0,-0.2662845904480923,0,-0.5946999595861417
0,90.7143838301792,-1.9602839059917128,3.0,3.2420275865235886,1.9,0.4438844377767212,18.4682442769996,2.1405063778732556,4.0,-0.47644152998214145,0.0,1.1081426867933568,3.0,-1.2153949632390504,1,2.9877571682648507,2.0,-1.2182675690268603,0,-0.6279702076145133
6,105.958966174643,-0.07172438850895314,3.0,-1.7151804894270493,1.627818,-1.3593442075600304,24.8287738215227,0.7432673018353251,3.0,-0.6117264692341106,0.663492,-0.18901958941891892,1.48075,0.477503900331446,0,0.31480088845940435,0.098043,-0.32989826556373114,0,-0.0025547013937938746
5,117.204915818075,-2.3942726385445643,2.1696963573227834,-1.6970622156608604,1.760175,2.047328571257232,39.323989985687,-0.3201111583365501,2.976211,0.3498440805237389,0.0,-0.7573703250088843,1.726109,-0.17290392139926258,1,0.7148347567394095,0.477855,-0.1827327364355546,0,0.16517882457800018
3,51.5111249783009,2.112997731836811,2.0,0.16455262302311746,1.6,-0.697683099499905,19.0474259440848,-0.4660948242768749,3.0,-0.9212182409831572,1.0,-1.3004586083806764,1.7415270240259135,0.5156886541449823,0,0.2838157448625414,1.0,0.6867458653880659,0,1.055787374841529
5,122.285221492422,-1.6654297841335384,3.0,-0.5430344562913129,1.84998,-0.8909453014732264,20.9647952726773,0.12752541575965293,1.971659,0.21579172624735576,0.0,-0.6201884293401356,1.179254,0.44890607342260486,1,0.9337956669987166,0.178856,-0.18898886013533747,0,-0.9969723037886997
5,112.621318891783,-1.70367337375136,1.624366,0.7261622961428056,1.772045,-0.12375787382486263,25.3647754547855,-0.7443052765359659,3.0,0.5579792608942583,0.356868,-0.6382564965868551,2.081719,-0.022426442309972303,1,0.29392205991675874,1.538922,-0.1984180639985682,0,-0.13753404037817832
3,59.8428927501493,0.37105546945496953,3.0,-0.4666561953038144,1.7036802801896322,-0.5990871404274697,23.016369204325,-0.8779799482889507,1.0,-0.15039851187120729,1.0,0.31064995041438,1.0,0.663962437255605,1,0.18662228077828483,1.0,0.055792673791546774,0,-0.8314171922899395
3,53.5850016525412,1.7643530307925743,2.0,1.7894519171421808,1.64,1.1453675662846035,22.7387149224032,0.44368961464383566,3.0,1.0798978772714234,0.0,-1.1435503197876176,2.0,-1.4516383714671062,1,0.55616716384737,3.0,-0.37893157319261045,1,-0.6417267846570037
1,64.045929615246,1.9896391947147478,2.03414,0.12444598805250426,1.577921,0.12352169273646328,23.2531866049372,-0.19496486433510202,2.741413,-0.9528982824402262,1.019452,1.021560387490065,1.996384,-1.2935621064326388,0,-0.9336669635289386,1.276552,-0.04783248150947182,0,-0.9541266732927265
3,70.3528732503189,0.1313812123398421,3.0,1.9570514466275026,1.7072664346356248,-0.5221084648702219,16.8017514613649,0.3089487088193256,3.0,-1.7251843922524548,2.0,1.991068342171563,2.0,0.903125831819982,1,2.27347815690559,0.0,-1.5919380114636414,0,-0.8324731729527939
5,120.080409799167,-2.2722096885227367,2.475892,0.9429261831496797,1.796415,-0.5267075631260697,24.4585359142712,0.7163377798086601,3.0,0.9541591080931707,0.100048,-0.13590477576904028,2.949356,-0.6767150217534024,1,0.30987910101354077,1.866839,0.19403099766255683,0,0.0953273215066361
4,83.3635412641371,1.0356954310402002,2.0,-0.8308014684667765,1.609321,-0.482146510801943,18.5792594273369,-0.9337271323721538,3.0,-0.9739408647796832,0.0,-0.17763613388562394,1.051735,-0.682981208653785,0,-0.22720013934679878,1.0,-0.33445991863296437,0,-0.5924369884458819
4,103.706561775833,-1.1616609889233818,2.0,-0.2936838072879489,1.782269,-0.4110481377717561,21.6558847854534,-0.8313115284137829,3.0,0.17262012419900563,0.0,-1.2754258239877696,1.234943,0.5560297358460843,1,0.8020226209476465,0.008368,-0.6151087114969858,0,-0.5532869216203372
5,128.784528864836,-2.833642517212292,2.889485,-0.19062425976484765,1.889104,1.4583640527920279,34.0299147175161,2.046189806673564,3.0,-0.4503684850103869,0.008343,-1.9064577447391904,1.279771,3.3970240983992057,1,0.19616640181278885,0.941424,2.2068088355639666,0,-4.778742864617955
6,102.508550860364,0.1688475291070129,3.0,-1.9019494811819138,1.610126,-1.236711460574265,26.9021277407616,0.4485748172439438,3.0,-1.048213957999367,1.0,-0.27891493741249046,1.020313,0.7280389875917762,0,0.26244644760129837,0.108386,-0.38218445887769986,0,-0.07849684006558466
5,119.16661816405,-2.4096208484258037,2.09283,-1.4866611224551818,1.75015,1.9257782548197584,37.8167898137026,-0.2955918932480434,3.0,0.4868224526123703,0.0,-0.6512751378987415,1.9469452673760121,-0.2516963345435965,1,0.6348552114870856,0.598655,-0.1577259583207982,0,0.2489054020963703
3,66.0637184005873,0.8828860232104697,2.0,0.6975739692320648,1.67,-0.20087231777103698,18.203726545493,-0.6633691509702098,3.0,1.1890741574986694,0.0,-1.4627061879995416,2.0,0.13894125805473426,1,0.7312578284606843,1.0,-0.6870068781590415,1,0.16621128264605
1,73.5399021818735,1.5657921986898151,3.0,0.28985719300106555,1.550053,-0.7833693518299063,19.5832521537643,1.7547942381776085,3.000974,-0.6250607842722331,1.0,0.4787238642568044,2.0,-1.133576107749184,0,-0.2609030368740588,2.274248,-0.006823203114288994,0,-0.482751805319859
1,79.810770958438,0.021675515365520502,2.0,1.2304451531424043,1.65,-0.5230221240553483,22.4091689082986,-1.7800156691860474,3.0,-1.1340999042274704,2.0,0.6878686666218078,2.0,-0.08847841231851662,1,-1.14501442675592,1.3293662329055087,0.08452961337445106,0,-0.09614908088214934
6,130.778208174471,-0.9074393874649803,3.0,-0.39953004040013745,1.716497,-1.517464991300517,22.0178144695164,1.0073517633560722,3.0,-0.8714022717457707,0.947884,-0.2222608377290658,1.301657,0.054250747551569126,0,0.17882286409075895,1.718543,-0.032986497719463465,0,-0.10219606104289672
1,80.4138194498916,-0.0028920824834718383,2.0,-2.4614162403830124,1.647768,1.9413337879794752,41.8589408645733,-1.6236886933007166,3.0,-1.7952300934988394,1.48189,0.3206127538612559,1.0,0.019840393972491394,0,-0.6864962824704398,0.0,-0.14335183716831323,0,0.24767397201656793
3,67.2839888583226,1.6839771652799616,3.0,1.739698258051632,1.8,0.5515304290763208,17.461712731038,-0.09234529298360611,3.0,-0.842295222676083,0.0,-2.4184588836538,1.0,-0.9486410701152553,1,0.972522542664079,2.0,0.9242790221967178,1,0.007882326072367806
1,74.4755238932914,1.2801162229946281,3.0,1.0880331676652002,1.63,2.02889337879772,19.1299225925973,3.643197299331683,3.0,-1.036558771926624,1.0,-1.0825675377689694,3.0,2.020098472372883,0,-0.7220565318278823,2.0,3.5692479704095668,0,-3.1611217376560328
0,75.2118837868254,-0.48217531102640965,2.620963,0.8326761840260493,1.690196,-1.1790374902170118,22.5384523202143,-0.5379790739711611,3.0,-0.4721517944674189,2.0,0.15152124815899867,2.243971365780753,0.7553360004217513,1,-0.4116051043790426,0.754599,-0.0837220628851246,0,0.38728123745700216
3,52.2593929429071,1.425247616460633,3.0,-0.5652214038283713,1.64,-0.7846277006674092,20.5239129590906,-0.3754833076575212,3.0,-1.8032573645864483,1.0,0.17697780026995533,1.0,-0.4831280960629312,0,-0.5586534023387908,1.0,-0.06035980362068373,0,-0.29748333028678514
4,81.6067677263717,-0.16342546951823458,2.020785,-2.4960194787320606,1.598448,1.8627745596954408,38.2997762444398,-0.4218670382509856,1.169173,0.7371342125797474,0.0,0.8639972104230818,1.972551,-0.6001643277218284,0,0.04027798034145925,1.903338,0.26590100641798525,0,0.21182691972748044
0,62.3404174537403,1.4560014044839151,2.0,-1.5112863444151314,1.6071512123502576,0.9032729763559044,27.0788681850863,-0.8585215282757668,3.0,0.06485948316504998,1.0,-0.9941630683661749,1.5748842524062654,0.738063032793241,0,0.26075170621877514,0.0,-0.7905450534456223,1,1.0362785497828557
6,123.956758156651,-0.6219310904596678,3.0,-0.7869223466175673,1.694439,-1.6710534141182873,20.7454691921759,0.9011447432954294,3.0,-0.7464075693741318,0.840393,-0.22830417445231352,1.409444,0.29185601876798767,0,0.2384297395536478,0.933595,-0.18624504440555686,0,-0.0776123960199907
6,102.335497301988,0.316475364355866,3.0,-2.1961886407802687,1.579893,-1.1748978053553336,26.6536859811622,0.5279474874511376,3.0,-0.9022528702182758,0.695838,-0.33910834612470175,1.005864,0.6199477042655895,0,0.3843078918371198,0.02006,-0.43441503410973864,0,-0.1369151139987594
3,61.6402901997933,1.1294889745291556,2.041082135099093,0.4450475940663954,1.6426064363760178,0.0957949247871213,24.8181397208718,0.4384182386571994,3.0,-0.8725209926736209,2.0,1.0954016972216276,2.0,2.9826865341420996,0,-0.7764945621157183,0.0,-4.773814818305406,0,0.994503195060778
4,108.093186921633,-0.9993481395873142,2.0,1.72269906782834,1.844218,-1.1122718368210598,15.4814549326232,-1.9040129665902539,1.548407,-0.35914694702137223,1.676944,1.1532184023440963,2.191401,0.15874505404218234,1,-0.9554054000741761,1.0,0.2957393165275153,0,-0.7578514834093317
4,100.49749142533,0.013601887535579138,2.0,1.599871283809498,1.75,0.35742064012910185,19.3486159166605,-0.6432607921814134,3.0,-0.6075862903360207,0.0,-1.1721949825356415,2.0,-1.142683237434605,1,0.2966627163502051,2.0,1.2106484184575355,0,0.04828804005776418
6,132.452181458055,-1.2826230048191791,3.0,0.11584543871046607,1.741014,-1.942019729613879,18.8764411409238,1.400444177054939,3.0,-0.17672778572636927,0.87092,0.2671720610540504,2.436261,-0.13305247272867982,0,-0.018000703342021848,1.464674,0.10985609121440684,0,0.26847775605972246
3,62.0859580267156,1.4224619705301034,2.0,3.4370944998510446,1.72,1.5770474418560498,18.5189499904834,0.08468343882329932,3.0,-0.14941567562929256,1.0,0.42142706971143934,2.0,0.7603603555256339,1,-0.7055187003633953,3.0,-4.369054639405269,1,0.3788354581223943
3,61.1539581412225,-0.13065969710214373,2.0,1.5689179662495352,1.66,2.2781004112719705,19.926249242256,1.1011498594170934,3.0,-0.4803946961437922,1.0,-0.05839323903380703,2.0,5.795649602570828,1,-3.006484092144722,1.0,2.7073644060081175,0,-2.015682245997852
1,82.6990042716286,-0.7327517039492145,2.265973,1.1929439488573597,1.726774,-0.5663068687810056,19.5753729306101,-0.3819611851347099,2.687502,0.24478317785301987,0.648522,-0.30577407264151546,2.0,-0.26517654909781024,1,0.06476335710399762,2.21722,0.009935955663225797,0,-0.07410945984462058
2,41.8355928970699,2.9707432464824377,3.0,-0.4446333323295292,1.546551,-0.734299332198261,19.2166625577546,-0.2802176506002653,1.735493,0.01351065675753699,0.74568,0.8313163097204301,2.1499260778980798,-0.5733270200025287,0,-0.5410712736975078,1.193486,0.03031290704964185,1,-0.014374419165516983
1,80.3858816291142,1.8935256262044142,2.0,1.5681305166734554,1.72,-0.4388525207714628,19.407997680508444,1.4618226929536855,3.0,-0.3021434531304575,1.0,-1.0135020283285787,2.0,-0.09934512612887268,0,-0.7059060948249566,2.0,1.7271191272072852,0,1.3979619275526014
4,82.9395749563471,-0.43777335794510763,2.036613,-2.325926464833791,1.610867,1.9079017080903782,39.2400611168218,-0.1538271434819068,1.81698,0.6070774822518725,0.0,0.5624602077986374,2.112677327369297,-0.7143029730297891,0,0.0733150836927527,1.851404,0.20059832549653356,0,0.4575755620188816
4,109.419869320106,-1.9223944664475283,3.0,-0.7293467666440333,1.77,1.4500355992959713,29.2781180983702,0.4937433211645761,3.0,-0.34707580374231495,0.0,-1.041130866565633,1.0,-0.7788638771463556,1,0.7888849663637816,2.0,0.01696159101337952,0,-0.061515878252075926
2,48.7132863550587,1.531303562314981,2.969205,0.6281344067615576,1.704167,-0.647121678314526,22.459081132852,0.32397712214744157,3.21043,-1.4833871267387617,1.300692,-0.14329951575969915,2.765876,-0.5241071088499586,0,-0.46899585667814325,0.611037,1.3345808522003133,0,1.1189723204131083
1,79.4777029186776,0.9020940835376883,2.492758,1.180127890286937,1.662669,0.09057115007567516,18.5771450494513,-0.20461627809312716,2.270163,-0.5270564041801375,0.864583,0.9259881700138387,1.992586,-1.3976198578832293,1,-0.6241364902872378,1.452467,0.14344201712654328,0,-1.5158023044235498
1,78.4859975218429,0.2789545920006535,2.821977,0.37507991191795326,1.654757,-0.8109389290417227,17.4201697479417,-0.8521742493655151,2.044035,-0.4917327574313484,0.854536,0.9010909655115291,1.954968,-0.5208233788969248,1,-0.5875246219402408,1.0,0.21890928497262538,0,-0.6685467359192855
1,80.2706714195566,1.1678141961503454,2.0,2.8181805055746354,1.65,1.2335863530630795,21.5557044513493,-0.2872510511250752,3.0,-2.205706463923979,2.0,2.8573818419162627,2.0,-0.8322043084813635,1,1.4507851364290931,1.0,-1.4087592500705832,0,-2.1555651831951104
1,84.6631036472427,-1.085020466088435,2.765769,0.9828306409536035,1.754441,-1.1743827097078594,16.8047104973043,0.461320930450894,3.0,0.6306070795446811,0.42683,-0.15084563265339787,2.845134,-0.22546152865421473,1,0.17180467363472487,1.0,-0.020655812645773756,0,0.22328639001941647
0,69.3322653985592,1.8664729674215974,2.0,0.6262365975905398,1.616366170189678,-0.005590754066098893,21.5624728551804,-1.0428490834101103,1.0,6.577161362325565,0.0,0.8760401662901335,3.0,0.16835813472785968,1,0.6894105271971817,1.0,0.4883796002423498,1,-0.5212190001016317
5,118.321608436878,-2.275759963625176,2.218599,-0.9275100907715467,1.75015,1.4038543951857543,32.4239525847964,-0.19492647063661903,3.0,0.40068557338464317,0.262118,-0.4947739490922663,2.104337,-0.23689994333539663,1,0.4564994596073029,0.766007,-0.11197868241205067,0,0.3481400159288096
4,90.7473607638971,-0.5374172418078085,1.036159,-0.9293780090221658,1.639383,1.4089706176657648,23.661443466609,-2.2638576381971016,3.0,0.02722567487642427,0.329367,-1.216735071270865,1.0,0.5144160070258611,1,0.4001277018141673,0.344013,-0.7976111928954348,0,0.06630439769016779
3,61.0158861772222,1.0680629947305404,3.0,1.0783285330904269,1.75,1.2607541892872711,20.9684855720293,2.255794783074504,4.0,-0.29483162321111095,0.0,-3.9450067932228317,2.0,3.7233621084842463,1,0.8039958309484463,0.0,2.623066168593898,1,-3.080022753394703
5,129.688042942925,-2.8251463219716926,2.633855,0.48291280953553406,1.906821,0.10969102264888368,32.5931334007365,0.4203717520277584,3.0,0.0046110527845214105,0.424612,-0.8060068799401346,1.619305,-0.24426237891552124,1,0.627654850246767,1.847802,0.12861694006199317,0,-0.3825395315417939
1,83.487214213937,-0.9166137084982574,2.1903563771900267,0.05486904937759752,1.735343,-0.34930261894891595,25.7144864007239,-0.6109214102247446,3.0,0.21679879935307672,0.630866,-0.5539652487886253,2.0,0.3899326002475201,1,0.2821216211469066,0.451009,-0.3031272821142731,0,-0.01968530896059886
4,91.4940659467746,-0.44955503097900607,1.220024,-0.42073067353120325,1.680171,1.6859020785717007,23.9387027524342,-2.6750950843039294,3.0,-0.8226347161774616,0.61599,-0.46550953331154643,1.046254,-0.2919977614218874,1,-0.33826921230262597,0.520989,-0.42336405364083696,0,-0.28151513264343214
0,67.2557493095679,2.615080759977469,1.620845,0.4631967573202921,1.616366,-0.8864872876485365,17.0356913702463,-0.8514199714537302,1.0,-0.06873746813901226,1.657098,2.084098369959015,2.0,0.0846503378678903,0,-2.354479829763968,0.926592,0.8840383013717197,0,-0.10565339940522799
1,79.4215503169864,-0.6500897401112328,3.0,-2.5507739017641353,1.698626,1.6866150791977028,38.2667734925711,0.45971351571967345,3.0,-0.5654337662838619,0.0,0.5680591103234218,2.3106932117001864,-1.2224846549369328,0,-0.19652256049689912,0.0,0.20616671004689996,0,0.405324429329635
5,122.153211094916,-1.9284860784152422,3.0,-0.4254067358478911,1.84995,-0.7188097912567564,23.7441345256351,0.3936765001975931,2.272214,0.33345529132912427,0.0,-0.5641683553562589,1.555534,0.2289795477561094,1,0.8652683635716235,0.348839,-0.10583736168529487,0,-0.7482587734540815
3,54.6681425670454,0.9534188319811733,3.0,-2.061743335107306,1.5,0.41620731567999353,22.4057266140291,0.8056578495653772,3.0,-0.12845329933644647,0.0,-0.03271266383838964,2.0,-0.7116944660524906,0,0.1598030921528586,1.0,-0.19440392849431698,0,0.8443684606270133
3,48.4117497203572,0.9472742211703113,2.0,0.9097658299014981,1.55,-0.9179953225743442,20.0527896039062,0.07936142977399828,3.0,0.24685178676041733,1.0,0.6261477244452721,3.0,-0.7392144747839474,0,-0.7534234571118318,3.0,0.16164927829878556,0,0.968004899698801
1,65.3431956080051,2.6698873951430353,2.0,-2.099386037636392,1.532897,0.7657282468552394,27.8655676981061,-0.8941259221677902,1.0,-0.41007281190288414,0.0,1.2052426909387393,1.0,-0.88457764225785,0,-0.29216640946889677,0.262171,-0.18364367573502233,0,-2.073925007411566
3,65.7660609822687,1.1828312899736872,2.0,0.9340319902102652,1.7,-0.2741895960382898,18.6238369868059,-1.7374418930717124,3.0,0.02424961730560738,1.0,-0.5720249401838469,2.0,0.2052299861097493,1,-0.2334359578513539,0.0,-0.5294485500416275,1,-0.08412920618803575
2,52.2701930586173,0.17019015109612673,1.133844,1.333790132824232,1.717826,-0.8127413433242554,16.9048685228476,-2.4861422927762886,3.0,-0.09728483624937127,1.708309,-0.5367917066861017,1.9560211078914447,1.2602645613073868,1,-0.40324076213659005,0.227985,-0.6290166886280563,0,0.28004212682558505
5,118.704018536994,-2.435395899645216,2.499388,-1.364786858652273,1.752863,1.6412669638155277,38.9592199810143,-0.05369161020042317,2.989791,0.059968182529845176,0.64676,-0.350590574236672,1.959777,-0.052849906042859066,1,0.4032378542885778,0.6081,-0.013106061000008839,0,0.3815145948770783
1,100.648492220671,-2.557421548378289,2.0,-0.5127749573441118,1.903832,1.8878716808356315,33.7190524935003,-0.7206146819399886,1.863012,1.0034338137387369,0.0,-0.23901574568480813,2.196471,-0.27080326028578716,1,0.50910951259528,1.0,0.12528399725266942,0,0.007966101813385262
4,79.859562590695,-0.08873276808265804,2.002564,-2.538122329338218,1.565366,1.833416237046784,38.0915921385799,-0.2736944622920922,1.974233,0.4622302329036574,0.0,0.43134875032102143,1.935398,-0.6076456181146987,0,0.09490537148974733,1.649299,0.06674871892391976,0,0.45886251867486044
5,120.419757079047,-2.4645862619558083,2.702457,-1.6493212957716354,1.75,1.5637818713875067,38.6250807723689,0.2368068630418849,3.0,0.14979474624113726,0.419055,-0.3785874768351016,2.005194,-0.10364104097787966,1,0.5437045634967893,0.325313,-0.031122093749955154,0,0.3387913213600237
0,74.3602937876432,0.4381463785176749,3.0,-2.1308907058042093,1.647514,1.9677937743783298,35.1179329780947,1.6459824303679533,2.725012,-0.2800629161291081,0.0,-0.03001889360647184,1.62244,-1.2898401299496736,0,0.46963669405441605,0.902661,-0.10897614145125648,0,-0.4173435148980162
4,104.665609651008,-0.6941610465584004,2.0,0.528898411384492,1.79,1.0186916378039745,22.0460972887482,0.4600288663657453,3.0,-0.06975278524572578,0.0,-0.5127300017780045,1.0,2.3989483859343363,1,0.660580874420263,0.0,-5.031886169020178,0,-0.28467020078861915
2,60.8779694916669,-1.1895900395234071,3.0,1.2634337762339558,1.845399,1.2699089456104602,17.81630708251,0.18230207786300076,4.0,-0.8235458844283347,0.0,-0.7734030047318893,2.0,-1.9879452682180978,1,-0.1073342190561891,2.0,0.18244920098335526,0,0.34066813150437697
6,111.233034885822,-0.634638414741662,3.0,-1.6010447436880388,1.641849,-1.3587280380465518,26.0495811865091,1.3318975970357565,3.0,0.2695778394012393,0.244205,0.2647746070264922,2.632253,0.04037793358222845,0,0.27045143050062526,0.0,-0.13355181219740847,0,0.3155726121113711
4,92.4008775484023,0.17735574677442872,1.70825,-0.18077978611206275,1.706343,-1.1334604057527267,18.5851163227886,-0.9905539735020663,3.0,-0.7374113517505906,1.0,-0.7413922837803644,1.0,0.7615618136499466,0,0.04509549620445651,0.899864,-0.5735842348094309,0,-0.07348881820913139
2,50.9487096372895,1.7134913705974488,2.562409,0.3425678341758148,1.67231,-0.8920570462191941,19.6683909637336,0.13913995025944437,3.488342,-0.14527873135438413,1.0,-1.2532628617106398,1.67062,0.3624731070858353,0,0.26799994307575237,1.1764084519038027,-0.6108741595768692,1,0.7393808623923561
0,77.4573117646868,-0.0842770978372185,2.839048,-0.25067897658346316,1.752944,-1.3021736499353573,21.7753273062686,0.34998888226015207,2.10601,-0.15762661680735823,0.967919,0.3948249075650546,2.0318075614859006,0.2357813000721113,0,-0.0959749791524237,1.117311,0.0789264194347021,0,0.07824072604239667
3,67.2630553465187,0.3630901683099888,2.0,1.5545322887797497,1.85,-0.3048061835721954,17.934197060991,-1.3428059972329045,3.0,0.1173006408955903,1.0,-1.9755357293855895,1.0,0.8838449551432814,1,0.649103824994846,1.0,-0.7437111406941277,1,-0.07281105126789461
1,82.7069806309262,-0.7614919610405255,2.716909,0.22074136115323706,1.71338,-0.391431212629576,23.1469730123495,0.16293451384312538,2.598079,0.3804118558077003,0.176892,-0.33473285332930713,1.9552004406350412,-0.3426326655296605,1,0.39536225029423017,1.600431,0.0034325243586597744,0,-0.2177640467358293
2,51.2908792898305,-0.22582681923273185,2.708965,1.1978950714830205,1.767058,-0.8847036196239614,17.1329788455474,-0.3463945888742181,3.0,-0.23230411713481894,1.0,-0.5775739406317846,1.873004,0.16328814757559837,1,0.06331934514762515,1.21718,-0.15776206390460817,0,0.11638586848412326
2,50.0261895400393,1.9151152140526895,3.0,0.6534007805731126,1.647811,-1.1015129716740362,16.6987043983901,0.677051571962025,3.566082,-0.4443649844506681,1.0,-1.2806224394908445,1.438398,-0.023131178102846192,0,0.2712670771386647,2.0,-0.46898093856632334,1,0.7021126936583902
2,48.7991087408973,1.7523485581144755,1.053534,1.1327830679796256,1.732096,-0.1412021014125699,18.4963753654181,-1.6921269271317088,3.378859,-0.02915740318675072,0.861809,-1.9418932014640138,1.0,0.5729211770606173,0,0.26009351807577435,1.853425,-0.9174714246382273,1,0.44528970503855864
5,121.144764764518,-2.320865895640661,2.906269,0.7294971909351212,1.852664,-0.8329705274871302,23.2873648015566,0.804181761489022,2.894142,0.4586293101405401,0.36216,-0.31785231942641917,2.435489,-0.2553097182740344,1,0.44894140679896505,1.266739,0.12495442477535693,0,-0.12543912658079343
3,74.0099389642211,-0.7150145626108536,2.0,1.0735749693022638,1.78,2.266719346917009,34.0583084357144,-0.6474054521772116,3.0,0.5840047485744432,1.0,-1.1047837090379287,2.0,-0.5635336330984636,1,0.2328268840387284,3.0,-0.02203876978219862,1,0.9291107610000664
5,118.71266613206,-2.287577879983872,2.117121,-0.027231044802699892,1.76714,0.9231703488420381,31.30805042004,-0.6850976763758868,3.0,-0.1815083151586369,1.556052,-0.06565742242384116,2.193008,0.2986229931023894,1,-0.15694534085875841,0.992829,-0.00027343111007248024,0,0.6347990677554792
2,58.9574178557166,-0.9454815397699369,2.5596,1.529026235066769,1.819557,1.2070766346040915,16.514946441466,-0.4489994951548943,4.0,-0.8760034087151983,0.331483,-0.7098619320129983,2.0,-1.7229965954359914,1,-0.3348742351056721,2.0,0.08459497955757193,0,0.4217252029835798
6,132.047615070916,-1.3679675599642611,3.0,-0.38167406585234614,1.752206,-1.4633479681909713,23.4664131496841,1.3538337664261568,3.0,-0.276342744329587,0.646288,0.004543711742465299,2.054193,-0.14955428114126174,0,0.2016472906706455,1.414209,0.06662263187377179,0,0.09467646840959744
1,91.2011299444606,-0.6050001949815987,2.0,-0.06753563658761139,1.8,0.6144288104230564,30.9808089518315,-0.38566650547108805,3.0,0.12057632814576165,0.0,-1.9595836842471863,2.0,0.42721745436480946,1,1.1933043758448998,0.0,0.7311120014613484,0,0.45706913959308576
6,133.753564302189,-1.5231487952116842,3.0,0.18363358345636813,1.748524,-1.8891552892250678,20.455924146458,1.5900042016786782,3.0,0.09178449859486189,0.83509,0.48268830510411814,2.868167,-0.26834779346025645,0,-0.08724739126976633,1.48372,0.21310020000502405,0,0.4196211761812894
1,84.8499665853921,-1.334171052048171,2.129668,-0.6083652271198221,1.7101567025991995,2.1939619743302634,35.1009362720224,-0.9494062914990812,2.693646,0.0833718582994241,0.290898,0.6135081217743724,2.60669,-1.3281918243051873,1,-0.45715922688616323,1.170823,0.3313506400307691,0,0.20619434132197162
2,52.2439310746251,1.0847878640569857,2.0,0.8161569060666911,1.691206,-0.5426296460288549,17.3552470401902,-1.0152896004559826,1.630846,2.0036817600333525,0.369134,-0.17029657070658674,2.975528,0.45287182055408914,1,0.2828364865383882,0.548991,-0.3554915410876391,1,0.2056126843749474
0,81.3905905918095,0.65029899438526,1.0,0.9548468008439294,1.77,2.5557152162939136,29.5700896857327,-2.2927927101579515,4.0,-0.5741291135074474,1.0,-2.4053068824783415,2.0043107382534715,0.08186687739981242,1,0.3247427223756548,0.0,0.39534863054058816,1,1.3526670668490357
5,112.691500834228,-1.5327490104207697,1.168856,0.6805057321890743,1.76414,-0.08984426284209045,22.4359310403166,-1.2220373234146262,3.0,0.8253098805388304,0.00159,-0.8933071792999037,2.013205,0.06823152241710805,1,0.41657484554019153,1.246223,-0.4156562068805594,0,-0.24745545830296314
0,70.4329318580454,1.507669283040539,2.0,-1.4212852946767185,1.65,-0.012602966795539586,24.7543416016946,0.030906998717557338,1.0,0.8557423639019183,0.0,0.8315823435214459,2.0,-0.1633281961916374,0,0.22080173405959,0.0,-0.2805042104630423,0,-1.3733470040598885
6,125.603928201812,-0.6313818688806405,3.0,-0.4570544799081675,1.683124,-1.6605349508025125,20.7066133989533,0.9579373830995415,3.0,-0.8324985136192852,1.0,-0.11523561639583049,1.4211038601895791,0.11813482298947474,0,0.10526270307800703,1.541072,-0.069560045521148,0,-0.025392673623666342
3,57.356330577226,2.878025726284783,2.5964894221384305,2.62491060562718,1.7,3.893324549269336,24.9864577467295,4.513385446538963,4.0,0.45219436748840797,0.0,0.8726779488655507,3.0,-1.5501261981545493,0,-1.5101344149854143,3.0,-3.5226830008032364,1,1.123108049026341
1,88.9036777668874,-0.9609315171161078,1.34138,0.34720148126897965,1.799742,-0.43245493460409695,23.5045496695132,-2.0355919425950164,1.94671,0.6280899366606731,0.975504,-0.13952872337738956,2.0,1.1254505606460274,1,0.043829116925924234,0.0,-0.3697805804614943,0,-0.339519037503602
2,49.4803026738935,2.0023000990954776,3.0,-1.3897636716013047,1.65,0.7979909813574293,38.0722868054847,1.3489541677982984,4.0,-0.1848184489639464,0.0,-2.5914433087501036,2.0,0.1219540681904684,0,1.4274787284273593,0.0,0.4812943350508667,1,1.510274438147587
4,79.6480989871641,1.028583059351898,2.0,-1.4539682389150208,1.6120457100032992,-0.24606419924117173,24.4953480576213,-1.221245595127848,1.0,0.19500884973351662,0.0,1.4316724777150414,1.9496361985425976,-0.5799941934565195,0,-0.5264982618653004,0.852446,0.18280814570905685,0,-0.8530683391478036
3,64.1757211458968,0.9907221308386158,2.0,0.9515650626798076,1.78,0.48155077032699684,18.8660965960322,-1.5993177984064757,3.0,-0.06077629138074258,0.0,-1.5206051511915168,1.0,-0.4304172213565596,1,0.39676515449769284,1.0,-0.5690606857754542,1,-0.6420800285648722
5,109.072804438841,-1.72109949905251,2.305349,-1.7073717415470164,1.735851,2.7434881496189685,41.0822626747992,-0.9214367579428407,3.169089,-0.8486997850803888,0.0,-0.49137846391971907,1.02161,-1.0819981617913548,1,0.20154281485747902,0.908981,0.01947319705085389,0,-0.385745381287871
3,57.5241112180301,0.8990986807320112,2.0,2.770178806023978,1.75,1.3346695131783426,18.7739203726155,0.13916729028008748,3.0,0.1486236710279766,0.0,0.446044158671313,2.0,-0.42768930572291214,1,3.221988717916868,2.0,-1.8282316816837159,1,-0.8899062852912526
5,104.709541933202,-1.244494380437828,2.501224,-1.1673606908666168,1.73325,2.2663563353092306,33.5752180893312,-0.9786659151864029,2.049565,-0.5800618870320777,0.0,0.1370747826543959,1.0,-1.2675822954609504,1,0.03426238086295975,1.746583,0.29941101183977326,0,-0.7256609054885144
6,136.307621054417,-1.49605529274727,3.0,0.12607299191217083,1.755643,-1.602145881904453,22.107976546162,1.4603473081520617,3.0,-0.2891981090157066,0.838957,0.1766216604422486,2.2186178981250326,-0.314870667569,0,0.031993197331857355,1.978631,0.20063544739410072,0,0.18841332239833997
3,56.0699124464267,0.9119784324440855,2.0,0.4417945912910406,1.7,-0.09083057978720409,18.5057701198387,-0.7078685746415402,3.0,0.07598953380884084,0.0,-1.967592979848578,2.0,0.4313245776048581,1,0.9963279798733665,0.0,0.5357550630655422,0,0.5896729735806476
4,82.1644997563019,0.644486467850373,2.274491,-0.564251600139603,1.62826,-1.5680132570467196,22.0372367718417,-0.7929710067173327,1.0,0.10516418900592629,1.73107,1.521818982619239,2.2695,0.9011287001834134,0,-0.6890835453344067,0.946461,0.1511071942633003,0,-0.0035280580517622574
3,70.8977453793841,0.5358375366271216,2.0,-0.06161531861082862,1.7,0.05238389360677308,24.0243865063295,-0.7552266274546342,3.0,1.2207583996342701,0.0,-1.5092148602281785,2.0,0.5275024731396717,1,0.8809179378763441,0.0,-0.7891565365639465,1,0.1254247085806711
1,90.6892678009074,-1.404363942814847,2.0,-0.29165392396398343,1.835381,0.19952227749853502,30.1073792816537,-1.0226944709764054,3.0,-0.08893352724450558,0.453404,-1.2130639057161867,1.18423,0.6694773072392097,1,0.6551898386673279,0.155579,-0.4703471796891537,0,-0.41305174104479353
5,122.575272674529,-1.7130576664380333,3.0,-0.5160610254851903,1.849998,-0.909899926410015,21.0494391205241,0.17850892224245143,2.014671,0.2680085465617538,0.0,-0.5854581972212939,1.292786,0.42844436717616224,1,0.9146948288080526,0.145687,-0.17908102213300084,0,-0.9434423156699943
1,84.4611372763268,1.8026025556632506,3.0,1.3417835189738583,1.75,0.224139771386078,23.2636041285686,1.9009402429069402,3.0,5.566850291024476,0.0,-0.5365479368943038,2.0,-0.2934438537188295,1,0.3224877028130667,1.0,1.019812036037872,1,-0.0043740348337888936
5,116.846207167736,-1.8383225242832304,1.469384,0.4932603905211404,1.78968,-0.0758904582355275,25.4690102609342,-0.8950225443799592,2.996444,0.7115049596617483,0.150544,-0.7808944072813144,2.067741,0.11430576394967029,1,0.4309189516636946,1.082236,-0.3163451281650224,0,-0.22089916920726296
0,86.4173606257962,-1.444854757117738,2.971351,1.5983807117545337,1.814255,-0.7635535465145797,19.8335447260831,0.7095312848530582,3.390143,-0.1076514705993729,0.678618,-0.6361106767924016,2.133767,-0.5840671101305683,1,0.21447425673745527,2.318492,0.13461269832261577,0,0.15455300598023644
1,78.4612254192917,-0.5575180804343962,3.0,-0.6642240200576996,1.7,2.525801745588157,31.6225451412615,1.3475840203954537,3.0,-1.001066711844485,1.0,1.0301940300276973,1.507638,1.5161115420963263,0,-2.1427596063894705,1.82434,0.8829117209362858,0,2.7426615640659135
0,69.2453928074613,1.5622780047119191,2.0,-0.7717281910485279,1.644682,-1.1843922396418876,18.3721178219375,-2.1840774974775785,1.131695,-0.997141373722695,1.59257,1.395235645179347,1.344539,0.6763053668938676,0,-1.026370694140972,0.0,-0.06337746675979612,0,-0.7368140523098713
4,82.8000922550884,1.0138261149454217,2.976509,-0.8737379974713603,1.617192,-0.9913000997100886,17.4963069156747,0.04150287877899051,3.0,-1.4160276696212712,0.313016,0.06048335070835136,1.022705,-0.7663991539080766,0,-0.2410922955794204,1.02569,-0.11781401675258163,0,-0.5511861970143628
3,63.1762182366305,0.3424222141800575,2.0,-0.10067460810940657,1.69,-0.8630015205125212,22.9608573305858,-0.4686981839422695,3.0,-0.2644524639396148,1.0,-0.1822991977030394,2.0,0.3428315408077026,0,-0.20192419757049018,1.0,-0.28697068425098127,0,0.4372750724829623
0,70.4576821634845,1.4010450374791215,1.206276,1.5260030926316845,1.6925035020071422,0.3876164820788796,22.5041078615864,-1.7978882797825806,3.0,5.424064424322283,0.479221,-0.7947401838933975,2.155969303041244,0.5232069977054997,1,0.7708681172017336,0.94984,-0.0909225231451431,1,-0.1384275075953209
6,103.641999548501,-0.3392874430196933,3.0,-1.3679431134869593,1.63073,-1.4733221502995386,25.2321453678408,1.072598817295597,3.0,-0.07576878149929998,0.683736,0.307633560294489,2.436097,0.23733579050750703,0,0.08462691793656649,0.129178,-0.13872342823783756,0,0.36605954722234413
3,75.8550284573248,-0.10322595163159402,3.0,2.8131100926210912,1.8,0.9293532695150322,19.4638812461454,2.7341920273901903,4.0,1.0524782089942737,0.0,-0.5819880531244398,3.0,0.903716904647138,1,0.5113592866943207,2.0,-4.571321323364771,1,1.1539760876016925
0,74.9574590928707,0.01628175701157952,2.0,-2.1256580277787536,1.657496,1.0105737720546442,31.8208122066653,-1.0126314777811498,3.0,-0.9414488788474136,1.112489,-0.5692014506314387,1.0,0.7091744479383179,0,0.06369947549396855,0.0,-0.5283520823267972,0,0.5678185331914026
5,121.48719381737,-1.9865258724857098,2.591292,0.5598827536347039,1.783609,-0.6553304707676316,23.7217387756348,0.4841160021537674,2.956422,0.48615949181731216,0.281815,-0.36044176033680275,2.31083,-0.2961922040220753,1,0.4121154347578142,1.48524,0.03601714557685159,0,-0.13527575211640472
6,133.79903963469,-1.256138066592723,3.0,-0.03398370002299179,1.7199,-1.834340115414213,20.469672529347,1.423155111301829,3.0,-0.18924856441577165,0.873936,0.316438367658431,2.41752,-0.17338306750698823,0,-0.028070620358917872,1.556155,0.13191112583829562,0,0.27240856781085265
3,71.5305668572644,0.6294946633729145,3.0,0.9607686042946766,1.71,-0.9019936509586238,18.1685713580914,0.11977016909835433,3.0,0.35213527063720806,1.0,-1.0719148831502197,1.8872453449706061,0.415010115542158,1,0.47955716602516585,1.0,-0.4149229895123873,1,0.2803603390567527
1,82.4563851439261,0.06387329928714311,1.9739507883020708,0.6131946730541638,1.7480256366250886,-0.15933773752613717,24.6593561783131,-0.8569609342550141,3.0,-0.39474812937292325,1.0,-1.6107565235974055,2.0,0.9245553262946978,1,0.6679151224143387,0.0,0.6948383510222114,0,0.6870968346461623
5,121.618438293215,-2.5029915389109805,2.808027,0.6155226158175678,1.872561,-0.6053501320930345,24.5669261636576,0.8431821164599775,2.683061,0.8571185360016461,0.0,-0.2543890200815834,2.640483,-0.43190193718642134,1,0.5549333866587406,1.280191,0.17755722348771458,0,-0.1904722294683945
2,54.7026364572175,-0.24585307653144045,2.0,2.574249002120765,1.7300072005124132,-0.5175831145560282,19.9987827336662,-1.3627592737875112,3.494849,-0.7653756600571641,2.0,0.7186354310796211,2.976672,-0.6643185339675773,1,-1.3944453517506599,1.94907,0.29091724001088626,0,0.5049980770582113
6,113.51009443375,-0.6647347953450262,3.0,-1.350288111051847,1.650770914111606,-1.4275584256638651,26.5286162582154,1.1640564802050883,3.0,-0.07249694121379566,0.692608,0.3159104984785102,2.435978,0.20856513494043125,0,0.11029278009800839,0.232742,-0.09107247781345539,0,0.32877610216642156
3,50.614567679623,2.227530341448037,1.0,2.9429108103529122,1.702958132003478,0.5649355342642162,17.7752183121506,-1.3956725841054978,3.0,-1.2725090081205424,2.0,0.9162910166319224,1.3784838558828303,0.8818824345885881,0,2.147947231974157,2.0,-2.0700611456154894,1,-0.397872849868237
3,55.4763710166221,2.0881783536784853,2.0,-1.0788393106281755,1.53,-0.8558522556097911,18.1562254882249,-1.6595076267820972,3.0,-1.5158362132834102,1.0,0.1410983305618104,1.0,0.1690039702473514,0,-0.6731486381965291,0.0,-0.5166402474631613,0,-0.30553656680463126
4,89.689995653119,-0.05114208282865673,2.496455,-0.34772683589960923,1.685633,-1.2911076076774246,20.3644042857172,0.3092625844671349,3.0,-0.33253828845148353,0.732265,-0.19716777092219392,1.850344,0.15423242395279943,0,0.03878196514477437,1.066101,-0.22474916614993248,0,0.212244026541289
3,67.2063255402587,1.4781337829769945,3.0,1.8170500120305204,1.75,1.923444467862055,23.7186480657269,0.8834674599337632,3.0,4.418782786391627,1.0,-0.28327175197333243,2.0,-1.0895872897256353,1,0.7262690569737789,2.0,0.46865674247186856,1,-0.5066939776118985
2,52.6223033922806,0.9755304759374415,2.051283,1.2490981308265379,1.732862,-0.7744282770202593,15.4468529828752,-1.1050546198494542,2.645858,1.0440831698114867,0.897942,-0.9774187737618227,2.35752,0.8131887998242336,1,0.3093879348170677,0.291309,-0.636691494453887,1,0.3673179358452724
3,57.0338935342012,2.735729300061312,2.0,-0.8480281724320825,1.6,0.6747989872051645,30.0784100979753,0.05812927427187197,3.0,-1.3715637959788893,1.0,-1.470435409407426,1.0,0.325085310622679,0,0.6382312237025979,0.0,0.4124203429144621,0,-0.1813157677609672
0,75.5714591684597,-1.1553263473265774,2.0,-0.29555683871850413,1.741785169488636,1.3696102473546288,24.3616130405506,-0.7273595713680627,3.0,0.4344932356765471,0.0,-0.87065853341422,1.9100979091275538,-0.37546480148215383,1,0.44231715488127105,1.0,-0.287734981690357,0,0.3805013315177341
0,70.2692977326058,1.841341318586672,2.0,0.656761042780605,1.62,-0.032755128351567755,21.2511607577231,-1.0375856331628293,1.0,6.57776273649062,0.0,0.8697259052119107,3.0,0.17169215041594096,1,0.6922352887569644,1.0,0.487270510864887,1,-0.5273542889025488
3,65.3186001436139,0.35636370042385673,2.0,-0.0010665988318111271,1.69,-1.004109629864161,21.2301467657906,-0.46286255915151386,3.0,-0.26445761693369024,1.0,-0.18933545944633667,2.0,0.3546973065260072,0,-0.2062549694716427,1.0,-0.30344731022678106,0,0.4225109989470502
0,74.865610756496,-0.5732496638192413,2.178889,0.2589489393143286,1.694633,-0.2535914452724985,21.671270801068,-0.29186933717417307,3.563744,0.24935135467540476,0.0,-1.1096983576620651,1.853991,-0.17524647312686192,1,0.5132965713488266,0.997731,-0.428027978366331,0,0.028405518420412532
4,107.138429774532,-1.5816006891194965,2.262171,0.16812067233158537,1.791415,-0.6236423244181515,23.9531037937856,-0.3354918914633765,3.0,0.30115222840651806,0.508663,-0.6202795844084639,2.03415,0.4089705420828258,1,0.42450030533039446,0.317363,-0.29169720098543506,0,-0.1572140932480712
6,111.821171629609,-0.7725351960313331,3.0,-1.5628523288551237,1.65632,-1.3182200771633463,26.3475964934614,1.426383608216459,3.0,0.4059619158824504,0.138418,0.28129335805489813,2.774014,-0.04347578002895745,0,0.297240002404219,0.0,-0.10399638056436963,0,0.3407401804937837
2,45.3110923955509,2.948439643321815,2.0,0.29766164191141614,1.6,0.8491318467579259,23.3325326497494,-0.16194135234585444,3.0,3.646678696270168,0.0,0.9995364998857996,2.0,-1.7253274372376513,0,-0.1354764197152169,1.0,0.4451639020346914,0,-1.466124742711551
1,81.0587925665254,-1.0164516372378367,2.0,0.12652516916662596,1.726701255670924,-0.4983383574577891,24.0231961628019,-0.5004514765949977,3.0,0.9348203110700284,0.322405,-0.25764011817100724,2.879402,0.26344017551201454,1,0.21557987331062148,0.0,-0.2995211680059396,0,0.23865859440561377
3,49.1612061786492,3.1946186229810962,2.0,1.2331297710948543,1.5,1.825508561763695,20.7509847620605,0.44179590149296044,1.0,-0.9315900807536024,0.0,3.844660332811026,2.0,-2.3884801231766346,0,1.680450788989448,3.0,-0.9567279971484195,0,-2.662488542690481
0,65.4458774188422,2.6783545246121636,1.321028,-0.09891341208439916,1.608914,-0.569451835532476,17.6117455250718,-1.050739909912842,1.0,0.3734980100451664,0.965604,1.7883334192409974,2.0,0.0474427220614549,0,-2.0432675215876115,0.371452,0.6803183152065744,0,-0.2466050056050005
4,88.0314973953002,0.5130031824138479,2.370327142754008,-0.7283961494934411,1.650052,-1.0910023939341693,22.7373861020007,-0.7751645724715558,1.2919,-0.01644900528440373,1.0,2.015510039530637,2.777712,-0.24032912037975326,0,-1.017032024960304,0.432813,0.3623509759114803,0,-0.3254604835937512
6,105.82412338745,-0.3727778220082693,3.0,-1.6395387835464765,1.62658,-1.3462087138207033,26.4093964210134,1.1039053672867027,3.0,-0.030337846589670505,0.503896,0.21825371955730816,2.347322,0.21904669168358018,0,0.20167432991256065,0.008013,-0.17612938802012726,0,0.2903446721248761
5,101.397607954042,-0.7291572967183816,2.525884,-0.7883033967410076,1.712905,0.9060854733516848,33.8762233380356,-0.8862217176696866,2.040582,-0.5141769676376499,0.023959,0.1920130143341586,1.0,-0.9331474953604023,1,0.060631811300213244,1.67036,0.25526220456144716,0,-1.2201113553143665
6,124.623779579866,-0.41356802009529964,3.0,-1.0584333601291565,1.666194,-1.6939280276159767,19.6315527516621,0.8782092763689565,3.0,-0.7471629591003265,0.639561,-0.35108895574051385,1.228838,0.30080140973970027,0,0.35652760538331546,0.792553,-0.28047771735020904,0,-0.18580218627244488
0,67.8566181385903,1.916686317949173,2.0,0.7278522761559646,1.62,-0.08633754061061892,20.2628096182583,-1.0597636593024438,1.0,6.574885707600845,0.0,0.8558217126407283,3.0,0.17349491057465896,1,0.6829210434324248,1.0,0.47523585518508216,1,-0.5210664147859062
3,65.9904218038889,1.1760578268138502,2.0,2.2224423291335165,1.83,0.8182404155727039,21.6334522967405,-0.6937788047973459,3.0,-0.04828459166873704,1.0,-0.5668446219984008,2.0,-0.9321752141624408,1,-0.18775949798235758,1.0,-0.34224237283348974,1,-1.0351545170856065
6,102.136881464507,0.09736370090549257,3.0,-1.9255336571613852,1.611452,-1.2200486980303606,27.272614214393,0.5396138095459598,3.0,-0.8856587722060719,0.912345,-0.2065469543579915,1.223279400976584,0.6647642666258315,0,0.2633031397325293,0.03465,-0.35827814311419864,0,-0.02072338464917883
5,127.958681637743,-2.4131950039002312,2.927187,0.08020085711706022,1.86198,-0.45862219368312523,30.9889946732525,0.3323580624708562,3.0,-0.4232868364733704,1.015467,-0.5984344672382887,1.508796,0.38000510814554317,1,0.47336327988901783,0.902776,0.0021376431324453406,0,-0.3209665300892837
6,109.876132693625,-0.4408684250698359,3.0,-1.5389924660519334,1.618867,-1.5172396929628142,24.5630628142214,1.2605291325939865,3.0,0.1887433495032344,0.380695,0.3292544652740823,2.618198,0.11187085187168115,0,0.18784695708694657,0.0,-0.15338908059586331,0,0.345654561195871
3,56.4704868056183,3.3969970051968756,3.0,0.4715721627380265,1.64,-0.362314672640518,17.9631275613126,1.306746614493219,3.0,-1.8308432879683718,1.0,-0.676973381789689,1.0,-0.5435542152059939,0,-1.0122197555387615,1.0,1.76437395948474,0,0.6981887462333664
2,39.5391228401544,2.7492638392087936,2.703436,-1.414957157750042,1.529724,-0.693500898553898,21.6473616688266,0.019275810631298046,2.884479,0.23100825193844735,0.322307,-1.0438151449825042,1.439962,0.5289738824287629,0,0.5770664580701345,0.144627,-0.8008046972936281,1,0.39960297455249494
4,82.6848787501987,0.8912456104910988,2.340405,-0.5192737945792374,1.622999,-0.8215120489936063,18.7870556830783,-0.6195384623516201,3.0,-1.1528602092021365,0.548539,0.2126246050112346,1.385290589289863,-0.5875928631350915,0,-0.4933599009900511,1.006884,-0.1568468451850452,0,-0.3631935214169117
6,151.238789852744,-1.7872168168217175,3.0,-0.15234085025172325,1.787195,-2.096980715348152,19.4993931810788,1.3757074253179231,3.0,-0.2434633054650167,0.914492,0.15446272931803814,2.304716,0.20834882712034997,0,0.12211346469167508,0.82666,0.012505109871267583,0,0.11868570058412821
4,81.1156716626072,1.1354859754138675,2.319648,-0.9044370290890368,1.602129,-0.788715609611378,17.9708167829044,-0.7272131839968188,3.0,-1.179320745285186,0.30402,-0.004636563306046557,1.107164,-0.5035346810201059,0,-0.3180964737622214,0.692123,-0.30316120045894285,0,-0.5139297607896709
6,113.113169478739,-0.8567581401231508,2.9802500853747746,-1.392836252479132,1.668537,-1.3647290106297827,25.070963975572,1.4978043839177804,3.0,0.5192466208518531,0.028583,0.2683988017719651,2.868679,-0.15135091430595482,0,0.3157285944337026,0.115369,-0.08400358487452003,0,0.34380475427944196
3,60.0388182601159,2.042045594275455,2.0,0.6335579283482948,1.68,2.4094297795669073,22.3843194242683,0.40506565370606706,4.0,0.2502125767273502,0.0,-3.0040293392503936,2.0,-0.5475042978702098,1,1.4187801809403715,0.0,0.08546744574080381,1,0.6998773051080068
4,76.5394556397284,0.7826979841372257,2.13683,-2.63174224728543,1.556579,-0.20213463036565044,31.6071991459044,-0.4534666083122846,2.092179,0.24921131560545054,0.0,0.054785313421662186,1.505381,0.45347322883160585,0,0.3706574459267238,0.0,-0.4034170953893631,0,-0.23803946719280739
1,77.836963064842,0.0022891321250334776,2.0,-0.6568078553321036,1.7,-0.4155598635888275,24.7235524423378,-0.3869907940205567,3.0,0.1705428761634263,0.0,0.6542696421719649,3.0,-0.7763844406177165,0,-0.4974037864326002,0.0,-0.04795676577782447,0,0.11057710555815249
5,129.687094249499,-1.9776013247467623,2.0,0.8022550112868824,1.92,2.2162403356529414,30.392329046091,1.8016680537672007,3.0,-0.4287075872216144,0.0,-2.1214385446802884,1.0,2.9452186134227696,1,0.18533258577213355,1.0,1.8760998763397638,0,-5.8505481428931105
1,81.8421654458277,0.1358754011376367,2.042762,-0.6690375315108515,1.6900517356864397,-0.9320266851274441,24.2150563392083,-0.5517524904103075,2.9774,-0.5311904359722776,1.029135,-0.3652839790634895,1.522426,0.6885067646258496,0,-0.015192975979197375,0.501417,-0.4252087320115622,0,0.17203016509689806
6,103.665606772192,0.12227824442175374,3.0,-2.135356402874244,1.610086,-1.1120646087139487,26.709566994461,0.6111692138004975,3.0,-0.7947770930840498,0.539074,-0.417754021659179,1.050564,0.5371341554528005,0,0.4663908030946903,0.026033,-0.42100675726890263,0,-0.1668924007734818
6,103.09933924003,-0.3343634479542292,3.0,-1.509093938091264,1.609401,-1.4049511667691676,27.3156847745653,1.0997037964309078,3.0,-0.020165777247256853,0.778632,0.48074413183742054,2.613504,0.2503317223329702,0,0.002083082995062143,0.067985,-0.0974208636611127,0,0.46555735041821616
0,70.9673907310296,1.2032916381627028,1.452524,0.655847771908689,1.616467,-0.9166329160266375,20.580772683847,-0.9387906237695226,3.950553,3.898303134698016,1.194633,0.15624325508091555,2.430081397727023,0.5321586288321208,0,-0.06093412526867227,0.508847,0.06200647356089395,0,0.45397364635184184
4,104.117588294495,-1.263613720048891,2.393837,0.3812591455138661,1.7425,-0.7251046357044127,21.4024189094606,-0.09559623356274023,3.0,0.2819243520438124,0.41322,-0.5452744694602326,2.01499,0.06939568631242538,1,0.37397149830254134,0.978815,-0.2038245426356487,0,-0.14340218952825756
0,71.2247577597436,-0.36718077162511314,2.0,-1.4355448978289025,1.674568,1.5446181968035484,31.2847796843736,-0.1374799663521425,3.0,-0.012470446166815367,0.0,-0.5345128654536981,1.701835,-0.6789684657449253,0,0.24021711959796269,1.682271,-0.16635783551046518,0,0.6667182875469325
4,104.350903587124,-2.2411982436200564,3.0,1.660995849319263,1.844751,-0.8990302071631311,27.6301321488255,0.661409244478172,3.0,-0.05280506666834109,1.758865,0.392359629628269,2.925029,-0.09241694377785951,1,-0.3399459425048827,2.0,0.46830511221043347,0,0.4749836039146816
6,102.823087648217,0.08712728864689044,3.0,-1.710244048062792,1.62414,-1.3950277110146678,25.284429043587,0.5091657570779613,3.0,-0.923290023676565,1.0,-0.20671053134449904,1.2364274518904141,0.7177940428949696,0,0.2228842589880041,0.030541,-0.3661953541593925,0,-0.012678946026548477
5,128.616735993273,-2.6037219289366655,2.206119,0.17315930745303426,1.909105,0.1256146128062232,29.5297493698852,-0.14190621438356435,3.0,0.2109149774480828,0.0,-1.2112915351943887,1.3813086533087617,0.028685822901393477,1,0.867538818604126,1.113169,-0.19603911328506543,0,-0.5824418708986758
6,131.973273681797,-0.9806822352173316,3.0,-0.32123101540737636,1.729045,-1.5388233902487445,21.6586245349501,1.0209251949217117,3.0,-0.8676049666493827,0.94232,-0.24468583029283855,1.302193,0.04673070514693632,0,0.18833144518635717,1.742453,-0.02681749380917152,0,-0.11275884303303114
0,70.4009580178463,1.8433162144734498,2.0,0.6651331409559615,1.62,-0.04403655587660256,21.1087255932927,-1.0374186618090464,1.0,6.577727016022934,0.0,0.8690254210225078,3.0,0.17260760940825096,1,0.6917948572889318,1.0,0.4858822642516467,1,-0.528388587969952
2,41.9464278321294,3.984395302333101,3.0,-1.5167381151112838,1.53777,-0.5913838686877891,20.9808564010924,-0.07704261702976732,1.0,0.1711121983571828,0.466169,-1.0205437566437194,1.387531,1.0016802402159781,0,0.9899546717756679,0.0,0.6366854926381046,1,0.44980042671461856
3,59.1445206853654,1.7055192813281594,2.0,1.7613652407234914,1.69,1.1105053532495315,19.1949906407842,-0.040163830234704746,3.0,-0.0044325533628194885,1.0,-0.8061525841163337,1.0,2.6287846130329537,1,0.32195496650107647,1.0,-5.179275073262702,1,0.3804218786871011
1,70.066005222095,1.22055474636261,3.0,0.20716741967356428,1.621048,-0.9115292484949462,19.1918795918266,1.7942718402351379,3.884861,-0.8847052936946077,1.0,-0.2189856893999551,2.0,-0.7382400501786976,0,-0.04488675394173612,1.0,-0.3507855090134998,0,-0.25891531904858994
0,78.1365616839994,0.14903746479709695,2.915279,-1.0238290630944504,1.754813,-0.8817914159523903,21.8934129437457,0.33259402040013286,1.104642,0.3443810319780695,0.0,0.39957522627747366,1.530046,-0.07253336027528931,0,0.3675875510696428,1.360635,0.1428860715907733,0,-0.6080944913985064
2,60.2555007742047,-1.1349774804902084,3.0,1.2631200864037757,1.841879,1.2390971002352775,19.3458428496048,-0.025295828338500373,3.732126,-0.9309543885333699,0.384662,-0.48013466572579566,2.0,-1.774432438995414,1,-0.2899461549358736,2.000934,0.2626374934628293,0,0.3428012273533462
6,104.408868224429,-0.007786940208238778,3.0,-1.7201562763233522,1.642392,-1.3331348377321162,23.9758765878138,0.6492159714383651,3.0,-0.7415300975894883,0.603736,-0.38968411165978567,1.204055,0.521641307844622,0,0.40771714206831094,0.094851,-0.39067236984167436,0,-0.11873788491679398
4,80.469342933013,0.6193072665842484,2.5498217953898994,-1.567355208965151,1.632118,-1.1380293145954854,21.2791098270416,-0.02065332413334068,1.482103,0.4902388945007328,0.128681,0.5416893057843204,1.911664,0.30306275279287886,0,0.2045068128087805,0.4210970753340548,-0.13486236778387178,0,-0.31998950049323177
5,119.178110503267,-2.2999757148521125,2.312528,-0.2805800510279701,1.759772,1.0129356324958925,30.8831361384279,-0.26826408235244753,3.0,0.035721010209135956,1.035711,-0.17984432366724276,2.208068,-0.032467514297432234,1,0.07772724282771183,1.07672,0.01946171952144853,0,0.5373142674231057
4,108.646991841014,-1.8070497651521327,3.0,0.39380411512856833,1.7937999555789006,-0.6836771645457416,25.9824624574978,0.640734091067256,3.0,0.06084180692121633,0.680215,-0.31760787662831186,2.143039206379513,-0.09152621329107712,1,0.3465481843758246,1.2238300750731632,0.08046262807501497,0,-0.05923167853100797
0,68.3714087116372,3.6265750589167056,2.0,-0.05032353953382946,1.62,-0.41922485197826004,18.2754977774724,-1.615350109833325,1.0,-0.7851078165587196,2.0,0.9254252781438225,1.0,0.4615097338050898,0,-0.7632090582080993,0.0,-0.4539782783396679,1,-1.5340408253673148
3,67.9786399651869,0.548036024688818,2.0,1.381307006571216,1.74,-0.4712903328977659,18.9850941694438,-0.9813348226990455,3.0,0.6876552563230466,1.0,-1.2473295587467554,2.0,0.6228594300583277,1,0.34956132691631925,1.0,-0.5872205905840997,1,0.33606871215092965
0,67.8912932325878,0.6551584408433417,1.188089,-0.07021194212673784,1.617749,-0.8388836103370644,21.2153925977107,-1.3200780801515382,3.269088,-0.12707659818823644,1.043108,-0.3221810624676037,2.039535,0.6058733230409006,0,-0.3422809055744113,0.779686,-0.5738175478243469,0,0.5426766056047614
6,112.451347983977,-0.7781136467525616,3.0,-1.6783957412500345,1.668951,-1.1724115373617303,27.4255623370768,1.319106694678997,3.0,0.20788469868896292,0.138629,0.08981941051424648,2.426833725860621,0.020256571775527105,0,0.38778592762274994,0.043101,-0.1452130736396961,0,0.21046962097401128
4,88.7831895580309,-0.9936795729541745,2.0,0.07241480933043715,1.7198588231328744,2.0820094397618076,29.3942041135682,0.6380222382389178,3.0,1.0134127350275093,0.0,-0.023201699063760937,3.0,-1.3807505616532123,1,0.25736891115055893,1.0,-0.10313440403982332,0,-0.19163884059304598
2,55.1534264796768,-0.7060722927444203,2.0,1.8700181109607044,1.767335,1.230283546785433,21.2560586129854,-1.4887381569522904,4.0,-1.3176620913011812,1.679149,-0.1622900074004748,2.157395,-1.0201486242499402,1,-1.051547519621292,2.0,0.10549901510828023,0,0.8019339843077252
1,81.0789602635683,-0.8168938191134849,2.0,-0.3486552334340271,1.709428,2.499040176169969,32.6483093011064,-1.4794711385569723,1.044628,0.41857284079360174,0.0,1.1608607087491558,2.01051,-1.706669680006744,1,-0.486326447232213,2.805801,0.6946858788772461,0,-0.5273461339080022
5,121.783084115788,-2.0110559758688624,3.0,-0.06559021986549254,1.849307,-0.7197329802783391,23.0585591541232,0.5749699775074971,2.510135,0.32575115811136335,0.0,-0.6101433904237679,1.693362,-0.008664640046966427,1,0.8065498550679437,0.769709,-0.04972800308925385,0,-0.6105198858868753
3,66.7695597379358,0.12246199944132649,2.0,6.016757266220385,1.82,3.5088878620977724,22.5061923034366,3.1956110546745458,4.0,-1.1515618535899057,2.0,1.1091627600644491,3.0,4.969862766163296,1,1.172587852609062,3.0,-3.5298077679529416,1,-3.6381302302115395
3,72.2777721068126,-0.4215223767976021,1.0,2.335416377012457,1.82,0.5397002822303152,21.1954750776169,-1.012298006008749,3.0,0.900619935457726,0.0,-1.678304701299062,3.0,-0.36475714022835487,1,0.5910305909870244,2.0,0.9576498881784555,0,0.9325354677921133
0,61.3805619933438,-0.22181700105048013,2.253371,-2.3015583000024393,1.570811,1.7293523521659568,39.8325747313333,0.31572077327802756,3.0,0.4256579602597217,0.213437,0.32079936537090564,2.756916,-0.6929049147420216,0,-0.05284289200921723,1.016042,0.0216117892495773,0,1.1827349000917873
5,120.690660326095,-2.1033479049010766,2.403421,1.096558184335964,1.7908070781670233,-0.5963617533105737,24.9256737377457,0.28868437120120605,3.0,0.40047264274860084,0.707768,-0.16473930259766204,2.490613,-0.3146712721277008,1,0.12652282595427236,2.0,0.15654809578764278,0,0.052076985883566095
0,66.1932202516013,0.42001798410409186,2.108711,-0.1548796060684777,1.6,-0.7279032568771256,21.3331535744799,0.41449764948769224,3.0,0.6188520736911887,0.0,0.09731960637189653,2.746197,-0.711710587831124,0,-0.06926117185458801,1.910432,-0.07359612745946537,0,0.5555281305011291
6,105.573107984348,-0.3415527203695273,3.0,-1.4937134523599518,1.6649215704827471,-1.2765405333599693,26.150446804292,0.8117881115900698,3.0,-0.5408311139048306,0.73421,-0.12179887983713639,1.66616,0.4174876538356728,0,0.26307143110559994,0.210351,-0.24205770040270752,0,0.07719046482608856
3,63.0458100944887,0.40429410951812694,2.0,-0.5835355731791657,1.680253650182812,0.24187537483193122,33.00809324167,-0.9925085900922914,3.0,-0.9353914680927716,1.0,0.5703352855274346,2.0,-0.5303084536621683,0,-0.8006172761016848,1.0,0.07110175764482989,0,0.06632183634098653
5,121.736371913705,-2.4815810821118465,2.758394,-0.9905047376818439,1.775416,1.0431737871706888,33.2208530370894,0.25370078718106737,3.0,0.06825878141966048,0.716327,-0.26661413909497467,2.161303,-0.02250511118200411,1,0.3695019068802842,0.428173,0.0019248830875207878,0,0.42549567096621493
5,120.677978348415,-2.4032893346590902,3.0,0.6920354886816137,1.827279,-0.929097121141539,24.345369405624,1.1081958425689924,3.0,0.7082434015978577,0.396352,-0.010955721476431006,3.0,-0.3597570832979096,1,0.3241164905959746,1.110215,0.2096667391515628,0,0.13217317081346372
3,55.3334120729942,2.7467947315451804,2.0,1.4055762968888845,1.6,-0.4607445158158638,17.7076275861483,0.12990578360505955,4.0,-0.479467970678455,1.0,-2.3849802287700976,2.0,0.12973785168046126,0,0.5610761681542842,2.0,0.4605938756024523,1,1.7007404797040349
5,115.410268101992,-1.8061608393189534,1.735664,0.695458291886948,1.788239,-0.22181399987576803,25.0690842225553,-0.6494926195913967,3.0,0.4927329307299939,0.39174,-0.6589537763674976,2.041536,0.044332880801819255,1,0.3300848557615859,1.392406,-0.20099529825535,0,-0.1687464299709683
6,110.916166414607,-0.8158244293165318,3.0,-1.5073741563106924,1.659557,-1.3344789324279158,25.7892219622765,1.5272367131551745,3.0,0.5746498001086464,0.010056,0.3213830375022765,2.956548,-0.1469996654558947,0,0.3097404932913094,0.0,-0.08263335367890276,0,0.38340176846148033
2,49.6891213104903,2.3487661909376194,1.0,2.294763440800105,1.7,0.5380456442566122,17.0487020246643,-2.2424241372127356,3.0,-0.14492185586703604,1.0,-2.972247826193527,1.0,0.7951412718399213,1,0.8230206874718446,2.0,0.24880281155555461,1,0.7349860917128854
2,57.9760930348692,-0.6042180311896382,2.0,2.0323602733885435,1.777108,0.8575171284376703,18.0288109100818,-1.7125744226400044,3.092116,-0.9512166575280383,1.839862,0.5055064797700382,2.426465,-0.8527161875989508,1,-1.2464275630805643,2.0,0.2811526020204642,0,0.6243920949200188
1,86.302686985277,-0.12012705179522969,3.0,1.0598065522954747,1.751278,-0.33955808673776045,16.9143039655236,1.4216324330583336,3.0,0.1545240031745695,0.155278,-0.4470528667774103,2.0,-1.0452831290464468,1,0.5193317419850545,1.271667,-0.17300417824163328,0,-1.0895137232537209
6,112.485994573136,-0.9296976700617966,3.0,-0.9628622025209483,1.685482,-1.5096015221683714,23.917364907539,1.5100985913351557,3.0,0.4463185478520424,0.283804,0.39061942221970725,2.987718,-0.1671297857858532,0,0.15947652736233886,0.387074,0.0013291202665544563,0,0.4397100672411199
6,110.901889839038,-0.628978194553666,3.0,-1.596589281803271,1.6411441848479043,-1.3492808388686912,26.0241893539681,1.3420493877799642,3.0,0.28256624612014436,0.224559,0.2630066110133598,2.638896,0.01989073299627438,0,0.274272890094981,0.022281073236332175,-0.13033150417545641,0,0.3163186815443084
2,55.5954887687826,-0.761761603640108,2.0,2.104831254950583,1.762073,1.034868434589626,20.1698121239254,-1.3967178891834557,4.0,-1.1627424244196343,1.807465,0.08302770324234893,2.542415,-1.0469894143837253,1,-1.203844197626002,2.0,0.17319298807633093,0,0.9662352718561595
5,121.476901860831,-2.1629136862221485,2.996717,0.49132443854096003,1.815514,-0.9194708126759477,21.893281271986,1.036196882073706,2.791366,0.7414281009386187,0.034897,-0.1992303483006964,2.626309,-0.43182268853479866,1,0.5274488203778721,1.194898,0.13396710678474252,0,-0.14828800357227662
0,85.1901468303236,-1.2359646435037668,2.459976,1.5527296581104697,1.804099,-0.7968665095382756,18.8752858013133,-0.07641610843421993,3.30846,-0.06346436405770098,0.871772,-0.6642060159030779,2.078011,-0.12121156682253041,1,0.10946335920158415,1.779646,-0.07029954864058317,0,0.1385771456967209
3,58.9081369850228,4.084631363221189,3.0,0.050925107794517546,1.63,0.18522111776787598,17.5827586759641,2.400653888712201,3.0,0.11980925487132518,0.0,-0.16788641567929452,1.6188295639781898,-1.3837117721432293,0,-0.7678321562027046,0.0,0.16693817282173806,1,-0.6818741864574784
6,106.064245897973,-0.35525953006960903,3.0,-1.5374239892615877,1.642098,-1.2957083021364564,26.5327923000586,0.9597852529439341,3.0,-0.31242518582233153,0.657221,0.0695936791706095,1.9964742915463451,0.2989459475630284,0,0.20864731515617388,0.204108,-0.19030382512040064,0,0.19120076227459765
4,79.1958467780906,1.1925145287560612,2.0,-2.01353975242732,1.581527,-0.3233152311073294,25.425063564617,-1.3309454667295473,1.0,0.23957813236047787,0.0,1.4797351037001425,2.0,-0.27690068774869403,0,-0.4833801733186097,0.057758,0.0477810167611194,0,-0.8438105495920747
0,89.0677674969317,-1.0831643487521625,1.8656935374493133,0.3190742700119498,1.855543,-0.4544413573104855,19.6291836841723,-1.2975721549313208,3.0,-0.11667877627009797,0.37465,-1.4766776079565473,1.015677,0.823098079472313,1,0.6864851989476582,0.0,-0.6654855671874181,0,-0.532317878831143
0,69.8096180957298,1.8569567548769856,2.0,0.6728425054196183,1.62,-0.0459052447982838,21.022195135347,-1.0420271501680722,1.0,6.577174683103807,0.0,0.8667746506461146,3.0,0.1722455394586382,1,0.6902642460908539,1.0,0.48455417469858775,1,-0.5262993885249706
5,111.281109341135,-2.073794317048785,1.947495,-0.8145765543382941,1.773181,1.1548419687617695,29.9768049783356,-0.8263884820789194,3.0,0.2671139647325673,0.618087,-0.5735861531987786,2.042073,0.33179460041313474,1,0.3424568903125201,0.0,-0.3168695831137323,0,0.3856891631553985
4,89.8867672475401,-1.2445301542142564,2.934671,-1.7682376955259744,1.676595,1.3518095384393385,32.0979686970494,0.17737565341351633,2.119682,0.5659221866315218,0.0,0.04903513564346757,2.041462,-0.3579825516547375,1,0.5260055785570449,0.578074,0.06252279372939712,0,0.12658543208686948
4,110.256546074262,-0.9459330082063772,2.0,1.3308328031231516,1.811738,-0.9639495011945239,17.5592120429164,-1.8528789808232062,1.202179,-0.044348469745499206,1.47574,1.4497720804705252,2.36293,0.0606696680786006,1,-0.9378908429156047,1.0,0.38015744787258293,0,-0.8325725316635533
0,73.124807658701,0.39876279809852877,3.0,-0.37034114966921167,1.71,-0.8272481380953068,18.8318206632066,0.47195453424307793,3.0,-0.7045310698218548,0.0,0.28469659786244794,2.0,-1.1571027810594445,0,-0.26793923835385036,1.0,0.09203984520551285,0,-0.24043501968549288
4,81.0430858212352,0.7107430822734758,2.864776,-0.6549331535831621,1.643220040631732,-1.1209913605103599,16.9324017987087,0.1920764805986318,3.0,-0.8239472263374479,0.186414,0.368183323783579,1.876915,-0.8428693457086781,0,-0.34598232953422975,0.631565,-0.05476170294106558,0,-0.27540998126285804
0,76.8354649650178,-0.6828438741622087,2.0,0.2990700441184098,1.722465611390193,-0.19779483213472232,22.0695842142247,-0.5887070979482635,3.0,0.5674282090627526,0.0,-0.7912059624033718,2.0,-0.08105273731856859,1,0.4460818642638273,1.0,-0.33269916425559926,0,-0.1080537448634664
0,79.4138710221935,-0.7326811148881239,2.217267,0.038735468788451084,1.745033,0.19223376138533532,27.0856073641624,-0.6745595778551093,1.193589,1.0806555296377183,0.0,0.31158632823739757,2.0,-0.29367225298722793,1,0.30791396132002063,2.0,0.23807186890701587,0,-0.6417920626479229
1,65.4440697055632,2.3229695060162836,2.294067,0.1262928461022549,1.509408,-0.37469082758762745,19.7580382982963,0.11197184403959437,3.209508,-1.2972889640616156,1.261043,0.9797290413697584,2.0,-1.2287608030998516,0,-1.0246103208810373,1.103088,-0.14432618213692808,0,-0.7605505867806976
4,105.617479057141,-1.4831024747055943,2.282803,0.24375373947413495,1.762515,-0.43470657607063634,22.9861016782397,-0.022560351409468195,3.0,0.5759670178994614,0.0,-0.6741822884383792,2.104264,-0.13491282706958702,1,0.5438364801254847,1.0,-0.20676842970651385,0,-0.19843775622626858
6,129.537298743597,-1.0721161256831986,3.0,-0.1810671326004445,1.738717,-1.7327475135459327,20.5616588061678,1.1192661618109179,3.0,-0.5917748216749786,0.966181,-0.026961223357909105,1.797041,0.06998187193771971,0,0.09059437527080108,1.427413,0.0027784974782865675,0,0.06803722893741533
1,72.2166219871407,1.3285249942515633,2.942154,0.0658105198330122,1.599999,-0.8019620575319879,20.0614625982163,1.672164231919775,2.667711,-0.1688211358419895,0.805008,0.6603704959835816,2.377284236391778,-0.946935378825447,0,-0.1869872955382842,1.524405,-0.01720297385755918,0,-0.5189357031747972
3,61.1143111626338,3.386255763227181,3.0,0.5135482948400106,1.6,-0.07767961265303848,18.6367531933547,0.7286697144362129,1.0,-2.19264590179582,2.0,3.9230128436808003,1.0,0.3654977809368662,0,0.5006771269403018,0.0,-0.5027869480234785,0,-1.507113110366648
3,75.3051488894162,0.5613258988734025,3.0,0.8009287455304078,1.75,3.5109293587526347,37.9152141724132,0.6018093723947936,3.0,-2.126522415908248,1.0,-0.9109947129088561,1.0,-2.236994485809651,1,0.143754976393846,3.0,1.605360367333248,0,-0.3636760617755314
3,50.5164182267865,3.0817348085887812,3.0,-0.3592529772469591,1.56,-1.3783466155150363,16.6891591561422,-0.8909332168375188,3.0,-1.6618274972270746,2.0,-0.13845573554358862,1.0,0.6307672071740186,0,-0.6230218855954787,0.0,-0.5349256594370904,1,0.11724054819415754
3,56.5075210061183,1.7614881662083846,3.0,-0.8963779505684494,1.64,0.04161982448765865,22.9580118318702,1.0654332427896989,3.0,-0.7568747958749876,0.0,0.5151190398188022,2.0,-1.5311533093348093,0,-0.20725129935873146,0.0,-0.15799790482984746,0,-1.1135848037381009
6,112.151283961008,-0.561123578795554,3.0,-1.6695906977747392,1.626483,-1.3878554608369749,25.4853258602152,1.3542800362015501,3.0,0.29875674165991184,0.171034,0.2598937763254316,2.61939,0.010906551035479868,0,0.29362522890239134,0.0,-0.1519078752244457,0,0.29582483904687157
6,134.045916858057,-1.4171341973499876,3.0,0.08832426519049494,1.73581,-1.8048709060493078,21.0552991237306,1.5113438693905739,3.0,-0.0750447866567057,0.868788,0.39512678255503353,2.611654,-0.24922368532110048,0,-0.06129610310715784,1.618512,0.19207448787970127,0,0.3408454515951613
0,66.0604466360396,1.594555246531562,1.910176,1.1484050359184035,1.610209,0.10143254113875637,22.578862899904337,-0.6784992973455708,2.938135,5.834037529899142,0.207922,-0.17687088418474797,2.943097,0.006487390058380468,1,0.7221002990260311,0.997202,0.17276072924518832,1,0.12270461372337356
3,74.566565128452,0.23470570195098472,2.0,1.2819076705034638,1.75,1.733284563834864,22.401630212438,0.12180861059870103,3.0,1.1005020081582968,0.0,-0.3770520153947688,2.0,2.097212030340245,1,-1.3077241064946925,1.0,0.1628473758671917,1,2.107473774361062
0,74.5020910235307,0.10837242034520961,2.5062044780286703,-2.161626698177283,1.64602,0.9064771188809563,30.8391797950176,-0.41573341533510577,2.562895,-0.8421774693343054,0.916291,-0.25011642712553095,1.017006,0.3171020873424305,0,0.11184123899098132,0.588673,-0.2718699333563922,0,0.4161208936240179
0,70.5158346501171,2.151769584785798,2.0,0.20656081685427688,1.625891,0.021280178691821874,20.4511555904998,-1.4564817606263298,1.0,6.016341550200859,0.0,0.3201580213458654,2.00876,0.5684118150333242,1,0.9529472807386382,0.63119,0.2282693976595668,1,-0.9118780172183557
6,111.77793515916,-0.6376119122326634,3.0,-1.657980280642024,1.631856,-1.3361558270291929,26.6689627979678,1.3645901742568107,3.0,0.31225416118732174,0.243338,0.3263470345301803,2.70485,0.01864227396547387,0,0.2512196080356107,0.0,-0.11703785587477572,0,0.34568820635125574
6,111.057605666429,-0.4579674046025274,3.0,-1.6712936801916884,1.6251986890767556,-1.3915178584929828,26.1465879194264,1.153490439665794,3.0,-0.0030861348335767115,0.461532,0.2202719396040424,2.350460631915214,0.20959310041829343,0,0.22784226828764723,0.000272,-0.179063169966988,0,0.26120244672084075
4,111.811914391378,-1.7526536873489196,2.0,1.979551638885317,1.855433,-1.5642621160410204,16.9979789075919,-1.0047737753304014,2.427137,0.09729090716744128,2.0,0.30718195015782107,2.574073,0.9081021848498927,1,-0.46439374653752535,1.0,0.015887316443396107,0,0.11866753376230106
6,134.393597559562,-0.9445810180734838,3.0,-0.27870668305087104,1.71818,-1.8135646837907822,19.2125533766208,1.062348392215402,3.0,-0.7374420909707756,0.937492,-0.13895103145130308,1.517215,0.1113714991200725,0,0.14980219014121923,1.486289,-0.06020275876872738,0,-0.0568140005972165
3,44.762673736585,3.7792153640149344,2.0,0.7066950725762898,1.55,-0.24735597711808094,17.1392295291694,-0.9838746189812348,3.0,-0.8262994195221098,1.0,-1.1556895278868617,2.0,-0.15134032521038746,0,-0.11135462779314004,1.0,0.6630405799138118,1,1.0053477013571874
5,122.989650144029,-2.178720788196366,2.826251,0.4402431817802921,1.86714,-0.6649898485805785,22.1900365072958,0.5493012126565018,2.604998,0.41779658470274306,0.0,-0.6266787334384747,1.842173,-0.21908028803073856,1,0.7211436476145139,1.284798,0.01757332493915854,0,-0.5224986390828242
5,103.154262384231,-0.766613363414297,2.576449,-0.5635911970838211,1.699793,0.865140243225115,32.9494012706857,-0.6526652422402974,2.419656,-0.6451223684534911,0.0,0.017404414104749185,1.0,-1.1347182462277123,1,0.06332076952733169,1.982379,0.2469913967852982,0,-1.1031342117933758
0,54.7402123282537,3.855299543008348,1.75375,0.1873261985440092,1.551288,-1.2926424721837362,16.4870144139346,-0.33782043754379415,1.296156,0.9736642326662142,1.944675,0.7071759594741801,2.0,1.49809643452286,0,-1.4412039517625888,0.110174,0.1545222437426493,1,0.7247940808581846
0,79.5135758888118,-0.18821609782074145,2.8557,0.5506708748695589,1.758372,-1.2803937536582382,19.8062624800482,0.5986991811942581,1.0,0.6180089964341298,0.783336,1.346723959132564,2.663861,-0.5042313502587361,0,-0.3818655494932111,2.762711,0.6404959201271762,0,-0.034706058068504374
4,76.0654999745961,0.4546119154126641,2.02091,-3.0474318434294188,1.557943,1.1536871926308094,30.870489522638,-0.7012891539486359,2.093831,0.196276448328432,0.0,0.013315977882155751,1.506518,0.1791031183281339,0,0.3061695186310132,0.0,-0.404188585796146,0,0.27785700401846053
0,67.7514667118982,1.8615806828574808,2.0,0.6134179302738852,1.62,0.04760392823184155,22.1035646818117,-1.0507216907814967,1.0,6.5766091402295945,0.0,0.8692146175846717,3.0,0.16384746159037264,1,0.6916163610392513,1.0,0.4943294262146965,1,-0.514161790480662
5,107.595127544647,-1.9349277589235887,2.317459,-1.1062230993949147,1.748103,2.8527872561488166,40.9444402699965,-0.5965897213409351,3.734323,-0.9895784854872453,0.0,-0.742431913507631,1.1281835199450336,-1.488213097852352,1,0.15533250366107682,1.628637,0.0842268732044777,0,-0.1462580877666657
1,78.5523947425462,-0.5598753916805383,3.0,-2.556930488120416,1.696954,1.6620129978235885,37.5179149623138,0.39721587807599035,3.0,-0.6499419637314936,0.0,0.4878843856098303,2.166024,-1.1848479591181693,0,-0.16992901861826662,0.0,0.16971147142737344,0,0.3532026741006246
6,109.864021416378,-0.5258785515177741,3.0,-1.5685970410204126,1.622701,-1.434117873101751,26.1880310917734,1.2705541129043105,3.0,0.19485820937898451,0.451377,0.39418029042750335,2.688229,0.12061055629250532,0,0.15140009519885417,0.0,-0.11729777988694307,0,0.3901002243323701
1,73.394919601813,2.6998978571611536,3.0,2.227001671033746,1.58,0.43566823426838713,20.0016677123308,1.55150381211948,3.0,-0.1795109936881441,1.0,-1.5800622199586065,2.0,-1.0648515565970222,1,0.7531815520309053,3.0,0.9644613399452652,1,0.13083012760574445
6,114.680477669762,-0.7353159763966488,3.0,-0.9407770678837963,1.6790215287028747,-1.6785320744457712,22.7680588166578,1.2060877001059314,3.0,-0.021486585957368607,0.668172,0.27538533815770133,2.509535,0.162058349704114,0,0.09893168432444491,0.334264,-0.08757795381361402,0,0.3266835569617146
2,49.612985441762,1.3056010754098117,2.3008106326846463,1.0661841744446796,1.768435,-0.4532952143384199,20.595994303281,-0.12149465728031593,3.725797,-0.43899572785234864,1.0,-1.8114815473538077,1.191401,0.17559720443985463,0,0.3555734435031274,2.0,-0.600053220730844,1,0.6393274689889346
3,75.4223399510346,0.27940648158176024,3.0,3.6966608139623776,1.76,3.9320974691179775,31.5402605234099,3.598935766035545,3.0,-1.0293598849607342,0.0,3.7472208748526428,3.0,-1.348650734575734,1,1.951465266146109,3.0,-5.010076239753429,0,-1.7490237771753876
1,94.2288098769855,-1.1888905607731055,1.122127,1.437122432829984,1.7710554444054305,-0.361098570910192,26.0301830422839,-2.0870773134552034,2.865657,-0.12238961165105836,1.944177,-0.22503396246083146,2.0,0.9688150295264504,1,-0.4630679036132193,1.28775,-0.25183736090509307,0,0.17874341934979965
3,66.812854061261,0.4713854153748308,3.0,-1.3324751089498592,1.63,-0.1652655347616338,20.8703173555902,2.0777181063623233,1.0,0.7908305220739409,0.0,0.530710519447168,3.0,3.5548363720435248,0,-0.7530259290100425,0.0,2.4123838530298483,0,-4.2268148359355315
2,41.4455904710363,3.2452981880719682,3.0,-2.3516588887322425,1.52,-0.7548797143896998,20.8242084109357,-0.27067478949645557,1.0,0.6749680741520186,0.0,-0.2616330463134319,1.0,0.7547665423615683,0,0.7374611567496357,0.0,-0.5825619206422221,1,-0.42877633946756305
2,42.2651194258028,4.093499538896669,3.0,-1.8033320093696956,1.523426,-0.4526317429708168,20.666195724258,-0.017699109785413926,1.0,0.25167021438544007,0.076654,-1.230233690511555,1.185062,0.865492083883068,0,1.195931268267852,0.0,0.5653675132302891,1,0.2998765294691724
0,76.764297266594,-0.6088752036029343,2.19451351452669,0.27956540774890637,1.697228,-0.29292086137717765,21.2821883292999,-0.26042304922106563,3.623364,0.20501051487749322,0.0,-1.1632907673930815,1.815293,-0.17007281659555984,1,0.5322548749679024,0.989316,-0.44453448542999974,0,0.022340110717311044
0,63.7189711156944,2.2466055903509323,2.628791,-1.4480873267574699,1.542328,-0.7863831410248878,20.6779055658091,0.2255333658912902,2.762883,0.509176763334136,0.003229,-1.0132333282415875,1.512035,0.3699678088749004,0,0.7185765579044744,0.303722,-0.7629662771913177,1,0.22483850730047383
2,52.7375611914465,0.5999954465142318,2.91548,1.2879032396158734,1.786758,-0.5565316244824454,19.5209902755381,-0.11994307002537861,3.0,0.30047469596177767,1.0,-1.319511673474882,1.777486,0.4071112849719924,1,0.5125490589851293,1.077469,-0.4084749625624291,1,0.2972422234919365
1,97.8444414362112,-2.430119241990339,2.0,-0.6135925106834804,1.836007,1.815499490986059,34.9310671640609,-0.4909948302188774,1.724887,1.5050915222570243,0.0,0.3799882960708751,3.0,-0.4640518827908912,1,0.2692890930761497,1.0,0.28232629560776573,0,0.30137420979121193
0,74.9642903362865,-0.3346290086904839,2.0,-0.03719500874129109,1.714253,-0.04015562937455326,22.006881177088,-0.9347263251575818,3.0,0.03854138935805852,0.0,-1.2597316288043154,1.081597,0.13893733951296336,1,0.6461267023092361,1.0,-0.5116778061661266,0,-0.43801093782865663
3,45.1818393293407,2.6025790061396132,2.0,1.1510910793892062,1.56,0.2660671591187647,19.5012064609247,-0.3072642279081336,3.0,0.5915242159761317,1.0,-0.822119446185064,1.9833578516550963,-0.15875949367659864,1,0.2160492101434264,1.0,-0.7482680691184229,1,-0.4617903858450141
3,57.9952830886281,2.470149060513818,2.0,-1.4005174173095862,1.603110230739039,-0.19197518400611907,22.7159133457723,-1.101222036351998,1.0,0.9443860494059046,0.0,-0.4799295797840178,1.0,0.6101450481580655,0,0.6224604703822405,1.0,-0.5509082510139431,1,-0.47921563599672484
5,123.110556756483,-1.9497228493168253,3.0,-0.15393689878569508,1.849507,-0.7193352245768666,22.9141913218,0.4692116546433626,2.272801,0.32647913437191106,0.0,-0.5430287330058956,1.560064,0.05042961552456564,1,0.8208726666884438,0.79677,-0.033345350061719806,0,-0.738970800968586
3,59.114654178178,0.38949129817219397,2.0,-0.9972522174697243,1.64,1.1120184501697352,37.9606363844668,-0.4958835144001689,3.0,-0.4493563386914812,0.0,0.3873226513797256,2.0,-1.4512706145094953,0,-0.46526969266364443,2.0,0.21977260224785772,0,-0.05397971062992459
1,61.0071043356286,2.6799917046971333,2.0,-1.0267797260146618,1.481682,0.1783502772756388,22.5067368406055,-0.36860659969759857,2.983297,-1.0626917479059685,0.509396,0.54243443089238,1.453626,-1.0575908266242204,0,-0.5652070206887013,0.32896,-0.4448495645493448,0,-1.1680136376219459
4,105.097041268712,-1.3627483365130464,2.0,2.3187201274691738,1.84,1.979684832225684,19.1229731855083,0.45296692077222256,3.0,0.2999164784167282,0.0,0.4867689451489542,3.0,-2.927239298441282,1,-0.4993586471085328,3.0,0.46382903588757435,0,-0.6823957103802134
6,135.067196939897,-1.1114039363647203,3.0,-0.2946849418513271,1.729099,-1.4581754727931522,22.5955454071988,1.1333130635234285,3.0,-0.7822043575093175,0.878258,-0.19287635874973297,1.3954,-0.08412494371943523,0,0.1883067512674441,1.931173,0.032481216826029564,0,-0.09429624904147245
1,65.0748595121579,2.338118843725552,2.0,-1.3061465892929656,1.6180163233522085,0.6534571018590289,24.5379391202219,-0.8293163290597334,1.0,-0.41959816741390293,0.0,1.0497612658402016,1.0,-1.0527070026668877,0,-0.2923104832114125,0.740633,-0.09907826669566115,0,-2.0987162858740978
2,55.6306985024109,-0.5314251546965675,2.0,2.2655297633104365,1.743702,-0.9846383105650346,19.1459925086402,-0.9347285321072528,3.28926,-0.08670344397440614,2.0,0.064134144854067,2.847264,0.3343601000248571,1,-0.7065171913003665,1.680844,-0.009286876014320334,0,0.7832895017522733
0,70.405809601357,1.8664635571623749,2.0,0.7118887285278878,1.62,-0.09830670037193044,20.3590167955299,-1.041367731047056,1.0,6.576995074391196,0.0,0.8634674671704384,3.0,0.17648491338831238,1,0.6881819528908089,1.0,0.47807835250606656,1,-0.5310470027474603
3,66.0199840004485,-0.9093044232792082,2.0,0.9313025366689178,1.85,-0.6782674678116306,20.2217258052632,-1.1640517510129098,3.0,0.07677699643091847,1.0,-0.7825041900518125,2.0,0.8144010224242444,1,0.15961774806310963,0.0,-0.42470625627707065,0,0.052932772199517884
2,49.9604543278478,2.4420923746799184,1.270448,1.825717448273392,1.699464,0.03652116750716082,19.4815529655916,-0.8333440371522237,3.731212,-0.26296234938024926,1.0,-2.6078058451172046,1.876915,0.3707194554877501,0,0.5507078651617374,2.0,0.37957813132214835,1,1.5703422037066057
4,106.512164531638,-2.025167506701836,2.921225,0.02382267565392966,1.814696,-0.7502334429205083,25.4373802858047,0.8195188580406371,3.0,0.7965321594814381,0.133523,-0.23271377670434296,2.869439,-0.08181016447529608,1,0.5139798034316113,0.181753,-0.017467181151223546,0,0.06843748139473994
2,50.7835912166508,0.7261385799154245,2.310423,1.9683028908867333,1.752755,-0.31424416417942636,17.2992205140393,-0.46503133572818656,3.558637,0.3537389676341982,0.828549,-1.7095713217228814,1.787843,0.04362148040493098,1,0.4318868057474267,1.926592,-0.5196329426404496,1,0.4837818347631679
4,78.6592391718865,-0.22091605690891664,2.0,-3.249154341576393,1.56,1.7869047482363916,40.6065252680432,-0.2072790173107913,3.0,0.203351930833771,0.0,-0.16562116331347201,2.0,-0.11651825643094851,0,0.3038007073595518,0.0,-0.3533553714775374,0,0.7663059619749155
2,44.8625577082862,5.013360455040859,3.0,0.8293716268065454,1.603923,0.681148667165038,19.2067413447497,3.224789276778408,3.0,0.07178926837890327,0.0,-1.989608059691923,1.28246,-1.0501591970551978,0,0.2970115324248865,1.60195,1.235641713838987,1,0.3755036272803355
3,52.2470208432992,2.2998620733897663,2.0,0.6210395641907487,1.6,1.265963435351072,22.392513587699,0.021833399390768893,4.0,-0.5607939491359433,1.0,-2.3700214176075516,2.0,-0.20373934311360797,0,0.5312775756716357,2.0,0.5384203956740116,1,2.2450165145165806
3,71.6965702256616,0.7826165654516234,2.0,3.9248965865568124,1.75,1.221888716482316,18.4463182229156,0.1786788023453655,3.0,-2.146056477248528,2.0,1.5474553892183116,1.0,-0.5693219739046321,1,2.176120409492927,3.0,-1.4972520136054044,0,-2.0634302528435895
0,67.6008266465469,1.035113188264962,2.0,0.41885927682141777,1.605404,-0.3612095641882131,19.3904346236152,-0.6132365636710762,1.9154,2.113527100967393,0.0,-0.2054553987919624,3.0,0.04461090666068081,1,0.3947764442808239,1.0,-0.3401664061536568,1,0.21856752591553053
1,90.0045263852122,-1.450527111911385,2.332074,1.6085150103891208,1.758972,-0.5766705331883288,21.0012320866844,0.3090456106295305,3.0,0.8088040882459746,0.441502,-0.03599437259446895,2.999495,-0.7395122121528427,1,-0.017869820591274857,2.405963,0.21771497372007934,0,0.3221650132709091
0,69.8042256922377,1.8412944275674934,2.0,0.6411355359075795,1.62,-0.009077196008381985,21.5307365015638,-1.0393631670844294,1.0,6.577669511603927,0.0,0.8705390001174841,3.0,0.16961261799036328,1,0.6927109922927606,1.0,0.4898461952636411,1,-0.5244876296539971
6,106.409178671438,-0.409786671283157,3.0,-1.518914200931937,1.6282498849678222,-1.4170120694279047,25.4376299594236,1.1794019558349962,3.0,0.07256910610889465,0.455823,0.2693221210034062,2.48707,0.14396122075371626,0,0.183022302885839,0.067329,-0.15114522477981363,0,0.32804169926524285
1,88.6516606127958,-1.5446213076412418,2.129969,-1.864072224057016,1.718097,3.237921336003375,46.5415685006216,-1.093539090311388,3.0,-0.44358899117678946,0.0,-0.1281853179899962,1.568035,-1.1899870150129654,1,0.023141668810033995,0.870127,0.14029436436512366,0,-0.12811312341267556
2,59.9283315809517,-0.9375663057248097,2.44004,2.078030256564475,1.848294,1.1597661939457224,17.1392518607707,-0.9711362276680342,3.0,-0.8721842557754647,1.0,0.04403383734546746,2.0,-1.5460590011053092,1,-0.754793997366598,2.784471,0.41633687766909333,0,0.2568327802853794
5,119.131803450107,-2.455936204151176,2.240757,-1.3416741144303403,1.766888,1.8684981589628549,37.0247668351068,-0.14123164149990408,2.911568,0.4413179988063306,0.0,-0.6274289747382632,1.895876,-0.3469642468258366,1,0.6463863541746516,0.822186,-0.08392664221333715,0,0.20002578963890885
1,86.248684986962,-0.7291956786812186,2.0,0.4127208630206947,1.716677,-0.6565722867839451,22.7244344935094,-0.9843097346405996,2.676148,0.2321776785389097,0.993786,-0.21472621521895197,2.083939,0.5792983358705126,1,0.02023890897495748,0.632164,-0.258475932381362,0,-0.025658499799387027
3,56.4026499983025,2.492644690349115,3.0,0.4317602763496269,1.6,-0.30496693126740915,15.6380780478198,0.31148258165958387,3.0,-0.7049077596319004,0.0,-0.7168404667060306,1.0,-1.5293523002929075,0,0.014436592053444003,3.0,-0.1151793224808696,1,-0.22749893273207383
6,132.440786632712,-1.549889375884859,3.0,-0.4806679663848229,1.737056,-1.5801522394278542,24.5092012564725,1.6050785943381793,3.0,0.23087221138499925,0.58345,0.4204928100596758,2.86559,-0.20363239178022144,0,0.07923043619823075,0.973864,0.1427276862377483,0,0.37612024723083837
1,80.5332056398535,-0.637916419286413,2.315932,0.2020724844508338,1.723072,-0.44478746994672075,22.9704479651879,-0.5731903441642249,2.658478,0.20251808136731642,0.544899,-0.45818834482893567,1.7936332423943613,0.22436223130834235,1,0.2869033705609354,0.949976,-0.2140283838712556,0,-0.19836512131855877
0,78.1062311559466,0.12862760027554704,2.293705,-0.4679612478440046,1.730182,-0.641756225871182,22.1137914000028,-0.11658328663097293,1.0,0.801105393030558,0.0,0.673314562972905,2.0,-0.3130515025281377,0,0.09659400137999313,2.063943,0.23444925858201524,0,-0.430883277577457
6,110.842083442464,-0.6335540840732057,3.0,-1.6409495324562615,1.637725,-1.3350492249759818,25.8904380871281,1.401438844839756,3.0,0.38080714622179884,0.110518,0.2657741465637395,2.70914,-0.0422653167965437,0,0.30710402330324427,0.0,-0.1309207627160327,0,0.3198982742647854
0,87.3410023750217,-1.8050915872969364,2.061952,1.949976492545372,1.857231,-0.3829201949492799,19.0491439592228,0.10711371007880241,4.0,0.38102329015317726,0.160138,-1.2536221570414126,2.426465,-0.6332678067570785,1,0.3608181790869809,2.0,-0.17743286861055735,0,0.32506239054951613
2,49.6468488148537,1.9955732303195175,3.0,0.6559790441136168,1.64,2.38755555475188,21.1576017974435,2.9387522773606105,3.0,-0.499894095321497,1.0,-1.2961919890019515,2.0,2.324348561400681,0,-0.6935865314566472,2.0,1.9942419177650224,1,-3.8509035917702072
3,57.4765178796747,2.470289615278119,2.0,0.3913775043262544,1.62,1.5198034298995327,25.0564095817194,-0.7742605755325862,3.0,-0.1281505263902499,0.0,-1.036847243305151,1.0,-1.220908998538309,1,0.33127553149298133,1.0,-0.6482317899880496,1,-1.485827748096231
6,109.693020148493,-0.46819939347268924,3.0,-1.7214323925218475,1.6164030929606494,-1.3377929014603718,26.844508841279,1.2359131616856858,3.0,0.13490479938341204,0.383953,0.30211578638627884,2.523793,0.12403956350190738,0,0.21690851676107212,0.0,-0.1484005889650933,0,0.3209563010972337
6,110.72790413339,-0.5207011632058486,3.0,-1.5679321164550513,1.6231789193212673,-1.4536225326378218,25.8952539884023,1.2573210652272813,3.0,0.16706124527102623,0.452236,0.36859060434070756,2.639816,0.13553930866826394,0,0.16262419209935894,0.0,-0.12863360825499684,0,0.36764998037309415
2,50.3906844585952,1.7465728123716506,2.059138,-0.5708819936856018,1.610863,0.8310617167577092,30.6773110196328,-0.2441458829561042,3.904858,-1.2406175489729434,0.0,-1.277132315091671,2.0,-0.9796218229054359,0,0.16785482529979673,0.821977,0.8943386428171172,0,0.8602643069317356
6,132.506602671826,-1.6173937444200326,3.0,-0.14274830186312137,1.757442,-1.6669538840940523,23.517012901665,1.5703256040899456,3.0,0.12330430883427672,0.766668,0.4394994550762202,2.84837,-0.19919767313888434,0,-0.008645213844879972,1.206059,0.19015012630617473,0,0.4027226290169793
3,44.6068723880542,2.6807237066558254,2.0,-1.321208473059003,1.5410820702668753,-0.46444114345000387,20.308385652798314,-0.6582223188630169,3.0,0.49410009439665953,0.0,-1.4173013787402389,1.335317381608244,0.6272097225273418,0,0.6878449742555707,0.0,-1.0391202565247604,1,0.3040114457294851
1,79.780953600461,-0.1816033387550497,2.0,1.1685185265948526,1.693440768455027,-0.07130579153873724,22.1083791649135,-1.4864392487588807,2.468421,-0.4673167681031068,1.0,0.6073185910721106,2.0,-0.7534942095714462,1,-0.7734485648123681,2.0,0.23952363288546336,0,-0.455497392852324
1,91.1543233822144,-1.968647983481916,2.0,-0.5517798045540911,1.828092,1.5835639278055562,29.4718893431137,-0.69688036961111,2.698883,0.6247339218006168,0.017016,-0.726113823235312,2.035104,-0.18366002920124558,1,0.5381450260706393,0.598438,-0.18832998244078247,0,0.24900190659775914
5,123.524161826415,-2.629584697135845,2.585942,-0.10565804540640611,1.868127,-0.11674785429914296,31.5859553428657,0.4686610945225907,3.0,0.5864737508158199,0.111925,-0.5779535436131191,2.302506,-0.045457951193584575,1,0.6732044467424897,0.597863,-0.02505498134237747,0,-0.1959554110294736
0,70.666399881619,2.0502799512292054,2.0,0.3633692072081428,1.638085,0.02913755245483783,20.4247012809499,-1.393454274767307,1.0,6.075611405454335,0.0,0.36097333040925617,2.115967,0.48729105131918515,1,0.924521134567045,0.770536,0.2781064392653535,1,-0.87268178196648
1,78.4865236750553,-0.1784991284491683,2.0,1.775675349505702,1.694423,-0.177979655052062,20.8942489420003,-1.4715915172892464,2.646717,-0.7221473571937023,1.358812,0.6423608809268062,2.0,-0.8604524713095208,1,-0.9839588890681622,2.627515,0.332564138851145,0,-0.30821739641738094
6,110.592577357223,-0.4699941648998237,3.0,-1.5943816379014792,1.623938,-1.4248866590100855,25.6930351961738,1.2085367492630925,3.0,0.07888239241415053,0.433463,0.2739879890160936,2.471721,0.14927852074510944,0,0.20426243291600685,0.04682657723827945,-0.15514190962646557,0,0.30270984717011373
3,64.617916207643,1.0380274690542206,2.0,1.2239998882916883,1.8,2.0554840434543706,19.6397844530816,-0.7595241145571906,3.0,0.025957540457095616,0.0,-3.258168623998763,1.0,-0.2080507024350996,1,1.4488107707851814,2.0,0.5072790367990408,1,0.9588091665950779
5,120.000811873572,-2.3583949027930022,2.244654,0.33217914947063465,1.8219930440341232,-0.3233188036438675,27.2296378255435,0.28783215915129834,3.0,1.0046818040048349,0.0,-0.36557155043524575,2.795752,-0.2232150061799316,1,0.48550125498768204,0.839481,-0.034272856685912095,0,-0.010812508259612491
5,103.425732410015,-0.650991579012007,2.723953,-0.8205596342705109,1.703346,0.6665861734910885,32.1668611096546,-0.7171465470843611,1.924168,-0.5527698742491035,0.069367,0.3148612200437338,1.0,-0.9117671339824516,1,0.05059735057558936,1.622055,0.2894780103032007,0,-1.2612200724527258
0,86.2632379074997,-1.2639489042912295,2.0,0.8702239984617527,1.812472,-0.44443703251236155,19.9756902308475,-0.5165729826217512,3.0,0.6018669118103551,0.142638,-0.809529035643451,2.168651,-0.010327715041822167,1,0.4182153405251086,0.977998,-0.274780203210064,0,-0.09432558233049829
4,98.6498686715506,-2.1893710769477903,2.069267,0.16496275406871747,1.78,3.545203327516962,35.3848306491852,0.3476222296151853,1.476204,1.393391579032109,0.092736,1.8955865963810055,3.0,1.1209733892964846,1,-2.0428432090737867,2.05252,1.2802034940073688,0,2.2807702193573514
0,80.3592451987324,-0.20419712026124726,2.0,1.4395172824046971,1.7792935529270169,0.6974279797108593,18.8355437163733,0.3962999100557912,1.73762,0.2886409946928611,0.707044,1.6471016785924424,2.207978,1.6837781458279697,0,-2.4098806150104304,2.641072,0.9979078694444437,0,1.9877141006134822
5,102.45969274953,-0.5348270276215874,2.938687,-0.6417701434521932,1.680489,0.12722227273628406,30.7673041607702,-0.6504176774316631,2.138375,-0.8894310314421898,0.778375,0.6046828087158507,1.251715,-0.5354655970163004,1,-0.2619001851808001,1.181811,0.2901017040889209,0,-0.9687300230167003
5,107.183322985494,-0.016829784094289632,2.869778,-0.4485209421147871,1.647821,-1.1517129494915315,20.4469148678463,-1.221685681486853,1.468948,-0.742671915160561,1.444033,1.3352248424460356,1.656082,0.3376636959149467,1,-0.654694102414956,0.0,0.17057218700213178,0,-0.9761621174254975
0,65.2193714869336,1.7765975571375323,2.903545,-1.52424301806261,1.599697,-0.6890234309145373,24.9615071289058,0.516136998641767,3.0,0.2566800128343475,0.273882,-1.0707410438913074,1.549931,0.4995267123300802,0,0.7322657166366972,0.0,-0.7034889978190929,1,0.34447842148170227
1,72.0725782224022,1.7371529763348872,3.0,0.2603233460738466,1.545196,-0.9775909894388667,17.1360984454012,1.655437281225147,3.014808,-0.684063272443257,1.0,0.3928216788067572,1.9015519258495241,-0.9886720425208526,0,-0.23027889644631666,1.997529,-0.10543501167378927,0,-0.5246001188279046
5,98.5268491306168,-0.0971995545786881,2.973569,-0.29247561592653964,1.623278,0.023949102379514156,24.1209243668471,-0.27724058837166954,2.650088,-0.9211732177697323,0.157007,0.07149676875783749,1.003063,-1.15993383105155,1,-0.047646623367796834,1.981154,0.1790499049729469,0,-0.9878540181357094
5,98.6695591294072,0.1394939477127207,2.885693,-0.6610264955109284,1.609418,-0.644788059138778,24.5232181445476,-1.059816254240471,1.685134,-0.774743494382501,1.217929,1.1910576685528702,1.556020426040786,-0.024492753032870712,1,-0.5859136233524261,0.503105,0.21764129599996304,0,-0.9131152430790085
5,129.306376572316,-2.943520401585982,2.956297,0.19951990820419546,1.87407,1.9426412501865393,31.6527302828294,1.3528929047803848,3.0,-1.5026804992423572,1.875023,-1.2826894667484368,1.2751,3.9942434848814568,1,-0.6772497487775924,0.901924,2.3300137792371376,0,-3.9009856771271356
2,54.4521808121138,1.3006124721460088,3.0,0.512267189062963,1.740295,0.17015837347397778,23.9662609534373,0.6945225750442237,3.0,-1.2879652410714673,0.152985,-0.755043656629212,2.025279,-1.430168380477747,0,0.11014436397640931,2.0,1.4445892359963861,0,0.5639546515482065
1,79.6735662980503,0.16665936599872422,2.0,-1.9411411839126818,1.65,1.4474351881914964,37.4948738101953,-1.829136313409271,3.0,-2.0626269651688434,2.0,0.45338899595363813,1.0,0.28864611791055983,0,-0.9345886741526279,0.0,-0.15620584505919982,0,0.3375806788410724
4,77.3962285269444,1.2580100040048092,2.0,-1.4839965616631678,1.577115,-0.342295976346776,23.30839474223,-1.224682594106343,1.0,0.2188726911208001,0.0,1.507033850523639,2.0,-0.6031253246383022,0,-0.5747905122374865,0.876101,0.1685639590532125,0,-0.8167538832136954
1,95.7018426570241,-1.3969674451555727,2.0,1.6597146230441966,1.7826397946724746,-1.1837471905007106,16.4653142354139,-0.415416270471487,3.0,0.6770066884653337,0.933802,-0.05401996512602026,3.0,0.12362730792676029,1,-0.15409026489128608,1.1458715688302339,-0.08010891390912019,0,0.33584328661702684
3,66.15343296961,1.7195282851379172,2.0,0.8135366575600631,1.7,1.1173575585914761,22.0610017056957,-0.3393037253882767,3.0,-0.6536359366710115,0.0,-1.0853592144948314,2.0,-1.1229046445185198,1,0.4225518602567437,0.0,0.7628244524942575,0,-0.7963548167718287
3,71.4031160545421,0.53812995123903,3.0,-0.8334832687475747,1.74,2.9235630482582624,30.9975276141736,3.054163706965872,3.0,-0.24510306851984917,0.0,0.6566749178616368,2.0,0.7569401355308888,0,0.3187148987385988,0.0,-4.628326451537237,0,0.10664506816736895
5,130.982831646385,-2.668650757205118,2.08868,0.4992005509713284,1.909198,0.31521643295011365,29.9918019505505,-0.18105373483985246,3.0,0.15831404498091173,0.0,-1.2506481112126344,1.256967770824958,-0.21583582550947747,1,0.820350134747334,1.857351,-0.10517237158275156,0,-0.6122754225733337
1,97.7639373549339,-1.6995432609007544,2.0,0.09324277055425019,1.85,0.38356700079425327,32.3703498110513,-0.9210024582968447,3.0,-0.24288068946665625,0.663649,-1.1273588241380148,1.117464,0.4409264449167264,1,0.5357424656401452,1.0,-0.284817755196491,0,-0.39512713319499726
2,50.4991280254016,2.8376522942341924,1.0816,0.8871184441510331,1.7,0.00237089049609042,19.0588791760066,-1.6324110281373705,3.520555,-0.6088510944031769,1.0,-3.0389790559256586,1.016968,1.2100446852105984,0,0.8324530812769984,0.651412,-0.03418338768906065,1,1.14129626375887
4,104.775916148615,-2.2105205090887923,2.39728,0.14203700549670312,1.810215,0.8148847534904454,31.6583550741597,-0.6421435469965379,2.036794,0.20282389480512059,1.771135,0.7275728884946551,2.659419,0.319220398680838,1,-0.387021757528738,1.062011,0.3348737128793061,0,0.5931365537817556
3,72.641620536276,0.6504797038965724,3.0,0.2746424142698643,1.74,1.3051103529095245,15.356474053211139,-0.3688571382976858,3.0,-1.5419319268126173,0.0,-1.6636825279107268,1.0,-1.0557297328920765,1,0.6135365343964055,1.0,1.0204102720737465,0,0.2569705233192356
4,89.9214789304712,0.13468713379163125,2.0,-0.3381367380158485,1.65,-1.025969042516187,22.9051703942608,-0.6587574047287875,3.0,-0.3308790960522207,1.0,1.094228397496155,3.0,-0.2798328362223798,0,-0.9572585956120963,0.0,-0.01599349571148695,0,0.2712776323150212
5,103.482742696222,0.22377498378019042,2.766441,-0.9113571417591575,1.620109,-0.7558363388101598,21.5897296228061,-1.2906450570920942,1.240424,-0.49173709717817954,0.862587,1.1829458722184105,1.413218,0.09636785511084485,1,-0.40805707121642354,0.165269,0.1300421171626948,0,-1.2185536837264184
6,104.164523644084,-0.2062070198022553,3.0,-1.944789236311186,1.623707,-1.1356127283924966,27.4083573465772,0.9397570244662067,3.0,-0.28284983927906177,0.393838,-0.08967317223005518,1.8105329085627913,0.292542719359741,0,0.3728878152700352,0.0,-0.27786609294226133,0,0.08062708101172035
2,50.6092963007165,0.18734322395744246,2.0,0.9140374784313409,1.7108,-1.1168636871981863,16.7345692900572,-1.5069941192980563,3.0,-0.24614434347109776,1.593704,-0.4032392731792786,2.0,1.0773300435649618,1,-0.24485204377151137,0.0,-0.49099928352606126,0,0.26885731096932086
0,88.6897491893905,-1.5455081359866523,2.047069,1.4160697247430916,1.856811,-0.316956608000391,19.639425419205,-0.3327197077746069,3.829101,-0.04404341976732282,0.248218,-1.5529310707423236,1.641022,-0.1909370757887735,1,0.5341837063276564,1.554817,-0.36924518444255555,0,-0.018701860202473494
2,50.2227009139542,1.4621422795219368,1.567101,0.9273008605982367,1.763465,-0.49028209066723655,19.3796934671359,-1.134687891526744,3.0,0.24025381103111357,1.0,-1.3587729037639913,1.5938425992327845,0.6642947995221763,0,0.18392653460443406,1.2752791711440064,-0.7087476349430158,1,0.5394331704054053
5,115.754647121848,-1.7797554080931697,2.21965,0.4936125095157389,1.763215,-0.43665622818113975,26.5788898415258,-0.16667325812491515,3.0,0.2839709807315868,0.688985,-0.3574127803003208,2.165408,0.060663855183034625,1,0.22818094969529304,1.315045,-0.06452278483894142,0,-0.05706689489056466
4,82.448012024491,0.8326492985390375,1.00876,-1.3684189608169313,1.604893,-0.8081171286168035,22.7511232816017,-2.0196068153734434,1.0,0.9721136522305098,0.585912,0.8525005481332536,2.135922792563974,1.0725417985975962,0,-0.23788186025452834,0.0,-0.38366429534819224,0,-0.2922432747427167
4,107.597522768726,-1.0860832466014676,2.0,1.3421756869654107,1.787733,-0.7772083852886895,16.2003226420703,-1.1581041963208547,2.37985,0.13233688751057313,0.652485,0.6755681751589047,2.616138,-0.5673907092490155,1,-0.5859065804970459,1.0,0.16638764168413803,0,-0.5211876756116538
0,86.7270472034276,-0.1839345209848717,2.286481,0.694990689585511,1.818848,1.7076028394659184,25.7636027875378,-1.4960391287153296,1.713762,0.1949122559824041,0.926581,0.034738138023838856,1.797161,-0.6348642673399049,1,-0.24437238910807613,1.658698,0.15411228859989345,1,-0.10989627151565239
6,112.478755538915,-0.7368425516071675,3.0,-1.6122714159972875,1.64599,-1.3280411192112258,26.1989432634954,1.4477549994799443,3.0,0.4337978221629276,0.09776,0.29379546184406097,2.78678,-0.06556120425030744,0,0.3053791943508515,0.0,-0.10932479544395965,0,0.33774049452125376
0,89.2858112785998,-1.7480957909577954,2.342323,1.6812837275741,1.834715,-0.4905830174982811,20.0229191421974,0.3621368637576681,3.60885,0.4972884991891956,0.208323,-0.8356127589713718,2.580990690229436,-0.6625086161678306,1,0.30560033933179864,2.0,-0.022007679263346715,0,0.27125855814545685
2,50.3529787315271,1.8817518378345046,2.205439,0.6578636609543747,1.661403,-0.6511078633375852,19.4533848688652,-0.332731179467368,3.0,0.011092967854173286,1.0,-1.0588689931616808,1.530531,0.2174381590758976,0,0.13910060087169318,2.0,-0.4964986835049984,1,0.5690322490826492
3,52.8777836317978,2.6063363781615916,2.0,-1.6193810717549237,1.551393796229481,1.1363240608745502,18.2540178049854,-1.4179350397818993,3.0,-0.4570433767713392,0.0,-0.9538022321330218,1.0,-0.39306723657577414,0,0.09058112141809928,0.0,-0.8251148146315059,1,0.24068378219847253
3,68.2237648877319,1.9490842428995165,2.0,2.565855564616589,1.76,0.6193151791793345,19.4935663878257,0.3833649253139649,4.0,-0.1866908021570886,1.0,-2.756608306924115,2.0,-0.13808458817090397,1,0.9935646355062374,1.0,0.3025594380373193,1,0.34412122859392213
4,83.3354170473451,0.7215625174754675,1.918251,-1.0529139332435415,1.627908,-1.4694862428494182,21.3325977525549,-1.213228467311774,1.355752,0.12730715978297666,1.382906,0.9557672393722166,1.998108,1.2257958908898339,0,-0.4098869189057292,0.0,-0.22842760557876868,0,-0.09672123862991719
6,160.665001628662,-2.2038678220679446,3.0,-0.7013144613000345,1.803677,-1.8001166173624275,24.1312970840577,1.5342354844367905,3.0,-0.026236734213573445,0.639894,0.12625026352118143,2.404049,0.20710720169671948,0,0.3079890713518133,0.427905,0.00476510670332883,0,0.06082938798376968
6,111.267364429521,-0.7386111922025127,3.0,-1.5373289915551522,1.652674,-1.3576901831165176,25.6889543008972,1.445885060507476,3.0,0.44661531189645653,0.101598,0.29036476670517036,2.814517,-0.06867847786087584,0,0.2973405230047473,0.0,-0.10734747536516859,0,0.3495921686685194
6,114.805965840363,-0.9467605617259937,3.0,-1.1420842520620191,1.6888360620486793,-1.4263089548498398,24.5875464623036,1.4675015153251285,3.0,0.366963231624251,0.210997,0.258975681263837,2.7778032697085324,-0.12041651480473285,0,0.2560631000800946,0.312923,-0.04611934828472371,0,0.3369772676411468
6,137.5370104301,-1.8245590609294837,3.0,0.2758163496746026,1.789555,-1.7988939028399848,22.0369805073048,1.5894342110976862,3.0,0.03280718010879956,0.923005,0.4424440590599997,2.832659,-0.22477057062624053,0,-0.07597607510329861,1.505775,0.2514272138886166,0,0.4008229489633357
6,132.832109724583,-1.458165733383754,3.0,-0.09004772738891006,1.753266,-1.6793081538512158,21.6147591157696,1.5007523020431672,3.0,-0.044914244262622166,0.67321,0.22523494670085903,2.4844319372205024,-0.24316546622761467,0,0.08207550328512841,1.445148,0.13688593554846307,0,0.25028361549303885
0,59.616328550511,1.107916576385696,2.0,-2.639014222148931,1.5,4.394440228092764,39.4810478809502,1.8851811296321488,1.0,0.30240796853984503,0.0,1.0693624521942606,2.0,5.393787947592815,0,-0.9144650954742946,0.0,-2.1992405602573295,0,-3.5746039127686977
4,98.0651950117455,-0.9945759764555989,2.0,2.1786700554300285,1.741393,-0.4812864375415657,20.2902233675341,-1.0344488627551576,2.978103,-0.44765920602973086,1.402414,0.7747901004198473,2.668261,-0.9480616268958203,1,-1.051721459519276,2.462269,0.40687894354511267,0,-0.051437992765432726
1,101.057896146999,-2.5700257043345327,2.759286,-0.18233320665659244,1.848683,1.3977432980848588,33.3354977188681,0.36320204682992163,2.59257,0.4889561382709304,0.519395,-0.03988899137708177,2.549617,-0.5784816799610503,1,0.26277655130484273,1.427233,0.3209508694451914,0,0.4934943303154908
5,103.123681017376,-0.0929431461554761,2.667229,-0.9213006679760207,1.679515,-0.3884924755203239,25.856923777732,-1.5279013586623749,1.09749,-0.5913908036306164,1.003011,1.120228043132833,1.225958,0.22161577861038506,1,-0.3903564567769747,0.206954,0.18021445352994794,0,-1.3064364563606323
2,44.3315718826982,3.211222420825751,3.0,-0.4806798984262035,1.62,-0.17663474470999413,20.2744385429044,0.716722151242826,3.0,-0.4784546473352805,0.0,-2.594785498305739,1.0,0.1860031256769255,0,1.3820105054290235,1.0,0.4262471202147848,1,0.8281012637882387
2,58.0853748985075,-0.7984185990858125,2.707666,1.5887709242417274,1.8094734139241175,0.9690788345372368,15.4558168882217,-0.458662197740499,3.737914,-0.9616691030292834,0.613971,-0.42134730144153426,2.026547,-1.5923750474671448,1,-0.4785786549063852,2.009397,0.1656073111812834,0,0.4085563581313975
5,102.084987575198,-0.5434457831074535,2.774562,-0.6409646137052188,1.685462,0.47674510523797337,30.0176871847366,-0.5944614602726433,2.301129,-0.7275134585658555,0.138314,0.14798995840637943,1.0,-0.9397148353526695,1,0.025815761640467845,1.621733,0.21476571056611998,0,-1.1263652574705894
5,109.975623292654,-1.7637429759638297,2.281963,-1.3142035203047397,1.722396,2.7171670468166162,39.6850336228175,-0.7120674997860886,3.770379,-1.0595058258105263,0.0,-0.8066983213134228,1.0,-1.3255163924940863,1,0.19005703690786377,1.330519,-0.028028382536702406,0,-0.1968597290853628
5,111.733951921491,-1.9307456982127127,1.924632,-0.588111659156314,1.764138,0.9569282511154596,26.2814196287574,-0.8176066612861569,3.0,0.2995380546070415,0.511694,-0.63253782511952,2.006595,0.2415948868627182,1,0.35488293635318907,0.1768,-0.34529634323852315,0,0.34536758210944357
3,57.4430243147606,2.1932341578584222,2.0,0.11145855938690162,1.6549086557366404,0.01201100277695051,21.9716145466854,-1.2469923136105514,3.0,-2.01687902825853,1.0,-1.0865458917945914,1.0,-0.12422525587825185,0,-0.12294495958488277,1.0,0.8606948088819958,0,0.3384231225365725
1,96.8239761512068,-1.5010328842613316,2.0,1.396990067929019,1.78629,-0.9748745477356197,18.1969582394848,-0.3132770434613533,3.0,0.8241830405238233,0.651904,-0.1414419389198077,3.0,0.012305377268848878,1,-0.010710498261951711,1.072318,-0.09045329777771509,0,0.277772231222859
2,59.5195569861173,-0.8317150150908436,2.530233,1.6595008113407275,1.787264,0.9559749536316702,21.0683990205108,-1.0023405876602982,3.24934,-1.0781783614999494,1.672508,0.4429435621306716,2.387945,-1.0767125695802255,1,-1.0619489866262064,1.976341,0.3836009081572969,0,0.6223747756453702
1,79.559136508132,-0.08061247116935355,2.156065,-1.4874090970085871,1.651812,1.3152605201008127,36.2444817577154,-1.2428950868454645,2.909117,-1.515312961006751,1.796136,0.9010223756177272,1.816675136301079,-0.23012852201490852,0,-1.0693609936729367,0.503279,0.11018028162559965,0,0.5813216430936919
6,103.972407246284,-0.4709686323799289,3.0,-1.2391789645802636,1.640741,-1.477260077764033,25.5413165786953,1.1628232434479346,3.0,0.04438732807248104,0.692343,0.41172061004561294,2.653531,0.1638104590733917,0,0.034841358654775424,0.190061,-0.07874355435100593,0,0.4465268524227041
4,79.3119936091288,0.04638805527577078,2.533605,-3.163293938414067,1.560199,1.6778984036908604,39.340981653758,0.04554155545221,1.271624,0.529565563679542,0.0,0.8968369193768629,1.893691,-0.4850118176740642,0,0.15701269976623328,1.296535,0.22909631522388268,0,0.2179855641492713
6,142.255907898103,-1.4551031100332859,3.0,0.0828343219873415,1.75091,-2.084845978903344,17.9643070527533,1.4198500663253266,3.0,-0.20329054861017573,0.870795,0.22894249961272733,2.372058,-0.041063745138627025,0,0.030501721544257402,1.324805,0.07431662376721854,0,0.19399082092211095
3,71.652528493169,1.6826156914156585,3.0,1.726672460300652,1.73,-0.2845444338534055,17.2063648778474,0.16352281850841063,3.0,-0.6689465516660628,1.0,-2.6125850133948054,1.0,0.3467323093373748,1,1.1316867924716352,2.0,0.7014916378409539,1,0.622366665510659
6,111.192514877737,-0.8876938685808197,3.0,-1.1257389789576169,1.674515,-1.4028551634310682,24.8499876559526,1.5405178193341622,3.0,0.5054154352640118,0.169016,0.3754093196629469,2.989389,-0.21917142189327024,0,0.20622068803467572,0.36009,-0.005923722355385109,0,0.4289337663753073
6,103.824180576455,0.06722417591152749,3.0,-2.0003924996100007,1.610225,-1.226285999258513,25.8311710182397,0.7012609977120826,3.0,-0.6396234982962531,0.539876,-0.2838985548163037,1.322004,0.48693789324798775,0,0.40259917842336335,0.0,-0.38324213268163215,0,-0.0708049960722712
1,78.8809286672101,-0.38828909267738837,2.0,1.951666086376876,1.718534,-0.09060317504881497,21.1758312957662,-1.3147181774098267,3.0,-0.7917916788278764,1.269982,0.379394307415897,2.0,-0.991535059866379,1,-0.9112784168174913,2.721646,0.30127838737809925,0,-0.2216725194858992
1,79.030179847292,0.4039332111248071,2.0,-1.0766083804053181,1.663509,-0.3147158031866454,25.1857593302452,-0.733942761677908,3.0,-0.38794612963942654,0.124977,0.31935072754022104,2.13755,-0.5123930834529415,0,-0.3766011796680021,0.0,-0.21223283736800352,0,-0.17466162122543252
4,83.7623656062574,0.5601406343342032,2.113593629228527,-0.24184049672861058,1.6642195050390436,-1.2340216075118897,22.5714469384332,-1.2982950382355718,1.458507,-0.36055391845530904,1.707018,2.0681885204505446,2.777379,0.1626457142619996,0,-1.3392349245341324,0.354541,0.3127298803714046,0,-0.12187028758298388
6,128.514985704596,-1.217252174672084,3.0,-0.20411192605316197,1.746277,-1.8847340846030372,19.1943359823381,1.3566258283961643,3.0,-0.08421310792518703,0.675076,0.14836384320778653,2.411582,-0.031059773883459638,0,0.11510514961475207,0.985287,0.010117303514547545,0,0.22058210179730225
5,115.938166166588,-1.8865923569430625,1.992889,0.2676100478595245,1.787052,-0.1603663133023165,26.0465859873342,-0.22876166074383295,3.0,0.6793529082495224,0.0,-0.6993068662229186,2.130263059409036,-0.11956510149644815,1,0.5428116654049511,1.121038,-0.19245670530619907,0,-0.22240341709064781
2,48.9087076599172,3.387743515800103,2.88626,1.5384013470758862,1.670635,0.1667420675454152,19.7428163240379,1.6891759459193003,3.559841,-0.8493431596688944,1.0,-2.13547536031569,1.632004,-0.6693077071794545,0,0.8027396219633184,2.0,0.6177546706594778,1,0.48245804507165374
6,106.258350200474,-0.3829257682109994,3.0,-1.5972174210244834,1.6272426837106664,-1.3503702052943714,26.5228942336491,1.0908334654351513,3.0,-0.06957942131361375,0.561661,0.2324528019764533,2.331123,0.22800417907310855,0,0.17682255733578042,0.063383,-0.16396675783038558,0,0.2959869741748097
3,74.3014672459162,0.44514578685055134,2.0,3.0046007759006605,1.75,1.0279733255599057,22.518962146982,0.26078959316691325,3.0,-1.5246538097334554,2.0,2.007337538819382,2.0,-0.013198285260837344,1,2.154924515006707,1.0,-1.6204025078438256,0,-1.7521237945918782
0,84.701796142583,-1.3469878366992658,3.0,1.0367036809318884,1.809101,-0.7698784138878272,21.3378018078767,0.5597483768077457,3.0,0.10593467923578816,0.628059,-0.3984687787532085,2.229171,-0.3010726042818505,1,0.25801303769171535,1.607953,0.10246143027300134,0,0.04969680440571974
3,71.1289245726394,-0.23687063879034576,1.0,0.9064490769932726,1.77,-0.3629436591833962,19.6276018412221,-2.6974595859918318,1.0,0.9749330174484551,1.0,0.3640194997978533,2.0,0.9432638201500145,1,-0.23538217830748476,1.0,-0.1788211146509989,0,-0.527455946387126
4,104.364933811186,-1.8518693672459874,2.055209,0.8330060958272558,1.807029,-0.5744698411694712,22.1696563025032,-0.06982203793380744,3.0,1.0152168861357018,0.14451,-0.35438477779560107,2.885852,-0.15380998306316157,1,0.30805893927901895,0.903369,-0.10691773414671957,0,0.10524270703213436
2,44.7757767118225,0.7790863745918378,2.945967,2.444350753915154,1.830068,-1.252108446303273,16.4775106639803,0.9475150981872107,3.0,0.372948958394528,1.466667,-0.3345336252719836,2.953192,-0.39497281894145625,0,-0.28106435127730894,2.830911,0.13897472601801045,1,1.1638949488956518
3,80.1199828386154,-0.5771632393207423,2.0,4.019159448568794,1.82,1.0469864666504205,22.171866722042616,-0.8041972359258981,3.0,-2.178165727814721,2.0,2.4852436237642888,2.0,-0.9016502845507115,1,1.3608093988190921,3.0,-0.9030861951558804,0,-1.2007312219714406
5,113.27135427905,-1.6933169030964768,2.19331,0.7918501972413774,1.7769053126352679,-0.6163803530720293,24.1552420352713,-0.30284388466880036,3.0,0.15778400267326625,0.857438,-0.39281079272587355,2.089983,0.15767854948878424,1,0.15739334734975163,1.360994,-0.08723423940328716,0,-0.05304663814146334
5,103.174614284482,-0.613311140441744,2.736647,-0.5805935359539759,1.695735,0.6287815415635161,30.9079321649124,-0.6236453851480807,2.015675,-0.5884281278373771,0.056351,0.2825929407518134,1.0,-1.074667434092789,1,0.019464268572323088,1.977918,0.3240999104331376,0,-1.2249961888271816
1,81.8298063674106,-0.4265921962573508,2.0,0.1832458612406169,1.715118,-0.471379919169839,24.1722171512855,-1.3860160019331718,1.976744,0.12245892829676049,1.127675,-0.0016311076647057738,1.628997,0.7421743092484877,1,-0.005614986818026705,0.880584,-0.17091406384029123,0,-0.3542212618229525
4,83.7067386019818,0.38611094237973004,2.964419,-0.7436875270858857,1.613119,-1.8757942275189479,24.7554127494707,0.13756152659276882,1.0,0.1952504228191661,2.0,2.1424413551788626,2.977516,0.7608766285843654,0,-0.8600007015030446,0.742113,0.4346324480292351,0,0.3094424573720503
4,108.359428270144,-2.0304440362138005,3.0,-0.6571580476830435,1.7776985282947029,1.4420680991661392,29.7333354863504,0.5785974183815449,3.0,-0.19036733545349166,0.0,-0.9161319895052215,1.271178,-0.8250664600856981,1,0.7376605172646689,1.944728,0.06545167915542312,0,0.040432083517996834
6,135.046631455265,-1.1577240264524367,3.0,-0.23593024544706975,1.733383,-1.4699526993480145,22.5170169943265,1.1719405816799269,3.0,-0.7260945002126727,0.869238,-0.15628473409589316,1.485736,-0.11732106067706737,0,0.1724932673863193,1.950374,0.05331128589857699,0,-0.0636937281473467
5,103.912387330541,-0.8317656718948702,2.562687,-0.736441083063802,1.705682,0.5762530810822122,33.8203847442774,-0.8576662020056449,2.100918,-0.4654198682592067,0.412329,0.5265041617550501,1.458545,-0.6692110171224738,1,-0.16065533823828926,1.167856,0.2732165598160059,0,-0.97818959204586
5,112.748544674744,-1.633709471428133,1.760038,0.6291352177505763,1.784994,-0.41749006635682734,21.34848136705,-0.5909472059434246,3.0,0.6627122976612314,0.072264,-0.7911741824670611,2.0663772911731697,0.01915074014371755,1,0.4699043059384834,1.089061,-0.30706429919201417,0,-0.23398818698619347
2,56.4355842913696,-0.8115898246880007,2.362918,1.5775253237939788,1.767563,1.2247480031927145,19.852251637273,-0.7537207034723578,4.0,-0.9265606885254779,0.939819,-0.24552894670324404,2.358172,-1.4997415078941654,1,-0.7328660312220159,2.0,0.16065827089919368,0,0.716515835551616
5,122.127811244222,-2.695944967899852,2.630137,0.8538870240347277,1.874519,-0.5236798333224112,25.3547956411686,0.8729182782944811,3.0,0.9858365785757173,0.0,-0.2896288792605672,2.960088,-0.5480045600650784,1,0.48013412944561584,1.356468,0.173596962618702,0,0.03037083700095224
2,49.5574482687243,0.722013928032581,2.052932,1.372296868935973,1.781543,-0.4048761451737319,18.9003004464585,-1.1241105401318228,3.0,0.6705084204590164,1.0,-1.3869945740390823,2.0,0.786281349659867,1,0.39408988643354564,0.520408,-0.6590569064136382,1,0.380654044637855
6,130.003900266936,-0.7612966134963288,3.0,-0.3595922371267707,1.7096336628631108,-1.6231280234732703,20.2549072037683,0.9349070824628781,3.0,-0.964123485115526,0.959218,-0.29781199605040237,1.154698,0.10265160542358405,0,0.1925996230471458,1.71836,-0.08177454649670923,0,-0.15509008265913016
0,75.0785259590849,-0.2091022416408137,2.0,-0.22755405699047165,1.676014,-0.006361903030180817,23.0128908026843,-0.9024014924388591,3.0,0.08518718019519368,0.0,-1.1401349277800736,1.164062,0.10917151651227043,1,0.6053751156270936,1.0,-0.5008484697306143,0,-0.3912756976776915
3,62.2525179249363,1.2695645086474288,2.0,1.7531314487894607,1.7114341395929218,0.7678344513588243,23.217216698281,0.004076666106751502,4.0,0.3569798050318893,0.0,-3.106955952634728,2.0,-0.3267397339238827,1,1.2830847483882908,2.0,0.5083049996889383,1,1.1781388527505425
6,102.519826979922,0.2619651396215513,3.0,-2.124989643807814,1.596813,-1.202837270358794,25.5150769499588,0.5649177362990669,3.0,-0.83957809868672,0.566353,-0.4238173658607639,1.000536,0.5734787153927047,0,0.45038530067889887,0.005939,-0.450939034634515,0,-0.17563989393964352
1,83.5905398282711,-1.31971415880025,2.0,-0.49928487586344683,1.73196,2.3349198790959296,33.3877380348605,-1.045755481782292,3.0,-0.06737159975654142,0.0,0.06490542085781496,2.205911,-1.4238990128472204,1,-0.2403406356843436,1.293396,0.17380516295554746,0,0.0917623936550445
3,80.1924185930168,2.2188240476940178,1.0,2.574011158638484,1.7122237094673607,1.7120779328933295,21.5538384056445,-1.410557020846368,3.0,4.878242374151346,0.0,-0.20709798017388578,2.0,-1.5755510739085086,1,0.31318998537300885,2.0,0.18114559731394056,1,-1.6642981552761411
2,37.5831795044491,2.5770326278230624,1.522001,0.49267981017819684,1.530884,-0.25405988400937196,20.5408155009379,-0.889690428326572,3.0,0.5755693940982954,0.720454,-0.8137985552620365,1.98126,-0.025281241767572002,0,-0.0640087723356187,2.306844,-0.5687542163321048,1,0.7950692573839804
0,73.5532105170123,-0.7726631521824834,2.0,1.2733082865203238,1.709484,-0.4164940442287667,18.6848577682608,-0.1661965048388305,3.0,1.0191361139766022,0.009254,-0.30994675009252765,2.843777,-0.6877759455157173,1,0.12440177437115293,2.022315,-0.03311659139706309,0,0.24421953719188605
5,114.170037508684,-2.0703737187326707,2.219186,0.10169099154450328,1.780089,0.5096203652378548,27.1209349086608,-0.7948544895351314,3.0,-0.35950974122168877,1.74288,-0.12690834818004962,2.092326,0.5870802356524462,1,-0.18220784237694274,0.545919,-0.10746493694250986,0,0.6191226681214118
3,66.7620194995228,0.2527213267411331,3.0,2.100783171523932,1.87,0.7882854873217037,17.6885304171967,2.0294494170911688,3.0,0.2454624455201897,1.0,-0.9477048870894692,3.0,-0.4455772766536157,1,-0.5297029255823487,1.0,2.016068526445563,0,1.9659521958974362
1,85.5569762890132,-0.04726042474296285,2.0,1.2767682457705458,1.7,1.2744009085521693,24.9469285309411,0.24798633571382897,3.0,0.06943372100774375,1.0,0.18668267940313785,3.0,2.630610280239639,1,-1.7156201159473372,0.0,1.6433874437126703,0,3.050542929287927
5,119.113559376252,-1.5464654410448797,2.18354,-0.020655597602123658,1.773259,1.6344371647689502,26.184528544458,0.805897963366402,3.0,0.6941228592204745,0.0,-0.3153799589517729,2.4783026422085146,-1.1035998381274332,1,0.5072900573539367,0.68183,-0.209808700673979,0,-0.5485179665093722
6,104.815184252591,-0.29813759951808066,3.0,-1.4989398911445553,1.68395,-1.201120772321075,26.4473378734796,0.6237906205842536,3.0,-0.8449151604847088,0.852362,-0.3354772892844736,1.241378,0.5567895621067174,0,0.3172029646489926,0.259427,-0.29611977290309016,0,-0.057501590431817906
4,106.074271071507,-1.7827683066030047,2.252653,0.6188158844755463,1.773594,-0.5981357459151608,22.5152443075181,0.25529793929823213,3.0,1.076930520872195,0.0,-0.2553188106880679,2.962371,-0.3318200395229261,1,0.3506426778307688,1.0,-0.05100078673794556,0,0.11226395896152115
3,67.3280647865424,0.29410280667514505,2.0,1.918725164650425,1.8,0.2878713974334622,18.7829670853533,-0.35515394352079077,3.0,-0.6020696457710041,1.0,-0.9544344016418553,1.0,-0.48586433698908477,1,0.19577863412282795,2.0,-0.36601638611875315,0,-1.195327893381436
5,108.302927851098,-1.3083392643016114,2.549782,-0.41562923852664235,1.704877,1.1773978423190865,37.1059481208473,-0.15986018397269258,3.985442,-1.136447923989728,0.0,-0.8290576645768262,1.0,-1.371682090084007,1,0.1967241888970596,1.976582,0.04372494465200469,0,-0.6229835001094648
0,83.7819814066438,-0.6557457088421831,2.81646,-0.6628095775879074,1.721854,2.1569736819324934,42.1334118918565,1.5525946951645135,3.36313,0.7306773627168871,0.26579,-0.5894480988445947,2.722063,-1.4004230845996513,0,0.3651057611974932,3.0,0.2495735360860112,1,1.4437090123511713
1,82.2276597824416,-0.17633816503646002,2.0,1.273524550702463,1.674327,-0.32105487082940704,21.7814071838232,-1.519816657265287,3.0,-0.8564586158397487,1.443212,0.4783719445942463,2.0,-0.4820211739250127,1,-0.9129280229094175,1.66639,0.1149316499260723,0,-0.21662673341564098
1,71.4475991496129,2.0911125967017763,3.0,0.21943949209005617,1.543338,-0.7243697946194183,16.7326154809014,1.0357130655746951,3.087119,-1.3198823917015916,1.0,1.0339441695595115,2.0,-1.5998019335043552,0,-0.8383729619272452,1.403872,0.04804632330881034,0,-0.8926892608256822
5,106.679702359142,-1.5937172959950687,2.541785,-1.1872524622628915,1.74285,2.507201634458796,37.089768469117,-0.6587000490122616,2.902639,-0.8602746177608642,0.0,-0.32330406931958033,1.0,-1.3862963747049013,1,0.12978936492543097,1.668961,0.20219938139365598,0,-0.46135199717658365
1,78.0704558837202,-0.340075024199656,2.661556,-0.42218105460998867,1.7,-1.2269126197957827,24.0871577099177,0.792888189204494,3.0,0.32536596720045513,0.658783,0.350810000965468,3.0,-0.02332912774251121,0,-0.11799578129368621,0.55181,-0.03252227373634321,0,0.661303789165524
0,81.2639860822623,-0.35930578011295466,2.0,1.7735101388655725,1.756774,0.2271903283223009,18.5390155200603,0.5301688066267117,2.658639,-0.022762958689807326,1.409198,1.6689919524999797,2.781628,2.022409735337622,0,-2.7413858521563186,1.955992,0.8719967584208697,0,2.6084058450907923
3,52.5924250545844,0.1265002824492571,2.0,0.1251035500612482,1.65,-0.09373031015817306,21.6575452878092,-0.7678285765905727,3.0,0.5445462257437533,0.0,-0.7295906389068549,2.0,-0.12096047256544133,1,0.34731206853574675,1.0,-0.383536325564584,0,0.013488551376100338
4,99.874292480959,-2.345732786153034,2.871768,0.3091628393876686,1.785286,3.3678295519339265,38.9961048604625,1.0615892889567458,1.792695,0.4792626137256715,0.903903,2.012102031170406,2.691322,1.1250191104587852,1,-2.230353795865301,2.545707,1.5209740070778408,0,2.4422549473736583
2,58.7677671359975,1.2165489255795514,3.0,4.69816223518204,1.9,1.857240585838836,18.2444442007756,1.3796401233436517,3.0,-1.3842717519921186,1.0,1.559348213772956,2.0,-2.126769877180033,1,2.310698498448425,3.0,-1.1378930612461244,1,-2.082680937278646
1,84.6260132721059,-1.6465652576048975,2.6495402291814636,0.35621896837172967,1.765188,1.8061165924267517,33.0222553947807,-0.3429964439233967,3.0,-0.4504184869045403,0.891189,0.6801238771488756,2.653831,-1.5314006709134353,1,-0.6914093823780203,1.96582,0.5815254824460916,0,0.4345885143651381
4,88.127524931824,0.47860110831575087,2.870152,-0.33913924422350333,1.65,-1.2911621446785182,21.0239989331025,-0.10060407124327497,1.001383,0.025864939962375218,1.0,2.3918229437962646,2.9589777130554302,-0.7159723157647231,0,-1.1054904476536627,1.322558,0.6887881769343863,0,-0.3308346589828201
5,100.4327006828,0.3514529128297037,2.996186,-1.0566342840856726,1.603501,-0.814659487222958,25.0080279915277,-1.371050677403926,1.134042,-0.9490649850292165,1.551934,1.479028410714117,1.270166,0.4340560977870756,1,-0.6490082874199913,0.073065,0.2214754856018017,0,-1.1420324976102436
6,131.259429620714,-1.061974041248089,3.0,-0.23347585854803438,1.730333,-1.6105622020639905,20.7639106990519,1.191693037137607,3.0,-0.5722097614951239,0.780199,-0.11860529791125049,1.674061,-0.09307605492304359,0,0.17515015256894997,1.683497,0.013594779943684032,0,-0.009832813333721874
6,138.32915908202,-1.7980096636909042,3.0,0.45565015634717787,1.782453,-1.7368368634768392,21.3890483777749,1.668702180091237,3.0,0.02024297846338509,0.832515,0.4027153027966795,2.748909,-0.44138027734791685,0,-0.0679463776143147,1.989171,0.30711677773888246,0,0.36394557209564815
5,116.014905055459,-1.7656021119409553,1.994679,0.6217275911974651,1.792998,-0.5575487781340451,24.1916048844457,-0.5600606320069731,3.0,0.23124064677400738,0.739006,-0.5543406992622586,2.0,0.33745876670793323,1,0.2581884737308152,0.966617,-0.21514627784071366,0,-0.1374233929045766
6,132.462095503226,-1.4849048490089762,3.0,0.17186745213613508,1.7501481447497191,-1.9060268929792141,20.2795153293283,1.5469603687284164,3.0,0.058267902788048616,0.862724,0.4626299504261712,2.833566,-0.21864021958640842,0,-0.08716876602570683,1.413239,0.19359187087519064,0,0.4141380643642431
3,55.7958910464086,0.9846638484709247,3.0,1.6625353694963019,1.7311243143909014,0.5636121656810706,23.289053179741,1.7965541975483292,3.0,1.4094666533372897,0.0,-0.649866694240344,3.0,-1.5156881855708497,1,0.6129936108864136,2.0,-0.11266609493610444,1,-0.3480513561172075
1,90.2530921730168,-0.8067747176925789,1.780746,0.21729590345749972,1.780679,-0.5843776757771746,20.9812527546715,-1.4749128346639073,1.471053,0.8570876270214544,0.568668,0.11210547557929314,2.0,0.7178357422203983,1,0.1791293748202559,0.467562,-0.17709677982763442,0,-0.564889397561664
5,121.823737443364,-2.1510438790149937,3.0,0.07130496888343026,1.848553,-0.6845221132180676,23.9643061050315,0.7352251477708635,2.567567,0.48725996477367806,0.0,-0.46169608964987024,2.011023,-0.1590274734294136,1,0.7283251906445003,0.916478,0.036662050838325876,0,-0.467078889896349
6,122.424546223585,-0.762923074917836,3.0,-0.44009575000035184,1.707508,-1.5998762106931668,21.4316883466276,1.0110856286611496,3.0,-0.680711103774543,0.926052,-0.09375725564504266,1.615548,0.09769663943369199,0,0.1230529441567696,1.376534,-0.05169443831602981,0,0.0338027118517567
6,159.35747862416,-1.9842667064481554,3.0,0.3375602531020866,1.793824,-1.9287172314136323,19.7957264001811,1.523705466631718,3.0,-0.41218307769704454,0.947091,0.1117323399260793,2.069257,-0.18214361331256795,0,0.07709821354364876,1.986646,0.18841027043176067,0,0.04031293441912311
3,60.8393023036558,3.1470442374745775,3.0,-1.9054958524967998,1.59,0.5691805652926604,32.3177275505228,-0.0739137296122348,1.0,0.10704130656948603,0.0,-0.15374689155606194,2.0,-0.21562723847041945,0,0.5416360259568912,0.0,1.1335867770352577,1,0.11924099450146487
6,104.748087618679,-0.47065084031559346,3.0098916612521838,-1.5511675649848862,1.644199,-1.2717155620766598,28.1349168352359,1.0365035595872973,3.0,-0.17023359852895492,0.733085,0.2576016041229308,2.310076,0.30098449007223105,0,0.1238822064735011,0.07115,-0.13131210708756483,0,0.328429509282538
4,105.172415642925,-1.1348504231881542,2.0,-0.043602405910727816,1.7858121715500355,-0.630994117268587,21.1630484335902,-1.0330798744488332,3.0,-0.13923767586535946,0.526999,-1.1489136804526272,1.155384,0.8334115562192835,1,0.5923789581263856,0.003938,-0.6008121556773451,0,-0.48697052276399216
4,76.9744833163192,0.10285502365673699,2.0,-2.6731151773100597,1.524293,1.8300144316005091,37.6410170140441,-0.17010730667110796,2.994046,-0.05583209068423416,0.0,-0.26555103638259275,1.603549,-0.556105709550506,0,0.22929629553629252,1.335857,-0.23564999484428117,0,0.6682215640102656
3,66.2134122865631,-0.0378981836028304,2.0,1.5045223949159108,1.72,0.6387879189533577,22.6041803069293,-0.4699886412119916,3.0,-0.9438211725926601,1.0,1.493054753406124,2.0,0.6329626102478174,1,2.61851569783268,0.0,-1.8031930874967899,0,-0.9915424256144014
3,69.2787881311071,1.1617287074550975,2.0,2.145313666875282,1.75,0.66999449107781,22.9364831305935,-0.310083444227842,3.0,0.5257235525456667,1.0,0.11616723912136682,3.0,-1.1872688827196398,1,-0.4600604895337677,1.0,-0.16924543472342327,1,-0.6460921105849387
6,111.870702453315,-0.8277190777701802,3.0,-1.3230041076014554,1.6692883015555995,-1.2907089842762598,25.8746973679509,1.4559933341067932,3.0,0.36286565106307667,0.153462,0.2499990258042158,2.724099,-0.1575953260398092,0,0.27826757524976964,0.336795,-0.05214831891091043,0,0.32951346789687097
1,80.1422486605529,-0.3641904653852615,2.0,1.7388923605028852,1.716545,-0.08520755765376821,21.5434479052454,-1.376259256020381,2.783336,-0.6843540842492747,1.206535,0.4805139311193795,2.0,-0.9145510450277612,1,-0.8780492222840359,2.536615,0.3022749858321133,0,-0.31077335190022204
0,73.4257981460496,-0.292734267892409,2.4068465710880873,-1.6362906756394526,1.6702654915411344,0.9075737673916824,30.1617182688427,-0.027939066800918372,3.0,-0.41116395658346283,0.686529,-0.23912662952691174,1.771781,-0.08146557070433438,0,0.05302268634582075,0.759422,-0.20069259288975533,0,0.7859304194881171
0,88.078817492776,-1.6531424236201369,2.0,0.04053435186334403,1.858624,1.0861575511642587,25.1776751357882,-1.3315962455137549,2.77684,-0.3374646254784808,1.0,-0.9359535218565439,1.278231,0.49597824164444776,1,0.28380934171008587,0.55713,-0.32460924371921723,0,0.1740477381317567
4,83.2262486485207,0.6923064924266253,2.805512,-1.1842845441971745,1.632605,-1.641407644139122,20.2857651003126,-0.12676908759106917,2.880817,-1.1770799054457297,1.376597,-0.27926995871799054,1.001307,1.031460919687181,0,0.027480022511165943,0.0,-0.4779420683112855,0,-0.002783795394858092
3,52.9868093936144,2.1785715822714,2.0,0.480599584281066,1.58,-0.2119522848332551,21.0505877698482,-0.6319787361903384,4.0,-1.7747836875738863,1.0,-1.0105213636371477,2.0,-0.5259442793358099,0,-0.3513202293965317,1.0,0.8501047954270247,0,1.0609913301590852
5,104.214735901641,-0.8966608046622486,2.57649,0.1313276008076675,1.7441004750856068,0.32743396082887194,28.3504997922012,-0.7469863944131364,2.187145,-0.5613931051556471,0.413663,0.36885105758406855,1.38107,-0.9429781282253472,1,-0.20432620567447807,1.928275,0.3422605246458447,0,-0.9895991555164987
6,133.152258329919,-1.0612780606630619,3.0,-0.229562729585652,1.71978,-1.717281037803492,20.748537057497,1.1752672038348193,3.0,-0.584218269184616,0.927341,0.0032213387960613278,1.777805,-0.00643072571343164,0,0.09199434659824696,1.584716,0.02173507828961364,0,0.0506506182337216
1,80.0461961049086,-0.16616245659951565,2.215464,1.0550915683860325,1.719342,-0.18008990869136046,21.1583645077594,-1.4228364146000658,2.116195,-0.5041411509377035,0.971746,0.6770742020045905,1.80996,-0.6754927664033338,1,-0.692000105596607,1.910577,0.2874065536935636,0,-0.6589130079362225
6,110.049058302766,-0.6518384455558306,3.0,-1.6137314462871908,1.643167,-1.322629966108212,26.0416168732966,1.3953426261905675,3.0,0.3782583933522589,0.127443,0.2662039525410818,2.72005,-0.038046630878569174,0,0.3002726349845567,0.0,-0.12462181797728447,0,0.329180300403235
6,104.866844881787,-0.35178336591812714,3.0,-1.4617477287243876,1.616975,-1.51926517580472,24.9759629337115,1.180825246869103,3.0,0.1174699772232954,0.55415,0.3978392253572146,2.653563,0.17675602572133017,0,0.09494739741843286,0.0,-0.13598515114068116,0,0.4156267569644852
6,139.705057973423,-1.8402791288793023,3.0,0.7085974590177353,1.808765,-2.044969028608966,17.442639652949,1.6712573497802858,3.0,0.0916385664661613,0.789064,0.3476028331693868,2.830247,-0.3722579825316175,0,-0.046557958474506625,1.783138,0.25350524452437384,0,0.35047012399401956
6,149.132318440753,-1.900859460665305,3.0,0.07193490199426131,1.7905841504812985,-1.7236014961919335,21.6062405728327,1.5822186644502612,3.0,-0.1521063382716623,0.70558,0.13349926962588607,2.309409,-0.2553653477092109,0,0.14311633395683945,1.68291,0.1748248923097107,0,0.12055711001192561
5,113.681380864265,-2.1387483902115236,1.067909,-0.7111174887072127,1.758539,1.6664379476102265,29.7087639257001,-1.4067732224147824,3.656401,0.5734767369505887,0.0,-1.2971158045916236,1.98459,0.14625336682573195,1,0.5497099181150146,0.054238,-0.6525279297180953,0,0.4483146540536358
0,74.0879209330274,-0.7276928001820724,2.0,0.8601686396513979,1.698049,-0.3822512546356033,20.7990801681009,-0.30474967200515796,3.0,0.9257555608743359,0.127879,-0.30007072697722154,2.763573,-0.4111424810481838,1,0.14126066823421013,1.502711,-0.11571815166920685,0,0.23098272824513977
6,133.719694816986,-1.6132400898917796,3.0,0.11591863314852083,1.7505311914933037,-1.7095401729636055,22.4071355106223,1.6521723865910012,3.0,0.13848168163326294,0.77319,0.49384684622724756,2.896088,-0.36720282018715406,0,-0.06747269365461726,1.612741,0.2586309685244538,0,0.4280212601808932
0,75.2707427204414,1.7724124019639884,2.0,1.6554184626334651,1.67,1.9940495746506086,25.0349580013856,0.779838014004682,3.0,-3.557935974444815,2.0,0.7658471010924824,1.63596754904858,3.922678564815069,0,1.1840890053788469,0.0,1.8329750831736087,0,-4.5940297694545
1,67.1879057743062,1.9305984466511237,2.4564524822111693,-2.028285912330196,1.58,0.5411392734390719,30.4707884600404,0.34326302623379584,1.0,0.13710990090314054,0.0,0.6005347641001881,1.0,-0.4809630753366086,0,0.3859278781405111,1.0,-0.16562828695993312,0,-1.6582019476764776
1,76.2170570639832,-0.022063771487694343,2.79606,-1.788474615497202,1.681021,1.2700025384203715,32.3372042237324,-0.3631126022389826,1.971472,-0.7860219423842066,0.704637,1.1633960164009132,1.921601,-0.9483231167093427,0,-0.6416775102909588,0.935217,0.3902308042113843,0,0.10967801380045293
5,119.466942352686,-2.3764564372704644,2.671238,-0.6045032947871297,1.779136,0.9532940299810474,29.8683976377435,0.21863304838055095,3.0,0.1320752525532087,0.593917,-0.3501060699913996,2.145368,-0.19533296504217618,1,0.3638693895292409,0.8052625405288074,0.00502232997336358,0,0.40381705529582124
4,84.6935921933397,0.33040536800461373,2.290095,-0.43659979487386547,1.66913,-0.9643668132802268,22.7809482682028,-0.6184173469813489,2.590283,-0.5700933722434668,1.0,1.083747383402394,2.506296,-0.3006161124699992,0,-0.8612753546284863,0.312254,0.07455983425332326,0,-0.01733911788944972
3,51.3958498637387,2.366915054213803,3.0,-0.041042565081394956,1.62,-1.0632255373734971,18.8770619496754,-0.23723071662405312,1.0,0.6251464779031615,1.0,1.6512988205633525,3.0,-0.44691433835194666,0,-0.8090753122719675,1.0,0.32058389249735925,1,0.050582127786369856
0,78.1466266036815,0.2483334263539331,2.0,-0.8473702111796817,1.73,-0.7770583332508696,21.0695660399569,-0.6217481759525915,1.0,0.9019391665001225,0.0,0.562211728079183,2.0,0.19749014714801513,0,0.15255592399657017,1.0,-0.028290600880290034,0,-0.4660315507338197
6,134.21817728072,-1.5610496665633538,3.0,-0.1218774538345902,1.739991,-1.700567519252302,23.2497262588777,1.584946408825833,3.0,0.09617038542510865,0.803156,0.4869057609631618,2.837797,-0.23392216074378988,0,-0.04520195965465042,1.343875,0.20644883757087829,0,0.408509281247539
2,40.8294729514602,3.993164832597765,2.967853,-1.3644390456124078,1.566501,-0.6311316743321177,19.5059435067497,-0.2317490028883363,1.0,0.01246814693256722,0.504176,-1.212782939201771,1.131185,1.0994517711097296,0,1.0389264593631904,0.0,0.5791178922064082,1,0.35212179300210256
6,133.268779529209,-0.8772261570477937,3.0,-0.3085946784631406,1.713133,-1.7641662283957582,19.2838718268803,1.0377885446953248,3.0,-0.7872657760737624,0.910683,-0.19248430647255535,1.411365,0.08980981677871329,0,0.17323925153833017,1.564618,-0.07001609664261893,0,-0.09235054611429407
5,117.578976311281,-1.7251004346030752,2.178308,1.125656300174463,1.762461,-0.8868230124691225,25.9943387921841,-0.5925755679864477,3.0,-0.30747963440393217,1.875683,0.034850227239670774,2.165804,0.5985751140644084,1,-0.3069144807483962,1.420675,0.014391789834206938,0,0.17350084820726397
1,88.5269218287931,-0.9922206396698107,2.0,-0.4673459943784867,1.780448,0.1963871279399274,29.9285297824392,-1.1873264183751058,1.178708,0.9192132338398393,0.276364,0.19238751290804543,1.791286,0.39730278502127614,1,0.3636210583071136,0.893362,0.025247738461027926,0,-0.7410455634675437
1,90.1320796748647,0.40906099806482515,2.0,-0.8233176725675075,1.79,1.7096760556150978,39.9329885968921,-0.26314244582315127,1.0,1.8485854899997394,0.0,-0.2073166793495781,2.0105347471458814,0.04664601987683566,1,0.9539977391925282,0.0,-0.3324640730616986,1,-1.4944061505021946
4,88.849788094451,-0.5696899871907554,2.0,0.5861820437074223,1.657995,-0.3176373993277711,24.839609912773,-1.104704085160112,3.0,-0.01276199709491154,0.969085,0.8601432222944903,3.0,-0.5259130826480034,1,-0.8206280826208735,0.603638,0.1151669364691863,0,0.015603964306012496
3,78.7970584578656,-0.31551311791502124,2.0,1.6876533980656097,1.88,1.8673451585244862,20.6075304701209,0.5784916545916421,3.0,1.638535116176013,0.0,-1.1074713156785463,3.0,-1.1483599657020074,1,0.6614021166271485,1.0982676059817542,-0.4053947946112816,1,-0.007711661790585179
5,102.256011025735,-0.6415698102516579,2.826036,-0.6481992357679547,1.6810480989443966,0.7010508218465232,31.9769597713107,-0.3901614922199526,2.371658,-0.6887276530200399,0.0,0.12347902882689286,1.0198992443339072,-1.1967737822165936,1,0.06533984193312405,1.996487,0.2953198906815081,0,-1.1053848815767542
2,41.2950101583924,3.029665382165899,1.21498,0.006090557046172862,1.573816,-0.854440891953053,19.06787130895,-2.5794697879496242,1.717608,0.0029684516592549813,2.0,-0.3009376317582009,1.179942,1.7236725558534625,0,-0.38579288206725654,0.684739,-0.7891173504046739,1,0.26925617991636025
4,97.5286826804621,-1.0243896960924443,2.0,1.9401759351794088,1.74312612669438,-0.19491963862654918,24.5467813702603,-1.1968027970188546,2.986172,-0.7381623741372524,1.632506,0.7166634488424536,2.364208,-0.8004556803018058,1,-1.0646445685575445,2.492402,0.4124337544569494,0,-0.09826370273968342
0,80.6989980993429,0.2079987839381739,2.0,0.9929352043945073,1.755254,-0.5663237552678457,19.7905485864505,-0.9562932584088119,1.095223,0.023397311342075518,0.7939,1.722261416832062,2.474132,-1.1263733631665072,0,-1.0924827963771404,2.876696,0.6864884374510313,0,-0.4775988049010837
2,51.2481810129923,1.858407620699258,2.55996,0.5858483021672298,1.703584,-0.6415722762346,20.6775271491889,-0.5793986858244958,3.0,-1.8781488983470729,1.561272,-0.4261048407466612,1.990788,-0.018169531207039707,0,-0.46317872113112396,0.486006,1.1113870679987878,0,0.8007444784481658
6,110.136505945733,-0.34851348764144335,3.0,-1.62231204446688,1.600905,-1.5201866549271477,24.9679497647103,1.2118946748236419,3.0,0.1106639570195598,0.462973,0.3597555576567657,2.555189,0.16247853633463438,0,0.15591571159216874,0.0,-0.1629803876923377,0,0.34521402162555537
1,98.5770341798247,-2.4593498254525876,2.399531,-0.18791872533022733,1.848965,1.415518748179789,32.8213223431939,-0.1504543846870518,2.623079,0.5301710586010328,0.606264,-0.12971495387440454,2.535127,-0.2902972173669488,1,0.21508427586640425,1.030752,0.16499385249606116,0,0.5131085688849535
2,50.5217993936266,1.8264184317409187,1.031149,0.4574016143348628,1.7,-0.7438918004229732,17.3650423579402,-1.817107013843213,3.0,0.6191883717682175,1.0,-1.2216534241144086,1.963628,1.2156437415532668,0,0.09357209502179656,0.028202,-1.02074098542455,1,0.6544168497024271
1,85.4238051246886,-1.3271947517477567,2.0,-0.5384409313074474,1.741192,2.308463835203791,32.9087967944861,-1.10915137807063,3.0,-0.1617723246671698,0.0,-0.04275870259185338,2.035954,-1.3427251557399127,1,-0.18634263921993074,1.210736,0.12696321498291324,0,0.01394902388822573
1,89.5044692452363,-0.8300508075915525,1.979944,0.1388162050081348,1.784555,-0.7336152093487825,21.5729221132256,-1.3478133820095473,1.599464,0.6406338983561257,0.819475,0.13906895962244267,2.0,0.8881520056587425,1,0.13332043306552532,0.17048,-0.18527993905733042,0,-0.48192349060965717
4,76.68973710334,0.19548855753556937,2.0,-3.6149751636845684,1.532643,1.9017986043964048,40.3548854457119,-0.518724170623129,3.0,-0.2661969815196142,0.0,-0.5464873900995503,1.186996,0.07634903849653198,0,0.4651678616698904,0.0,-0.5221125772101997,0,0.48168260993970224
3,54.7709155948021,2.3979694201175676,2.0,-0.4560735144200836,1.58,-0.7085049218194341,20.68092661164,-0.9370361800591364,1.0,-0.12196126487950912,1.0,0.011505520098181824,2.0,0.7427157123569197,0,0.09341741418652766,1.0,1.0607250493731943,0,0.5274661058794928
5,99.6014447258526,0.36799173735232693,3.0,-0.7706745568484712,1.603226,-0.5987105760728283,24.7351591861436,-1.246380233921318,1.262831,-1.078960694541768,1.382995,1.2469432829194391,1.0,0.06863493573742181,1,-0.5813359268904642,0.883171,0.28134915210876926,0,-1.2076151315514865
2,59.5995901527746,-0.8931763680375799,2.424977,1.4070118337453381,1.80671,1.3150437893874793,16.100823524877,-0.49923091327296143,4.0,-0.6917920288029071,0.03921,-0.8083912890554296,2.0,-1.8284998247440583,1,-0.23309416050803744,2.0,0.028930313478229785,0,0.36489127854920705
6,133.983279300651,-0.8735899311586213,3.0,-0.4221757487006971,1.708291,-1.5907617133545215,21.1945552376919,0.9892998647638722,3.0,-0.9275755251038732,0.952352,-0.2531343312886096,1.205548,0.08516942834819514,0,0.19457138551502703,1.723934,-0.059470925722986664,0,-0.14978906103386325
0,67.2109769162542,1.918341189645203,2.0,0.4160177517454502,1.621412,0.10405736171289208,22.7431776558464,-1.1553187509511833,1.0,6.463595088309782,0.0,0.7543048961877322,2.795651,0.28774953702531403,1,0.7587940850071179,0.80873,0.4284211799569447,1,-0.5918958269404454
2,49.8282630927794,1.683125065964308,1.005578,1.0192811515139397,1.71367,-0.03787680124254185,19.3332944558973,-1.525009536553257,4.0,-0.13347963845815072,0.704978,-2.316223492536506,1.0,0.4817043987920157,0,0.3721906402793775,1.683957,-1.062954520642334,1,0.6078401654023855
0,64.4591163695236,2.079880073763309,3.0,-0.1702051705431823,1.6,-1.6284740712113681,18.9959647343564,1.55823351883019,2.449723,-0.3241935230317515,1.720642,0.8285443235585014,1.881685081238542,0.5835090365408856,0,-1.4173888697734434,0.479592,0.6047013438432195,0,0.7254298521657683
3,49.6106572010767,3.9907477825124547,2.0,-0.15963033691927986,1.5,-0.9518954184124727,18.3523719372578,-1.235742469202181,3.0,-1.2032273512287743,2.0,-1.942704734254411,1.0,1.7909481220786176,0,0.3894848788520592,0.0,0.09651408764220087,1,1.2144372685372742
2,49.6210425356074,1.5013832563110558,2.5427411772609423,0.5886081638718001,1.7171002994287095,-0.009330631862699126,26.2794171344978,-0.24145391119702828,3.443456,-1.8583498132968281,1.26729,-0.7173534251626266,2.020764,-0.49867563047929214,0,-0.3346572114932771,1.078719,1.1938044579469784,0,0.9320289189325935
6,138.076225779554,-1.756085161221611,3.0,0.19323878009116544,1.801983,-1.9537584776672114,19.2938440957649,1.539229858754174,3.0,0.052288648541494134,0.735372,0.2492481932951976,2.691591,-0.12574315478750336,0,0.06583562780010292,1.168368,0.1297267278440713,0,0.28456392119741586
4,100.747398504275,-2.4090936498371374,2.33361,0.24903938864013692,1.792507,1.9587468762530342,38.6721898448811,-0.16681924497542125,2.113575,0.45967465139551184,1.0,0.505360970934214,2.504136,-0.8415394263884609,1,-0.1791674359150349,2.998981,0.6403736681710375,0,0.5145717379369071
5,105.888326890403,-0.02825896853867914,2.724121,-0.5301750513490965,1.657132,-0.9497945497720318,20.5355602327235,-1.3112067429908394,1.437959,-0.5687206776089692,1.122118,1.1681373279584617,1.590418,0.22661610862892267,1,-0.5165849386119085,0.029603,0.12116708607441432,0,-1.0698514393435619
5,113.730851583055,-1.8789781933951841,2.075321,0.5143698996796728,1.785108295273628,-0.15896343368275012,26.8533028465125,-0.17602981354432304,3.0,0.5163200263362944,0.276319,-0.5637643835033025,2.144838,-0.17408637890211043,1,0.3920599625519713,1.501754,-0.08116659165228482,0,-0.13822859998325
4,99.30332731723,-0.5798132246904903,2.0,1.0551718754607102,1.706996,-0.2877957281834345,16.6811342430217,-0.9363634680443602,3.0,-0.1409148514591779,0.048617,-0.029694900353960003,2.0,-1.120044609055406,1,-0.2768392473623451,1.73209,0.01219100205741239,0,-0.5901846543295145
1,82.6700750126548,-0.37160776147376856,2.0,0.08629471690912495,1.70074,-0.684572677590551,21.7732869306118,-1.279867586303371,2.720642,-0.12831408071883268,1.043435,-0.5220810743771624,1.5197,0.8756412832724425,1,0.13981659897859622,0.279375,-0.45084380112383754,0,-0.20535710061105808
4,97.174934121769,-0.14185868415166983,2.0,0.4575431364094412,1.702002,-0.9795343534246631,19.9870724554025,-2.2292809089513983,1.66338,-0.5918974534062031,1.865851,1.26291342614803,2.0,0.6310099452585277,1,-0.9949287743787966,0.0,0.05702192172167893,0,-0.6779068161759106
1,65.702632912184,2.170785829014539,2.0,-0.48789686369682916,1.6178372752752903,-0.029398960089162166,20.9745085569744,-0.710203614096407,3.0,-1.5618030376456968,1.0,0.1991892081255279,1.0,-0.5505712790609854,0,-0.5480884039204614,0.0,-0.5193813470291386,0,-1.3146767471846108
4,90.686663774252,-1.4027928688817755,2.903545,-1.5852449265620614,1.670667,1.656535497042208,35.6164764125513,0.27214080733177604,1.508685,0.9922910862895217,0.0,0.6802298172881971,2.450069,-0.7350569904085118,1,0.323106747425709,1.45473,0.42019294450726563,0,0.12638335093081401
1,88.2345726741317,-0.8854865723002513,2.0,0.9583705450506277,1.75,-0.5519433757186585,22.5010076416025,0.7328210052252493,3.0,0.7967832402533487,0.0,0.06168230784900549,3.0,-1.1496473980514395,0,-0.08695160579144279,3.0,0.23383917988272493,0,0.5479481242702464
1,83.0955164286429,-0.9000287872559932,2.0,-0.4713514524432295,1.708742,2.340733747643227,32.2432102372779,-1.4234723166678485,1.171027,0.5277686337611375,0.0,1.1945996220285906,2.251818129967732,-1.5728655270074359,1,-0.4856315196629569,2.300282,0.6273309706344029,0,-0.42381066621581825
0,65.6070999583358,-0.09441071689942786,2.357496,0.08076676817816893,1.605314,-0.2558299752189543,22.4766355661154,-0.04382584779241842,3.376717,0.42562513903937776,0.014885,-0.6369956478108065,2.184843,-0.4387900251967194,1,0.3313832392403993,1.358185,-0.2672359474530019,0,0.17661974288695637
5,114.522080573287,-2.2204553097836133,2.065752,-0.8892976715923403,1.779049,1.1710057724795353,31.421683453274,-0.669680564640672,3.0,0.2300030266318558,0.677354,-0.5053164838931651,2.078297,0.32047862777518926,1,0.33993014176204756,0.0,-0.26157213134363855,0,0.4000179235446449
1,85.393232642957,-0.5880826032148656,2.944287,-2.2732716240152206,1.706349,1.5357144105162397,39.7225356746077,-0.11923568698982052,1.466393,-0.3804517700871917,0.779334,1.7898087650584313,2.442775,-0.9165696332535158,0,-0.7138306333664032,0.675262,0.6513776405587927,0,0.13105905227139117
3,42.0763981125049,3.0342563578670707,1.0,0.2647146298905447,1.5,1.0434625400907465,21.4319888880447,-1.420713872411145,1.0,0.35207623029413543,0.0,1.6309826350637426,2.0,-2.007551961801649,0,-0.9911044780161268,3.0,0.1850030042551199,0,-1.5277560102991388
5,117.060272426446,-2.392199581970043,2.535154,-1.5703579290724268,1.754217,1.8060639617610361,38.0562519480596,0.13592617549873012,2.915921,0.3252919750206156,0.06741,-0.5388655572127561,1.8924,-0.34273379190116116,1,0.6578905522688974,0.693732,-0.03751646569773304,0,0.22377093808656554
2,50.4626288924742,2.1898079116310045,2.0,-0.03148163478374922,1.6102791650864072,-1.2465653798781597,18.5595227680922,-0.9017760512785308,3.0,0.10823840795997601,1.525597,-0.6890686572075235,2.0,1.2185050443499923,0,-0.08144703136991999,0.0,-0.8047600666369866,1,0.7999742922702395
5,119.962535040043,-2.2076168974155292,3.0,0.16406492129504538,1.84629,-0.6534982455813287,24.5020289697102,0.8419214397425065,2.695396,0.5543770184434899,0.0,-0.4269773615947267,2.2040976144220017,-0.2545455407275838,1,0.6847611184976974,0.975384,0.06697287065724036,0,-0.34367249493063734
1,78.5211506364538,-0.1817856236585326,3.0,-1.685612417407477,1.682253,1.4425529680773939,31.6587106322195,0.24680925473836787,2.049908,-0.5324228843695934,0.10724,1.0320073643737033,1.999882,-1.5927648176038764,0,-0.429569407400415,1.637368,0.518985110369869,0,0.052811682582216316
4,91.8689487872263,0.7205628669310362,2.0,1.5775152548139677,1.74,4.364091259647389,21.6567046128119,1.0943466074344386,3.0,-0.9629562981233337,1.0,-2.4309999597146605,1.0,6.114522779314668,1,-1.8098794140379808,1.0,3.444375114482463,1,-1.1402297516237223
4,110.170288260137,-2.176123584135518,2.385502,0.3731487679731644,1.801224,0.6559637962407556,28.3621450757682,-0.5572676855875304,2.883984,-0.3653049135570213,1.767468,-0.009844744689079844,2.140544,0.3103842712342547,1,-0.23247367070503605,1.144876,0.08186261293179625,0,0.6366689391347409
5,129.440956808212,-2.7048951352737913,2.22259,0.9850347759313266,1.8809589187002589,1.0595011927019038,29.7468065488215,1.1511076196122967,3.0,-0.5646224733684344,0.917727,-1.5545260234168288,1.591909,3.75322387301193,1,-0.42201824483857436,1.392026,2.2142489727503833,0,-4.478417912475749
4,97.5049177305527,-1.2212157803148884,1.8737953138435595,2.8270720021102194,1.758482333624372,-0.47033418229928886,22.2198721461705,-1.1607198942222423,3.0,-0.5420005923688151,2.0,1.1186273505321551,3.0,-0.9448685764953203,1,-1.4322845965121738,3.0,0.5990609166564127,0,0.2180610602597337
5,116.467862255342,-2.076265366861164,1.455602,0.8679067377900215,1.830596,-0.17141009050068534,23.9906619951241,-0.7824199671668439,3.0,0.9076126086160297,0.101026,-0.7306235871230103,2.363307,0.008273803750373279,1,0.3990362424198087,1.144683,-0.2551416345627413,0,-0.13582425973364415
6,104.320270975955,-0.5659585552793716,3.0,-1.1909696407072414,1.654875,-1.411297756098607,26.6951302823006,1.1294024953096706,3.0,-0.0337764745341447,0.802136,0.4135927987262779,2.612758,0.19935598961041837,0,0.007082583360394037,0.24629,-0.05166797849675732,0,0.4528325206660711
5,118.434661704574,-2.247974379375293,2.14961,-1.0141281137343436,1.751688,1.3079982516044082,32.0276781569462,-0.35106899084999593,3.0,0.40141147177989395,0.345887,-0.487497120914909,2.133876,-0.0330267388700345,1,0.4379421596092952,0.393452,-0.18562530605613808,0,0.3621369443160225
4,97.6144662874992,-1.2159207035601889,2.0,2.7203384066238483,1.751365,-0.4729721287917565,22.8591957016533,-1.0153615113090781,3.0,-0.5758712170194884,2.0,1.1587671643983752,3.0,-0.979263103310771,1,-1.418530025792807,3.0,0.6296482217299032,0,0.2214272237278303
0,74.4196688356476,-0.6190109728662785,2.086093,1.303317038589178,1.700181,-0.4771669241051454,19.8231649365553,-0.4033962989417119,3.546352,0.04632411998631382,0.673835,-0.7517585013376721,2.081121,-0.28134382508833927,1,0.056698206935797905,1.993666,-0.19984925022751587,0,0.26643930550136463
2,58.4131269885066,-0.759222780081357,2.432302,1.784972941146126,1.824414,1.0779442260243992,16.9340161508057,-1.0632036567528622,3.0,-0.8635372342196654,1.0,0.058812758560745394,2.0,-1.3705225488677957,1,-0.7367508458304509,2.349495,0.32435088440293597,0,0.2568240671034058
4,127.167306030864,-2.553831313826731,2.0,2.9867561040867163,1.98,0.275250373571122,19.8790313813336,1.1642211169225058,3.0,0.5744987861239778,1.0,0.6097408198036539,3.0,2.0464892726439965,1,-0.15974824105767033,1.0,-4.3433402905838685,0,0.5224230481911705
5,103.593146576759,-0.12321495780277418,2.859097,-0.7785840824306469,1.65891,-0.633491522249451,25.5820004682321,-1.2238837814630157,1.340361,-0.6786775007432047,1.261705,1.2967275783282586,1.530508,0.20157207700345436,1,-0.5458656341749513,0.174475,0.23982683116829018,0,-1.0646523687764147
3,57.9008098748578,2.3398875189935344,2.5835336804378666,2.491297293617966,1.65,1.577489169969098,17.4611801135437,3.961952978715636,3.0,-0.9193313226732526,2.0,0.29017594142453723,3.0,5.790944793903957,0,-4.241077782817676,1.0,4.895598384011524,0,-0.14399524698083083
1,77.1215966078664,-0.3052301842333796,3.0,-1.3679811747871515,1.681842,1.4593520802661355,34.0391767834853,0.24085026936885853,2.679724,-1.055302850627881,0.681773,0.8649231901266654,1.9534998883716728,-1.4600393374072185,0,-0.6310281881407476,1.747347,0.49037658875252155,0,0.3638636030824156
2,56.1682024685152,0.36092673709908785,2.740386973389922,0.13206200456489695,1.741377,-0.11616681918169446,23.6938826949653,0.22862425959248248,3.0,-0.6925614541536387,0.071317,0.24988910085975297,2.009796,-1.5157835846778878,0,-0.410821395093156,2.0,0.2726434112139714,0,-0.11440321202896152
3,64.9229256092609,0.7794075201328993,3.0,-1.093581013172608,1.65,4.6738604096671486,60.0346248936801,2.950924132704834,3.0,-0.07592507672471603,1.0,1.7076777981336972,2.0,3.870118990885334,0,-1.9006431002517856,1.0,-3.6000908545808996,1,3.1430957070273546
0,73.8867044301493,-0.45872512197268933,2.0,0.3795752827374858,1.698346,-0.6203035306863621,24.4960977651288,-1.1875132421187233,3.0,-0.13756679685160228,1.415536,-0.301834360675726,2.0,0.8414757563673634,1,-0.12577392683445376,0.345684,-0.3478114941344631,0,0.18164753876698592
3,65.468756841032,0.9150696160499449,2.0,1.257067116468965,1.7682604623255558,0.48322302590705674,22.0475139836259,-1.7359100695429455,3.0,-1.6917033465383895,1.0,-1.5188362269136944,1.0,-0.0741417646441342,1,0.13774717166179123,1.0,0.9156001919312711,0,-0.009571962346434782
6,127.17614193642,-1.1103187430987245,3.0,0.22391822993636964,1.735461,-1.9820602713616027,17.6920597709379,1.3413773775180724,3.0,-0.22736606943209306,0.900067,0.24162800742750506,2.38639,-0.14146517994143254,0,-0.04626290742466811,1.544632,0.0981239021706583,0,0.2774100875073301
6,129.84861055617,-0.9160682308991698,3.0,-0.18383158484669715,1.714193,-1.7709214678318468,19.5357757934296,1.122215915208076,3.0,-0.626838259360416,0.925843,-0.04032429214875314,1.709556,0.007326460238703083,0,0.09150264414496206,1.592494,-0.007132381313396981,0,0.03634226919996519
4,91.3700056827244,0.2702885811343068,1.524428,-0.45857149188421964,1.681719,-1.277311262408168,18.324035303318,-1.1922206207679804,3.0,-0.45348308774328366,1.0,-0.5720950144728587,1.383831,1.0236108474979884,0,-0.01545325800269272,0.130417,-0.6903977794039342,0,0.057474183159068735
5,119.266819903438,-2.427653922808517,2.4008517546206445,-1.7055129970659313,1.75,1.7241103716706545,38.4699323091679,-0.05488518114536966,3.0,0.34576042319903255,0.200516,-0.5126875463842189,2.008361,-0.08645422826363183,1,0.6101366396440249,0.202029,-0.13236067040371405,0,0.29885915742256386
5,122.489684633319,-2.9320670826847373,2.002784,-0.30002904519150825,1.860292,1.5582706455209796,31.5691453633125,-0.20184678619631188,3.0,0.7022624963416556,0.0,-0.7017986669149191,2.292906,-0.4416005411203502,1,0.5589314308548496,1.034031,-0.052255327135679513,0,0.31811674075852436
4,82.8152078967042,0.5669314538235075,1.967061,-0.9929799088616631,1.620938,-1.3871464443465706,24.244360449126,-1.0599898885903138,1.0,0.4742729186340661,1.516731,1.539273705247608,2.548651,1.0783552854677056,0,-0.626201578838633,0.249264,0.021741825047891,0,0.04512078921334752
0,88.6999913630447,-1.803582824290905,2.21232,2.1127094833056588,1.859927,-0.6100930325869277,18.9049193001609,0.10797497977053236,4.0,0.07674020131180455,0.622638,-1.103738936804999,2.374044,-0.43327827726408297,1,0.19219269556389204,2.0,-0.12619799271760407,0,0.38964103356598545
0,84.9516833285975,-1.5738877281196784,2.0,0.49504118645585865,1.855779,0.9137946810962517,22.4912556876057,-1.2633886356953126,2.372339,0.005795389372724199,1.0,-0.5010235870459536,1.675733,0.2606423434340505,1,0.09917417834946791,1.066241,-0.12659051792643522,0,0.21533945306533778
6,133.044295176783,-1.5342174854339379,3.0,-0.12156817650682084,1.744319,-1.747612597275978,22.6266703794396,1.559914163240844,3.0,0.10330718878184443,0.792496,0.4629116148576344,2.839069,-0.1910951318859186,0,-0.032682365543102596,1.231031,0.18030697204398943,0,0.40438978949719906
1,77.3438022084691,0.24826339087127544,1.936479,1.41367774372238,1.705584,0.06351163015909982,19.321373089439,0.0457350040641623,2.837388,0.32762395711238335,0.646514,-0.21214823448337772,2.159987,-0.6835576423455283,1,0.0701139826943052,1.475772,-0.275026903720568,0,-0.9090073099863971
5,102.510569200683,-0.3987987454603265,2.919526,-0.9852589112206338,1.653876,0.19243833364645657,31.4042732053684,-0.6840111663075501,2.142328,-0.8530080745454307,0.636289,0.5545161409425106,1.175714,-0.49602508686847596,1,-0.1795798354564186,0.958555,0.21841758027865546,0,-1.0196164491437172
4,89.9799036284895,-1.5233050322743715,2.08841,-0.6489439166310479,1.681855,1.4935212002576803,30.0898890675359,-0.25554728383850733,2.644692,1.0298402518072616,0.0,-0.004912434864860349,2.773236,-0.6742035718925199,1,0.22221558376519004,1.252472,0.04099121782748036,0,0.5791081002869635
5,119.349632508313,-2.1244012304999624,2.654076,0.5554574474093725,1.859717,-0.6986591598941774,21.5559667846865,0.4100442278840067,2.574108,0.6498408615954095,0.0,-0.4862959738460839,2.150243405513918,-0.2039091359386994,1,0.6229334803550264,1.170537,0.011673853376198414,0,-0.40537210106927085
4,94.8628046380459,-1.1798948255203208,2.0,2.7244898066588847,1.753081,-0.4357101855809666,23.0767375006515,-1.0333489115189671,3.0,-0.577754196921852,2.0,1.1498100217628933,3.0,-0.9839397038785143,1,-1.421444405454127,3.0,0.630614612315286,0,0.23274313718080764
4,80.6378918505649,-0.20138065646731715,2.037585,-3.6386867888309333,1.643786,2.6840441605686185,47.4893712434596,-1.2139329568059434,1.418985,-0.06201525651548299,0.0,1.2032237029794852,1.827351,-0.6918501195902503,0,-0.29993101217093393,0.0,0.2340936096863974,0,-0.21345691889719026
2,40.578062170581,2.9790714298785734,1.649974,-0.27848444969003977,1.574017,-1.1335084224404035,18.9533640948443,-2.086588530180999,1.513835,0.18574585021394754,1.972926,0.04803307602611132,1.549974,1.7325405820464799,0,-0.37846044631046066,0.227802,-0.6799111497031011,1,0.32242593985304197
4,90.2336047188708,-0.36727331900924143,1.712848,-0.48831351294610803,1.661277,1.3658949209003923,23.6309145093838,-2.1936298878367873,3.0,-1.0274188118128993,0.885532,-0.20388014936285107,1.162153,-0.287392587559126,1,-0.43399410915191694,0.458981,-0.3031460777006247,0,-0.17988069508578836
1,80.6596809524593,-0.15149352357823823,2.54527,-0.028678698888584073,1.7,0.5068274689353858,25.1563772012516,0.9932829877495416,3.0,-0.3341132124628646,1.0,1.2511990350972009,2.269564,2.321294373616589,0,-2.2324006808606613,0.503122,0.5982266903463648,0,2.4395585300513574
1,80.00416094558,-0.45255832486536296,2.0470020669654567,1.9713012318965237,1.716308,0.0016907040404447607,22.9709491254247,-1.2702597011319643,3.0,-0.8964688050761359,1.40913,0.4469290267551568,1.9660744644451265,-1.0240158640936698,1,-0.9691811183951156,2.936551,0.37039036578433693,0,-0.19760665517954032
2,55.7470545402977,-0.8040792613692537,2.0,2.575432810283316,1.771915,-0.8371986353568238,16.8671795533027,-0.44228132533436326,4.0,0.031242822702850077,1.340107,-0.5848884519834292,2.884033,-0.2094148195455323,1,-0.3988860903547104,2.0,-0.11032568443544896,0,0.8790908086326611
4,83.564744813014,0.18076499319620945,2.73691,-1.4736095707131647,1.655742,-1.3239979148414478,23.598456400019,0.3494417341290557,1.478334,0.7521720844094969,0.40699,1.0328459306060913,2.677409,0.3456067103456294,0,-0.0034560656864052056,0.065264,0.039860016342008316,0,-0.007181669223711241
0,82.9788710826371,-1.1332621795041156,2.0,1.0957627471124813,1.807538,-0.5478615090923379,20.8617184385294,-0.7880514419303218,3.0,0.1958174657462355,0.776758,-0.6619360364547279,2.028018229792887,0.2778527307514803,1,0.1582371881041789,1.072662,-0.24017071078595392,0,0.0007784284453627488
6,133.200825927158,-1.4592318751206477,3.0,0.23091293470644234,1.745644,-1.9627449960309085,18.3944144628313,1.6624862889655416,3.0,0.213733646781328,0.625371,0.41997765842797946,2.900857,-0.377024863008179,0,-0.018079223413907455,1.508897,0.18770195706354886,0,0.3867815280339748
6,102.429227184466,-0.21541253942138033,3.0,-1.600896008114628,1.6266133051921043,-1.3459499953781504,25.8216077261724,0.9631165706186715,3.0,-0.22817168253315936,0.599441,0.10793072022762869,2.094901,0.29867434447604085,0,0.20246258067424108,0.07089,-0.21527114589862045,0,0.2294998705985184
4,74.6595756489902,0.2978564238730298,2.0,-3.3507869067040774,1.502609,1.590567300811669,37.432066981386,-0.34440136634178103,3.0,0.05662675770988673,0.0,-0.2216165414819628,1.759803,-0.0542456709066519,0,0.2952513169348907,0.0,-0.4577270606220621,0,0.7020524808736922
3,59.7640217105582,0.881630506299698,2.0,0.8192686430217883,1.66,0.09713957382613701,20.5268153134671,-0.7728066821352086,4.0,0.7763934996884458,0.0,-0.8726372751348435,3.0,-0.6856665493153401,1,0.012073795793753629,0.0,-0.5599681863512977,1,0.4437934060244895
5,118.929737526658,-2.2866759789966786,2.247037,0.2402021192554415,1.816197,-0.3096180906984869,27.3511839616777,0.2430470406746181,3.0,0.9602400033934887,0.0,-0.4006573726230224,2.718408,-0.17680508178032867,1,0.5048558877508207,0.763595,-0.06375484939980372,0,-0.03510566720601809
0,68.6038826787702,0.6710552085266351,2.191327795369542,-0.3588319280684758,1.637537,-0.2773042415566042,18.4090778656593,-1.6513688038189702,1.030416,0.5369884338090984,0.0,1.1489632995394785,2.118716,-0.49462267584368297,1,-0.3771269087985489,0.529259,0.1346284220549806,0,-1.0548105835401957
0,65.6913353856812,3.3829260911900825,3.0,0.43202450363723965,1.6,-1.7428013754468101,15.4187549665567,1.1739064527672214,1.0,0.694572326453227,2.0,1.0887530786332609,2.0,0.9315499642431804,0,-1.3633599987966776,1.0,0.6430502961810716,1,0.5979225729728939
3,56.0298830746444,3.127014215928335,3.0,1.5448194442438294,1.6,1.822935253847388,21.4596545573678,3.0835948069629535,4.0,-0.5626544099163205,0.0,0.3307414723935358,2.063046686477472,-0.5057399408273332,0,-0.21872736407200932,2.0,-4.6423244469119025,1,-0.1179729867449116
1,65.0831517203023,2.1027595781702644,2.252472,-0.3110313514755527,1.507106,0.16258679373072882,24.6850023580054,0.33397660228598214,3.986652,-1.477406606542499,0.890626,0.32331217085814595,1.7639299061518778,-1.4103818829800436,0,-0.7254712195212609,0.934286,-0.3226978221398012,0,-0.6648040730066053
1,76.380177322849,0.24669757283180405,2.595128,-2.1596630753170434,1.652202,1.3572095650092946,34.3519677739068,-0.9294808365631215,1.619796,-0.9207801565695299,0.999268,1.3310677369427024,1.642251,-0.5419892669436913,0,-0.7402897416206536,0.662831,0.32937564152102244,0,-0.03565031516753546
5,124.768226813366,-1.1034286077088291,3.0,0.12733437150240284,1.85,0.3257369724718247,20.3964730078234,1.2765769286434516,1.0,0.559339201621968,0.0,0.932249216947222,1.4110380588458902,2.398023511423997,1,0.6303667597030232,0.0,-4.407439622190845,0,-0.8706535413886183
2,49.9586959040634,3.23797277048104,2.714447,1.4760496587873058,1.688426,0.27366626075677575,21.5940731457215,1.466155898660596,3.0,-0.40477882473035787,1.0,-1.6808866940792342,2.0,-0.600882015950947,0,0.6932120940134813,1.903182,0.7487264935868596,1,0.4385473658119518
0,62.5664553366489,-0.02800669182629845,2.956671,-2.7617791028292134,1.548178,0.9732758744495644,37.104398713891,0.8509176313762636,2.965494,0.15784380171537293,0.54925,0.6071649875727217,2.868132,-0.29616527990272523,0,-0.07566307653306299,0.0,-8.832766304086725e-06,0,1.236476063446142
5,116.570107479516,-1.6458042730196782,1.475906,0.6373985749376307,1.769933,-0.33270921271831533,23.58936482444,-1.0298933516856414,2.999346,0.5215398870703875,0.460866,-0.684796666071175,2.01943,0.293343444916431,1,0.28654539781789384,1.046878,-0.3392421626754542,0,-0.1760541808455123
1,74.0868682653721,0.9709477029978187,3.0,1.2364102544553988,1.6597398222041555,-0.7330186752734177,17.956220637847,1.9664938151632088,3.362758,-0.7512227956470482,1.0,0.09798983452752126,2.0,-1.4172075802516433,0,-0.22299619760101688,2.892922,0.07412887044034311,0,-0.39610082919105555
4,80.09527688574,1.0739871236241307,1.754401,-1.5464470984098717,1.622787,-0.47620295026493953,23.4811782839132,-1.7196573153895345,1.0,0.15510019103112602,0.301909,1.4470154431218585,2.0,-0.033953941352487,0,-0.619197037520219,0.0,0.0012436867739507595,0,-0.8085036509022822
4,108.878994501247,-1.090288781746128,2.0,1.5766885742246144,1.797523,-0.9999492928356203,17.34705819026,-1.5037108637340024,1.941307,-0.06227371394178382,1.425852,1.2190976154147626,2.708168,-0.15905365735055696,1,-0.9599638125090402,1.0,0.3174921056703922,0,-0.4745220210860384
3,83.0403885941167,-2.024252645979689,3.0,2.6971622686760033,1.91,2.2561046043524224,27.288846481796,2.2588953374257525,3.0,-1.2435682548234508,2.0,0.16107291787678166,2.0,5.6459722867058115,1,-3.1602745612761445,2.0,3.3521073243315374,0,-1.9408190189705166
6,133.475468415903,-1.3678789509619473,3.0,0.017709117339343796,1.741925,-1.792703509648266,19.896922942210278,1.5135188565730595,3.0,-0.049256354552954434,0.662489,0.23157790182031818,2.474518,-0.2845108764311745,0,0.06343790825230995,1.560261,0.13289630064429503,0,0.24333559117540882
1,86.5905543669539,-1.0986680775018496,2.951591,0.14165851356106315,1.717775,-1.1579847651357256,23.3880715162477,0.4233276417631116,3.0,0.4160177622713232,0.947192,0.19108515401832746,2.971557,0.31965989072587253,1,0.038367679141776474,0.0,-0.048080719167773955,0,0.36882273206399374
0,67.5324732565858,1.4262394979219237,2.305889386656504,2.7498257812740894,1.61,-0.1525789205314918,21.434755367953,2.122784566555193,4.0,0.08868001138349403,2.0,0.5116310089584463,3.0,-0.9498846612715779,1,-1.6973479374258182,2.0,0.6744065084545934,0,0.4993165458856971
2,48.8304393490702,1.6071576188623786,2.674431,1.037366495320519,1.70011,-0.4444835899443358,25.175330783032,-0.2905997727927336,3.0,-1.8764440278188523,1.990617,0.050569399928469934,2.453384,-0.32162324170511586,0,-0.8045412476302218,1.321624,1.442476450057849,0,1.1097101843864252
2,44.343413870551,2.1844768023326524,2.737762,1.0023605284104606,1.584951,-1.298604638827304,17.3249386254178,0.32252317969907024,3.0,-0.001342459076271715,1.59257,-0.24575577068898627,2.310921,0.07727441895899646,0,-0.33112553415983387,2.240714,-0.2136497765039622,1,1.0227923699897805
1,84.8851357412114,-1.4936654443611648,2.031246,0.15533442573199424,1.719509,2.185084057585115,33.7125061223776,-0.8182840415753254,3.0,0.040963433874597485,0.418623,0.5815215900099722,2.803002,-1.6605870016916675,1,-0.6242425828430288,1.98448,0.44191112940270144,0,0.4178101533078797
1,89.0289090726622,-0.9403621213830323,2.0,0.26519474971278406,1.75463,-0.48775940677456386,20.6365571890349,-0.6821683199926449,2.041558,1.113581318655821,0.0,-0.09735271354610005,2.38725,0.07080143915214707,1,0.3504671169370562,0.813917,-0.13551320196428707,0,-0.3346935081433132
3,66.8590423128149,1.4515155188576276,2.0,0.30310855402180664,1.64,0.4474777640827086,21.2262800752675,-1.2549965943423147,3.0,-1.2460563049092779,1.0,-0.0861392116566955,1.0,-0.5219609664664077,1,-0.36385898169451547,0.0,-0.5041500234824846,0,-1.6029674179914712
4,98.73918826351,-0.881631399983654,2.0,1.897942725169714,1.732694,-0.4267026442779867,21.4943740856011,-1.222412661113764,2.993623,-0.7070820760709275,1.529423,0.6457864097454311,2.326635,-0.7209790002852062,1,-1.006865160239017,2.236586,0.3170451982748375,0,-0.15045820980994803
4,95.9738110169157,-1.0112569949303645,2.0,2.155115390693357,1.741353,-0.33358087068018727,21.0054341071802,-0.944676604087903,3.0,-0.35434193192226804,1.229474,0.7278148022412274,2.697661,-1.109787139266931,1,-0.9955992968768267,2.614909,0.43137933237341053,0,-0.05232395509916812
0,79.6348097963897,-1.0906968787119096,1.993101,0.4955333714796866,1.74595,-0.022241836263361917,24.969212922544,-0.3484683191667437,3.171082,0.7132298787999238,0.022245,-0.6934823668038216,2.364498,-0.2827610665120252,1,0.3788461473860084,1.224743,-0.2089850003976932,0,0.0826197577156672
4,79.6993781254803,-0.38334746177699885,2.972426,-3.30428158820648,1.615385,1.380575867212653,38.4062567143872,0.7552761059531778,3.0,-0.2680950410257532,0.0,-0.2965884072389537,1.636326,-0.24257486707415515,0,0.5365760349104154,0.0,-0.21634864436525542,0,0.5938730418539673
